Global_Session_ID,Transaction_Str
U0000_1,"Dorms,Cafeteria,Student_Center,Gym,Dorms,Cafeteria,CS_Building,Library"
U0000_10,"Dorms,CS_Building,Library,Cafeteria"
U0000_11,"Dorms,CS_Building,Student_Center,Dorms,Math_Building,Library,Dorms,Math_Building"
U0000_12,"Dorms,Math_Building,Cafeteria,Math_Building,Library,Dorms"
U0000_2,"Dorms,CS_Building,Cafeteria"
U0000_3,"Dorms,Library,Gym,Dorms,Cafeteria"
U0000_4,"Dorms,Math_Building,Student_Center,Gym"
U0000_5,"Dorms,Cafeteria,CS_Building,Library"
U0000_6,"Dorms,Cafeteria,Library,Dorms,Cafeteria,Math_Building,Dorms"
U0000_7,"Dorms,Math_Building,Library,Student_Center,Dorms,CS_Building,Cafeteria"
U0000_8,"Dorms,Cafeteria,CS_Building,Student_Center,Dorms,CS_Building,Library,Dorms,Cafeteria,CS_Building"
U0000_9,"Cafeteria,Library,Dorms,Cafeteria,CS_Building,Cafeteria,Math_Building,Library"
U0001_1,"Dorms,Cafeteria,Student_Center"
U0001_10,"Math_Building,Student_Center,Dorms,Cafeteria,Math_Building,Library,Dorms"
U0001_11,"Gym,Dorms,Math_Building,Student_Center,Dorms,CS_Building,Cafeteria,CS_Building"
U0001_12,"Dorms,Cafeteria,CS_Building,Student_Center"
U0001_13,"Dorms,CS_Building,Cafeteria,Student_Center"
U0001_14,"Library,Dorms,Math_Building,Library,Dorms,Cafeteria"
U0001_2,"Dorms,Math_Building,Cafeteria"
U0001_3,"Dorms,CS_Building,Student_Center,Library,Cafeteria,Library"
U0001_4,"Cafeteria,CS_Building,Student_Center,Dorms,Library"
U0001_5,"Library,Student_Center,Dorms,Cafeteria,Student_Center"
U0001_6,"Dorms,Library,Student_Center,Gym,Dorms,Cafeteria,Library,Dorms"
U0001_7,"Dorms,CS_Building,Library,Cafeteria,Student_Center,Dorms,CS_Building,Cafeteria,Library,Dorms,Math_Building"
U0001_8,"Dorms,Cafeteria,Library,Gym,Cafeteria,Student_Center,Library,Dorms"
U0001_9,"Student_Center,Library,Gym,Dorms,Math_Building,Student_Center,Dorms"
U0002_1,"Dorms,Library,Gym,Dorms,Cafeteria,CS_Building,Library"
U0002_10,"Dorms,Math_Building,Library"
U0002_11,"Student_Center,Gym,Cafeteria,Student_Center,Library,Dorms"
U0002_12,"Dorms,Cafeteria,Student_Center,Gym,Dorms,Math_Building,Dorms,Cafeteria,Math_Building,Cafeteria,Math_Building,Cafeteria,Math_Building,Dorms"
U0002_13,"Dorms,Cafeteria,Student_Center"
U0002_14,"Cafeteria,Math_Building,Cafeteria,CS_Building,Library"
U0002_15,"Dorms,Cafeteria,Math_Building,Library"
U0002_2,"Cafeteria,Math_Building,Cafeteria,Math_Building,Library,Student_Center,Gym,Dorms,CS_Building,Student_Center,Dorms,Cafeteria"
U0002_3,"Math_Building,Library,Cafeteria,Dorms,Cafeteria,Library,Gym,Dorms,Cafeteria,Math_Building,Student_Center"
U0002_4,"Dorms,Cafeteria,CS_Building,Library,Dorms"
U0002_5,"Library,Dorms,Library"
U0002_6,"Dorms,Cafeteria,Math_Building,Student_Center,Library,Student_Center,Dorms"
U0002_7,"Dorms,Library,Cafeteria,CS_Building"
U0002_8,"Dorms,Cafeteria,CS_Building,Student_Center,Dorms,Cafeteria"
U0002_9,"Dorms,Cafeteria,Library,Cafeteria,CS_Building,Student_Center,Library,Gym"
U0003_1,"Dorms,Library,Dorms"
U0003_10,"CS_Building,Library,Cafeteria,CS_Building,Library,Cafeteria,CS_Building"
U0003_11,"Dorms,Cafeteria,CS_Building"
U0003_12,"Gym,Dorms,Cafeteria,Library,Dorms,Cafeteria,Library"
U0003_13,"CS_Building,Library,Cafeteria"
U0003_2,"Dorms,Cafeteria,Library,Dorms,Cafeteria,CS_Building"
U0003_3,"Dorms,Math_Building,Dorms,Library,Student_Center,Library,Gym"
U0003_4,"Cafeteria,Library,Cafeteria"
U0003_5,"Dorms,Cafeteria,Student_Center,Library,Cafeteria,Dorms,CS_Building,Library,Cafeteria,Math_Building,Dorms,Cafeteria"
U0003_6,"Dorms,Math_Building,Student_Center,Library,Gym"
U0003_7,"Dorms,Cafeteria,Student_Center,Library,Cafeteria,Math_Building,Dorms,Cafeteria"
U0003_8,"Cafeteria,Math_Building,Library,Cafeteria,CS_Building,Library,Cafeteria"
U0003_9,"Dorms,CS_Building,Library,Dorms,Math_Building,Student_Center,Library,Cafeteria"
U0004_1,"Cafeteria,Library,Cafeteria,CS_Building,Library,Dorms,CS_Building,Library,Dorms,Math_Building,Library,Cafeteria,Library,Gym,Dorms"
U0004_10,"Dorms,Math_Building,Dorms"
U0004_11,"Dorms,Cafeteria,Math_Building,Dorms,CS_Building,Student_Center,Dorms,Math_Building"
U0004_12,"Cafeteria,CS_Building,Student_Center,Library,Cafeteria,CS_Building"
U0004_13,"Dorms,Cafeteria,Math_Building,Cafeteria,Math_Building"
U0004_14,"Dorms,Math_Building,Student_Center,Library"
U0004_2,"Dorms,Cafeteria,Math_Building,Student_Center,Dorms,Cafeteria"
U0004_3,"Dorms,Cafeteria,CS_Building,Library,Dorms,Cafeteria,Library,Dorms"
U0004_4,"Dorms,Math_Building,Student_Center,Dorms,CS_Building,Student_Center,Gym"
U0004_5,"Dorms,Cafeteria,CS_Building,Library"
U0004_6,"Dorms,CS_Building,Library,Student_Center"
U0004_7,"Dorms,Cafeteria,CS_Building,Library"
U0004_8,"Math_Building,Library,Cafeteria,CS_Building,Library,Gym"
U0004_9,"Dorms,CS_Building,Student_Center,Gym,Dorms,Cafeteria"
U0005_1,"Dorms,Math_Building,Cafeteria"
U0005_10,"Dorms,Library,Gym,Dorms,Cafeteria,CS_Building,Student_Center,Dorms"
U0005_11,"Dorms,Cafeteria,Math_Building,Student_Center,Dorms"
U0005_12,"Math_Building,Cafeteria,Math_Building,Library"
U0005_13,"Dorms,Cafeteria,CS_Building,Dorms,Cafeteria,Student_Center,Library,Cafeteria,Dorms,Math_Building,Cafeteria,Library"
U0005_2,"Dorms,Cafeteria,CS_Building,Cafeteria,CS_Building,Student_Center,Gym,Cafeteria"
U0005_3,"Dorms,CS_Building,Student_Center,Library,Student_Center,Dorms,CS_Building,Student_Center"
U0005_4,"Dorms,Cafeteria,Library,Student_Center,Library,Dorms"
U0005_5,"Dorms,Cafeteria,Math_Building,Library,Student_Center,Dorms"
U0005_6,"Cafeteria,CS_Building,Dorms"
U0005_7,"Dorms,CS_Building,Library,Gym,Dorms,Math_Building,Library,Cafeteria"
U0005_8,"Dorms,Cafeteria,Math_Building,Student_Center,Dorms,CS_Building"
U0005_9,"Dorms,Cafeteria,CS_Building,Library,Gym,Dorms,CS_Building,Student_Center"
U0006_1,"Dorms,CS_Building,Cafeteria"
U0006_10,"Dorms,Cafeteria,CS_Building,Library,Cafeteria"
U0006_11,"Math_Building,Student_Center,Dorms,CS_Building"
U0006_2,"Dorms,Cafeteria,CS_Building,Dorms,Library,Cafeteria"
U0006_3,"Gym,Cafeteria,CS_Building,Student_Center,Gym,Dorms,CS_Building"
U0006_4,"Dorms,Library,Student_Center,Gym,Dorms,Math_Building,Dorms,Cafeteria"
U0006_5,"Dorms,Cafeteria,Math_Building,Library,Cafeteria,CS_Building,Student_Center,Dorms,Math_Building,Library"
U0006_6,"Dorms,CS_Building,Cafeteria,CS_Building,Student_Center,Gym,Dorms"
U0006_7,"Dorms,Cafeteria,Library,Cafeteria,Library,Dorms"
U0006_8,"Student_Center,Gym,Cafeteria,CS_Building,Cafeteria,Dorms,Cafeteria,Math_Building,Dorms"
U0006_9,"Library,Gym,Dorms,Cafeteria,Library,Cafeteria,CS_Building,Library"
U0007_1,"Dorms,Library,Gym,Dorms,Cafeteria"
U0007_10,"Dorms,Cafeteria,CS_Building,Library,Dorms,Cafeteria,Math_Building,Cafeteria"
U0007_11,"Dorms,Cafeteria,CS_Building,Library,Dorms,Math_Building,Library"
U0007_12,"CS_Building,Library,Dorms,Math_Building,Dorms,Math_Building,Dorms,Cafeteria"
U0007_13,"Dorms,Cafeteria,Library,Dorms,Math_Building,Student_Center"
U0007_2,"Dorms,Library,Dorms"
U0007_3,"Dorms,Cafeteria,Student_Center,Dorms,Library"
U0007_4,"Library,Dorms,CS_Building,Library,Cafeteria,CS_Building"
U0007_5,"Library,Gym,Dorms,Cafeteria,Student_Center"
U0007_6,"Dorms,Library,Student_Center,Dorms,Cafeteria,Library"
U0007_7,"Gym,Dorms,Math_Building,Library,Cafeteria,Math_Building,Student_Center"
U0007_8,"Dorms,Math_Building,Cafeteria,CS_Building,Student_Center,Dorms,Cafeteria,Student_Center"
U0007_9,"Dorms,Cafeteria,Math_Building,Cafeteria,Math_Building,Library,Dorms,CS_Building"
U0008_1,"Dorms,CS_Building,Cafeteria,CS_Building"
U0008_10,"Dorms,Cafeteria,CS_Building,Library"
U0008_11,"Dorms,CS_Building,Cafeteria,Math_Building,Student_Center,Library"
U0008_12,"Dorms,Cafeteria,CS_Building,Library,Dorms,Cafeteria,Math_Building,Dorms,Cafeteria,Math_Building,Student_Center"
U0008_13,"CS_Building,Student_Center,Dorms,Library,Dorms"
U0008_14,"Dorms,Cafeteria,Math_Building,Student_Center,Library,Cafeteria"
U0008_2,"Library,Cafeteria,CS_Building,Cafeteria"
U0008_3,"Student_Center,Gym,Dorms"
U0008_4,"Math_Building,Cafeteria,Math_Building,Student_Center"
U0008_5,"Dorms,Math_Building,Library,Student_Center,Gym,Dorms"
U0008_6,"Dorms,CS_Building,Library,Cafeteria"
U0008_7,"Dorms,Cafeteria,Library,Gym,Dorms"
U0008_8,"Math_Building,Student_Center,Dorms,Library,Cafeteria,Library,Dorms,Cafeteria"
U0008_9,"Library,Dorms,Math_Building"
U0009_1,"Dorms,Library,Cafeteria,Student_Center,Library"
U0009_10,"Cafeteria,CS_Building,Library,Gym,Dorms,Math_Building,Student_Center"
U0009_11,"Dorms,Cafeteria,Math_Building,Student_Center,Library,Cafeteria"
U0009_12,"Dorms,Math_Building,Library"
U0009_13,"Dorms,Cafeteria,Library,Dorms,CS_Building,Library"
U0009_14,"Dorms,CS_Building,Dorms,CS_Building,Student_Center"
U0009_15,"Dorms,Cafeteria,CS_Building,Student_Center,Gym"
U0009_16,"Student_Center,Library,Cafeteria,Math_Building,Library,Dorms,Math_Building,Student_Center"
U0009_17,"Dorms,Math_Building,Dorms,Cafeteria"
U0009_2,"Student_Center,Gym,Dorms,Math_Building,Dorms,Cafeteria"
U0009_3,"Dorms,CS_Building,Cafeteria,Library,Gym,Dorms,Math_Building"
U0009_4,"Gym,Dorms,Cafeteria,CS_Building,Library,Dorms"
U0009_5,"Math_Building,Student_Center,Library,Cafeteria,CS_Building,Library,Cafeteria"
U0009_6,"Dorms,Cafeteria,Student_Center,Dorms,Library,Dorms,Cafeteria,Math_Building"
U0009_7,"Dorms,Cafeteria,CS_Building,Cafeteria,Math_Building,Student_Center"
U0009_8,"Dorms,Math_Building,Library,Dorms,Cafeteria,CS_Building,Student_Center"
U0009_9,"Dorms,CS_Building,Cafeteria,CS_Building,Student_Center"
U0010_1,"Dorms,Cafeteria,Student_Center,Gym,Dorms,Math_Building"
U0010_10,"Dorms,Math_Building,Library"
U0010_11,"Dorms,Cafeteria,CS_Building,Library,Cafeteria"
U0010_2,"CS_Building,Student_Center,Dorms,Math_Building"
U0010_3,"Cafeteria,Library,Gym,Dorms,Cafeteria,CS_Building,Library,Dorms,Cafeteria,Student_Center,Library"
U0010_4,"Student_Center,Dorms,Cafeteria,Math_Building"
U0010_5,"Cafeteria,Student_Center,Library,Student_Center,Gym,Dorms"
U0010_6,"Dorms,Cafeteria,Library,Dorms,Math_Building,Dorms"
U0010_7,"Dorms,Math_Building,Student_Center"
U0010_8,"Dorms,Cafeteria,CS_Building,Student_Center,Dorms,Library,Dorms,Math_Building"
U0010_9,"Dorms,Math_Building,Dorms,Cafeteria"
U0011_1,"Gym,Dorms,Library"
U0011_10,"Library,Dorms,Cafeteria,Math_Building"
U0011_2,"Dorms,Library,Dorms,Cafeteria,Math_Building,Student_Center"
U0011_3,"Dorms,CS_Building,Library"
U0011_4,"Dorms,CS_Building,Library,Cafeteria,Library,Dorms,Dorms,Library,Cafeteria,Math_Building"
U0011_5,"Dorms,Cafeteria,CS_Building,Library"
U0011_6,"Dorms,Cafeteria,CS_Building,Cafeteria,Math_Building,Library,Dorms,Cafeteria,Dorms,Math_Building,Cafeteria,CS_Building,Student_Center,Library,Cafeteria"
U0011_7,"Dorms,Math_Building,Library,Dorms,Cafeteria,CS_Building,Library,Student_Center"
U0011_8,"Dorms,Library,Dorms,Cafeteria,Math_Building,Student_Center,Gym"
U0011_9,"Dorms,Cafeteria,CS_Building,Library,Gym"
U0012_1,"CS_Building,Cafeteria,Student_Center"
U0012_10,"Dorms,Math_Building,Cafeteria,CS_Building,Library,Gym,Dorms,Cafeteria"
U0012_11,"Dorms,Cafeteria,Library,Cafeteria,Student_Center"
U0012_12,"Dorms,Cafeteria,CS_Building,Library,Gym,Cafeteria,CS_Building,Dorms,Math_Building,Dorms,CS_Building,Library"
U0012_13,"Dorms,CS_Building,Library,Dorms,Cafeteria"
U0012_14,"Cafeteria,CS_Building,Student_Center,Library,Dorms,Cafeteria"
U0012_15,"Dorms,CS_Building,Student_Center,Library"
U0012_2,"Dorms,Cafeteria,Math_Building,Student_Center"
U0012_3,"Dorms,Math_Building,Library,Student_Center"
U0012_4,"Dorms,CS_Building,Student_Center,Gym,Dorms,CS_Building,Library"
U0012_5,"Math_Building,Library,Gym,Dorms,CS_Building,Cafeteria,Library,Dorms"
U0012_6,"Gym,Dorms,Cafeteria,Math_Building,Cafeteria,Library"
U0012_7,"Cafeteria,Library,Cafeteria,Math_Building"
U0012_8,"Dorms,Library,Cafeteria"
U0012_9,"Dorms,Math_Building,Library"
U0013_1,"Dorms,Math_Building,Library,Gym"
U0013_10,"Student_Center,Gym,Cafeteria,CS_Building,Dorms,Math_Building"
U0013_11,"Dorms,Math_Building,Library,Gym,Dorms,Math_Building"
U0013_12,"Student_Center,Dorms,Cafeteria,CS_Building"
U0013_13,"Dorms,Cafeteria,Math_Building"
U0013_14,"Dorms,Cafeteria,Library,Cafeteria,Student_Center,Gym,Dorms,CS_Building"
U0013_2,"Dorms,Cafeteria,Library,Cafeteria,Math_Building,Library"
U0013_3,"Dorms,Library,Cafeteria,Math_Building,Student_Center"
U0013_4,"CS_Building,Cafeteria,CS_Building,Student_Center,Gym"
U0013_5,"Dorms,Library,Cafeteria,Math_Building,Library"
U0013_6,"Gym,Cafeteria,CS_Building,Student_Center,Dorms,CS_Building,Student_Center"
U0013_7,"Dorms,CS_Building,Library,Cafeteria"
U0013_8,"CS_Building,Library,Cafeteria,Library,Dorms"
U0013_9,"Dorms,Cafeteria,Library,Cafeteria"
U0014_1,"Library,Cafeteria,CS_Building,Library,Student_Center,Gym,Dorms"
U0014_10,"Student_Center,Library,Cafeteria,Student_Center,Dorms,Cafeteria,Math_Building"
U0014_11,"Dorms,Cafeteria,Math_Building,Dorms,Cafeteria"
U0014_2,"Dorms,Math_Building,Student_Center,Dorms,Cafeteria,Student_Center"
U0014_3,"Dorms,Math_Building,Dorms"
U0014_4,"Dorms,CS_Building,Student_Center,Dorms,Cafeteria,Library,Dorms"
U0014_5,"Library,Dorms,CS_Building,Student_Center,Library,Gym"
U0014_6,"Dorms,CS_Building,Library,Dorms,Cafeteria"
U0014_7,"Dorms,Library,Dorms,Math_Building,Student_Center,Dorms,Cafeteria,CS_Building,Library,Dorms,Cafeteria,Dorms,Cafeteria,Student_Center,Dorms,Cafeteria,CS_Building"
U0014_8,"Dorms,Cafeteria,CS_Building,Student_Center"
U0014_9,"Math_Building,Library,Cafeteria,CS_Building,Library,Dorms,Math_Building"
U0015_1,"Dorms,Library,Cafeteria"
U0015_10,"CS_Building,Library,Cafeteria,Library,Dorms,Math_Building"
U0015_11,"Gym,Dorms,Math_Building,Student_Center,Library,Dorms,Library,Cafeteria"
U0015_12,"Library,Dorms,Math_Building,Cafeteria,CS_Building,Library"
U0015_2,"Student_Center,Dorms,Cafeteria,Math_Building,Dorms,Math_Building,Cafeteria,CS_Building"
U0015_3,"Dorms,Library,Gym,Dorms"
U0015_4,"Dorms,Cafeteria,CS_Building,Student_Center,Gym"
U0015_5,"Dorms,Cafeteria,Student_Center,Dorms,CS_Building,Library,Cafeteria"
U0015_6,"Dorms,Cafeteria,CS_Building,Dorms,CS_Building,Library,Dorms,Cafeteria,Dorms,CS_Building,Student_Center,Library,Student_Center,Gym,Dorms"
U0015_7,"Dorms,Math_Building,Library"
U0015_8,"Dorms,Library,Cafeteria,CS_Building,Dorms,Cafeteria,Library,Dorms,Cafeteria,Dorms,Cafeteria,Library,Dorms,CS_Building,Student_Center,Library,Gym"
U0015_9,"Math_Building,Student_Center,Gym,Dorms,CS_Building"
U0016_1,"Dorms,Math_Building,Library,Cafeteria,Student_Center,Dorms,Library"
U0016_10,"Dorms,Cafeteria,CS_Building,Cafeteria,CS_Building,Dorms,Math_Building,Dorms"
U0016_11,"Math_Building,Dorms,Cafeteria,Student_Center,Gym,Dorms,Library"
U0016_12,"Dorms,Cafeteria,Math_Building,Dorms,Cafeteria,Math_Building,Library,Gym"
U0016_13,"CS_Building,Library,Dorms,CS_Building,Library,Student_Center,Gym"
U0016_14,"Dorms,Math_Building,Student_Center,Gym,Dorms,Cafeteria,CS_Building"
U0016_15,"Dorms,Math_Building,Student_Center,Dorms"
U0016_16,"Dorms,Cafeteria,Library,Student_Center,Library,Cafeteria,Library"
U0016_17,"Dorms,CS_Building,Dorms,Cafeteria,Math_Building,Cafeteria"
U0016_2,"Dorms,Math_Building,Library,Cafeteria,Library,Gym,Dorms,Cafeteria,Dorms,Math_Building,Cafeteria,Library,Gym,Dorms,Cafeteria"
U0016_3,"Gym,Dorms,Cafeteria,Math_Building,Library"
U0016_4,"Dorms,Math_Building,Cafeteria,CS_Building,Cafeteria,Student_Center,Library"
U0016_5,"Student_Center,Dorms,Cafeteria,CS_Building,Student_Center,Gym,Dorms,Cafeteria"
U0016_6,"Gym,Dorms,Math_Building,Student_Center,Library,Dorms,CS_Building,Library"
U0016_7,"Dorms,Cafeteria,Library,Dorms,CS_Building,Library,Gym,Dorms"
U0016_8,"Dorms,Cafeteria,CS_Building,Student_Center,Dorms,Math_Building,Library"
U0016_9,"Dorms,Cafeteria,CS_Building,Cafeteria,CS_Building"
U0017_1,"Dorms,Cafeteria,Library,Dorms,Cafeteria"
U0017_10,"Dorms,Library,Cafeteria"
U0017_11,"Dorms,Cafeteria,Student_Center,Dorms,Cafeteria,Library"
U0017_12,"Dorms,Cafeteria,CS_Building,Library,Cafeteria,CS_Building,Student_Center,Dorms"
U0017_2,"Dorms,Math_Building,Library,Dorms,Cafeteria,Library"
U0017_3,"Dorms,Math_Building,Library,Dorms,CS_Building,Cafeteria"
U0017_4,"Dorms,Cafeteria,Math_Building,Library"
U0017_5,"Dorms,Cafeteria,CS_Building,Library,Dorms"
U0017_6,"Dorms,Math_Building,Student_Center,Dorms,Math_Building"
U0017_7,"Dorms,Cafeteria,Math_Building,Student_Center"
U0017_8,"Gym,Dorms,Library,Dorms,CS_Building"
U0017_9,"Dorms,Cafeteria,Math_Building,Cafeteria,CS_Building,Library,Cafeteria"
U0018_1,"Dorms,CS_Building,Dorms,CS_Building,Library,Cafeteria,Student_Center,Dorms"
U0018_10,"Dorms,Library,Gym,Cafeteria,Library,Student_Center,Library"
U0018_11,"Dorms,CS_Building,Cafeteria,Library,Dorms,Cafeteria"
U0018_12,"Gym,Cafeteria,Math_Building,Student_Center,Dorms"
U0018_2,"Dorms,CS_Building,Student_Center,Library,Cafeteria,CS_Building,Dorms"
U0018_3,"Dorms,CS_Building,Cafeteria,Math_Building,Student_Center,Gym"
U0018_4,"CS_Building,Cafeteria,CS_Building,Student_Center,Gym,Dorms,Cafeteria,CS_Building"
U0018_5,"Dorms,Cafeteria,Math_Building,Dorms,Cafeteria,Library,Cafeteria,Math_Building"
U0018_6,"Student_Center,Dorms,Cafeteria,Math_Building,Library,Gym,Cafeteria,Math_Building,Dorms,Cafeteria,Library,Cafeteria,Math_Building,Cafeteria,Math_Building,Library"
U0018_7,"Dorms,Cafeteria,CS_Building,Cafeteria"
U0018_8,"Dorms,Cafeteria,CS_Building,Library,Cafeteria,CS_Building,Library,Dorms"
U0018_9,"Dorms,CS_Building,Student_Center"
U0019_1,"Dorms,Math_Building,Cafeteria,Library,Dorms,CS_Building,Library,Gym,Cafeteria,Math_Building,Cafeteria,Student_Center,Dorms,Math_Building,Student_Center,Library,Cafeteria,CS_Building,Student_Center"
U0019_10,"Dorms,Cafeteria,CS_Building"
U0019_11,"Dorms,CS_Building,Student_Center,Library,Dorms,CS_Building,Cafeteria"
U0019_2,"Dorms,Cafeteria,Student_Center,Dorms,Dorms,Cafeteria,Math_Building,Library,Cafeteria,CS_Building,Library,Cafeteria"
U0019_3,"Dorms,Math_Building,Dorms,CS_Building,Library,Cafeteria"
U0019_4,"Dorms,Cafeteria,Math_Building,Dorms,Cafeteria,CS_Building,Cafeteria"
U0019_5,"Dorms,Cafeteria,Student_Center,Gym,Dorms,Cafeteria,Math_Building,Dorms,Math_Building,Library,Dorms,CS_Building,Student_Center,Dorms"
U0019_6,"Dorms,CS_Building,Cafeteria,Library,Gym,Dorms"
U0019_7,"Dorms,Cafeteria,Math_Building,Library,Dorms,Cafeteria,CS_Building"
U0019_8,"Dorms,Cafeteria,Library,Gym,Dorms,Cafeteria,CS_Building"
U0019_9,"Dorms,Cafeteria,Library,Cafeteria"
U0020_1,"Dorms,CS_Building,Student_Center,Gym,Dorms,CS_Building,Library"
U0020_10,"Dorms,CS_Building,Dorms,Cafeteria"
U0020_11,"Dorms,Cafeteria,CS_Building,Cafeteria,Math_Building,Dorms,CS_Building,Library,Cafeteria,CS_Building,Library"
U0020_2,"Dorms,Cafeteria,CS_Building,Library"
U0020_3,"Dorms,Cafeteria,CS_Building"
U0020_4,"Dorms,Cafeteria,Math_Building,Student_Center"
U0020_5,"Dorms,Math_Building,Library"
U0020_6,"Dorms,CS_Building,Student_Center,Gym"
U0020_7,"Dorms,Math_Building,Student_Center,Dorms,Math_Building,Student_Center,Dorms"
U0020_8,"Gym,Cafeteria,Math_Building"
U0020_9,"Dorms,Cafeteria,Library,Student_Center,Dorms,Cafeteria,Library"
U0021_1,"Dorms,Cafeteria,Math_Building,Cafeteria,Math_Building,Cafeteria,CS_Building"
U0021_10,"Dorms,Cafeteria,Library,Dorms,Cafeteria"
U0021_11,"Library,Student_Center,Gym"
U0021_12,"Dorms,CS_Building,Library,Student_Center"
U0021_13,"Student_Center,Library,Gym,Dorms,CS_Building,Library"
U0021_14,"Cafeteria,Math_Building,Cafeteria,CS_Building,Dorms,Cafeteria,Math_Building"
U0021_15,"Dorms,CS_Building,Student_Center,Dorms,Cafeteria,Math_Building,Student_Center,Dorms"
U0021_2,"Dorms,CS_Building,Student_Center,Dorms,Math_Building,Cafeteria"
U0021_3,"Math_Building,Library,Gym,Dorms"
U0021_4,"Dorms,Math_Building,Dorms,CS_Building,Library,Dorms,CS_Building,Cafeteria"
U0021_5,"Dorms,Cafeteria,Library,Gym"
U0021_6,"Dorms,Cafeteria,Math_Building,Library,Cafeteria"
U0021_7,"Dorms,Cafeteria,Library,Gym,Cafeteria,Student_Center,Dorms,Cafeteria,Dorms,Cafeteria,CS_Building,Library,Gym,Dorms,Cafeteria,Math_Building"
U0021_8,"Dorms,Cafeteria,Library,Dorms,Math_Building,Library,Gym,Dorms"
U0021_9,"Dorms,CS_Building,Cafeteria,Math_Building,Student_Center,Gym"
U0022_1,"Dorms,Cafeteria,Library,Cafeteria,Math_Building,Student_Center,Gym,Dorms"
U0022_10,"CS_Building,Library,Dorms"
U0022_11,"Dorms,Cafeteria,Library,Cafeteria,Math_Building,Library,Cafeteria"
U0022_12,"Dorms,Math_Building,Student_Center,Gym,Dorms,Math_Building,Dorms,CS_Building,Student_Center,Gym"
U0022_2,"Dorms,Math_Building,Dorms,Cafeteria,Math_Building,Dorms,Library,Gym"
U0022_3,"Dorms,Cafeteria,Math_Building,Cafeteria"
U0022_4,"Dorms,Cafeteria,Library,Dorms"
U0022_5,"Dorms,Cafeteria,CS_Building,Student_Center,Library,Cafeteria,CS_Building,Student_Center,Dorms,Cafeteria,Math_Building"
U0022_6,"Student_Center,Dorms,Cafeteria,CS_Building,Library,Student_Center"
U0022_7,"Dorms,Cafeteria,Library,Cafeteria,Math_Building,Student_Center"
U0022_8,"Dorms,Library,Gym,Dorms,Math_Building,Library,Dorms,Cafeteria,CS_Building,Student_Center,Library"
U0022_9,"Dorms,CS_Building,Student_Center,Dorms,Cafeteria,Math_Building,Student_Center,Gym"
U0023_1,"Dorms,Cafeteria,CS_Building,Cafeteria,Math_Building,Cafeteria,Dorms,Cafeteria,Student_Center"
U0023_2,"Dorms,Math_Building,Cafeteria,Math_Building,Dorms,Cafeteria,CS_Building,Library"
U0023_3,"Dorms,Cafeteria,CS_Building,Cafeteria,Student_Center,Dorms,Cafeteria,Student_Center"
U0023_4,"Math_Building,Library,Cafeteria,Math_Building,Library,Student_Center,Library,Dorms,Dorms,Cafeteria,Math_Building,Cafeteria,Library,Dorms"
U0023_5,"Dorms,Math_Building,Cafeteria,CS_Building"
U0023_6,"Dorms,Cafeteria,Math_Building,Student_Center,Library,Gym"
U0023_7,"Dorms,Library,Dorms,CS_Building,Library,Cafeteria,CS_Building,Dorms,Cafeteria,CS_Building,Student_Center,Library"
U0023_8,"Dorms,Library,Cafeteria,CS_Building,Student_Center,Gym,Dorms"
U0023_9,"Dorms,CS_Building,Library,Cafeteria"
U0024_1,"Gym,Dorms,Library,Gym,Cafeteria"
U0024_10,"Dorms,Cafeteria,CS_Building,Student_Center,Library,Dorms,Cafeteria,CS_Building"
U0024_11,"Dorms,Cafeteria,Library"
U0024_12,"Dorms,Cafeteria,CS_Building,Cafeteria,Math_Building,Library"
U0024_13,"Dorms,Math_Building,Dorms,Cafeteria,Library,Student_Center,Gym"
U0024_14,"Dorms,CS_Building,Student_Center,Gym,Dorms"
U0024_15,"Dorms,Cafeteria,Library,Gym,Dorms,Math_Building,Student_Center,Gym"
U0024_2,"Dorms,Library,Dorms,Cafeteria,CS_Building"
U0024_3,"Dorms,CS_Building,Student_Center,Dorms,CS_Building,Library"
U0024_4,"Math_Building,Student_Center,Gym,Cafeteria,Math_Building,Student_Center"
U0024_5,"Dorms,Math_Building,Student_Center,Dorms"
U0024_6,"Dorms,Cafeteria,Math_Building,Gym,Dorms,Cafeteria,Library"
U0024_7,"Dorms,Cafeteria,Math_Building,Student_Center,Gym,Cafeteria,Math_Building"
U0024_8,"Dorms,Cafeteria,Math_Building"
U0024_9,"Dorms,Math_Building,Dorms,CS_Building,Library"
U0025_1,"Dorms,Cafeteria,Student_Center"
U0025_10,"Dorms,Cafeteria,CS_Building,Library,Dorms"
U0025_11,"CS_Building,Library,Dorms,Cafeteria,Library,Dorms,Cafeteria,Math_Building"
U0025_12,"Dorms,Library,Dorms,Cafeteria,Library,Cafeteria,Dorms,Cafeteria,Math_Building,Library,Dorms,Math_Building,Dorms,Cafeteria,Dorms,Math_Building,Dorms,Cafeteria,Math_Building,Student_Center"
U0025_2,"Dorms,Math_Building,Student_Center,Library,Dorms,CS_Building,Library,Cafeteria"
U0025_3,"Dorms,Cafeteria,Student_Center,Gym"
U0025_4,"Dorms,Math_Building,Student_Center,Library"
U0025_5,"Gym,Cafeteria,Math_Building,Dorms,Cafeteria,Student_Center,Dorms,CS_Building,Student_Center,Library,Cafeteria"
U0025_6,"Math_Building,Library,Dorms,Cafeteria"
U0025_7,"Dorms,CS_Building,Student_Center,Library,Gym,Cafeteria"
U0025_8,"Dorms,Cafeteria,CS_Building,Library,Dorms,CS_Building,CS_Building,Library,Cafeteria,Library"
U0025_9,"Dorms,Cafeteria,CS_Building,Cafeteria"
U0026_1,"Dorms,Cafeteria,CS_Building,Cafeteria,CS_Building,Student_Center"
U0026_10,"Student_Center,Gym,Dorms,CS_Building,Cafeteria,CS_Building,Student_Center"
U0026_11,"Dorms,Cafeteria,Math_Building,Student_Center,Gym"
U0026_12,"Gym,Cafeteria,Student_Center,Dorms,Cafeteria,Library"
U0026_13,"Math_Building,Dorms,Cafeteria,CS_Building,Dorms"
U0026_14,"Dorms,Math_Building,Student_Center,Library,Dorms,CS_Building,Student_Center,Dorms"
U0026_2,"Dorms,Cafeteria,CS_Building,Student_Center,Dorms,CS_Building"
U0026_3,"Dorms,Math_Building,Library,Cafeteria,CS_Building,Library,CS_Building,Student_Center,Dorms,Cafeteria,CS_Building"
U0026_4,"Dorms,Cafeteria,Math_Building"
U0026_5,"Dorms,Math_Building,Dorms,Cafeteria"
U0026_6,"Dorms,Cafeteria,CS_Building"
U0026_7,"Dorms,Math_Building,Cafeteria,Library,Dorms,Cafeteria"
U0026_8,"Dorms,Cafeteria,Math_Building,Library"
U0026_9,"Library,Student_Center,Dorms,Library"
U0027_1,"Dorms,Cafeteria,Math_Building,Library,CS_Building,Library,Cafeteria,CS_Building,Library,Dorms,Cafeteria"
U0027_10,"Dorms,CS_Building,Student_Center,Dorms,CS_Building,Library"
U0027_11,"Dorms,Cafeteria,CS_Building"
U0027_12,"Dorms,Cafeteria,CS_Building,Library,Student_Center,Library,Dorms"
U0027_13,"Dorms,Cafeteria,CS_Building,Dorms,Cafeteria"
U0027_2,"Dorms,Cafeteria,CS_Building,Student_Center,Gym"
U0027_3,"Dorms,Math_Building,Student_Center,Library"
U0027_4,"Dorms,Cafeteria,CS_Building,Student_Center,Dorms,Library,Dorms"
U0027_5,"Dorms,Math_Building,Library,Dorms,CS_Building,Dorms,Math_Building,Cafeteria"
U0027_6,"Dorms,Library,Cafeteria,CS_Building"
U0027_7,"Student_Center,Dorms,CS_Building,Student_Center,Library,Cafeteria"
U0027_8,"Gym,Dorms,CS_Building"
U0027_9,"Dorms,Cafeteria,CS_Building,Library,Cafeteria,Math_Building,Dorms"
U0028_1,"Dorms,CS_Building,Student_Center,Dorms,Cafeteria,CS_Building"
U0028_10,"Dorms,Cafeteria,Library,Dorms,Cafeteria,Math_Building"
U0028_11,"Dorms,CS_Building,Library,Gym,Cafeteria,Dorms,Library,Cafeteria,Math_Building,Cafeteria,Math_Building"
U0028_2,"Dorms,CS_Building,Library,Dorms,Math_Building"
U0028_3,"Math_Building,Student_Center,Library,Cafeteria,CS_Building"
U0028_4,"Dorms,Math_Building,Dorms,CS_Building,Cafeteria,CS_Building,Dorms,Cafeteria,CS_Building,Cafeteria"
U0028_5,"Dorms,Cafeteria,Student_Center,Dorms,Cafeteria,CS_Building"
U0028_6,"Dorms,Math_Building,Student_Center"
U0028_7,"Dorms,Cafeteria,Library,Dorms,Cafeteria,Student_Center,Dorms,Cafeteria"
U0028_8,"Dorms,Library,Dorms,Cafeteria,CS_Building"
U0028_9,"Dorms,Cafeteria,Math_Building,Dorms,Cafeteria,CS_Building"
U0029_1,"Dorms,Cafeteria,CS_Building,Library,Cafeteria,Library"
U0029_2,"Dorms,Cafeteria,Math_Building,Student_Center,Gym,Dorms"
U0029_3,"Dorms,Math_Building,Student_Center,Dorms,CS_Building,Dorms,Cafeteria,Dorms,Cafeteria,CS_Building,Library,Cafeteria,CS_Building,Student_Center,Library"
U0029_4,"Student_Center,Gym,Dorms,CS_Building,Library,Cafeteria,Math_Building,Student_Center"
U0029_5,"Student_Center,Library,Student_Center,Dorms,Cafeteria,CS_Building"
U0029_6,"Dorms,CS_Building,Student_Center,Dorms,Library,Gym,Dorms,Cafeteria,CS_Building,Library"
U0029_7,"Gym,Dorms,Cafeteria,CS_Building,Dorms,CS_Building,Dorms"
U0029_8,"Dorms,Cafeteria,Math_Building"
U0029_9,"Dorms,Cafeteria,Math_Building,Cafeteria,Math_Building,Student_Center,Library"
U0030_1,"Cafeteria,CS_Building,Library,Cafeteria,Student_Center,Library,Gym,Dorms,Dorms,Cafeteria,CS_Building,Library"
U0030_10,"Dorms,Cafeteria,Student_Center,Dorms,Math_Building,Student_Center,Dorms"
U0030_11,"Dorms,Cafeteria,Library,Cafeteria,Library,Cafeteria"
U0030_12,"Dorms,Math_Building,Dorms,Library"
U0030_13,"Dorms,Math_Building,Library"
U0030_14,"Dorms,Cafeteria,CS_Building,Library,Dorms,Cafeteria"
U0030_15,"Dorms,Cafeteria,CS_Building,Student_Center"
U0030_2,"Dorms,CS_Building,Student_Center,Library,Student_Center,Dorms,Cafeteria"
U0030_3,"Math_Building,Dorms,Math_Building,Library"
U0030_4,"Dorms,Cafeteria,Math_Building,Student_Center,Library,Dorms,Library"
U0030_5,"Dorms,CS_Building,Student_Center,Dorms,Cafeteria,Math_Building,Library,Gym"
U0030_6,"Dorms,CS_Building,Dorms,Cafeteria,Math_Building,Library"
U0030_7,"Dorms,CS_Building,Student_Center,Gym,Cafeteria,CS_Building"
U0030_8,"CS_Building,Library,Gym,Dorms,Cafeteria,CS_Building,Library"
U0030_9,"CS_Building,Library,Dorms,CS_Building"
U0031_1,"Dorms,Math_Building,Cafeteria,CS_Building,Library"
U0031_10,"Gym,Dorms,Cafeteria,Math_Building"
U0031_11,"Dorms,Cafeteria,Library"
U0031_12,"Dorms,CS_Building,Library"
U0031_2,"Library,Dorms,CS_Building,Student_Center,Dorms,Math_Building,Library,Dorms,Math_Building,Library,Student_Center,Dorms"
U0031_3,"Dorms,Math_Building,Student_Center,Library,Cafeteria,CS_Building,Dorms"
U0031_4,"Math_Building,Student_Center,Gym,Dorms,Library,Gym,Dorms"
U0031_5,"Dorms,Cafeteria,CS_Building"
U0031_6,"Dorms,Cafeteria,Library,Student_Center,Library,Dorms,Library,Dorms"
U0031_7,"Dorms,Cafeteria,Student_Center"
U0031_8,"Dorms,Math_Building,Dorms"
U0031_9,"Dorms,Cafeteria,Library,Dorms,Math_Building,Dorms,Dorms,Math_Building,Dorms"
U0032_1,"Student_Center,Library,Cafeteria,CS_Building,Cafeteria,Math_Building,Library,Student_Center,Dorms,Library,Dorms"
U0032_10,"Cafeteria,Math_Building,Cafeteria"
U0032_2,"Dorms,Math_Building,Student_Center"
U0032_3,"Dorms,Cafeteria,Math_Building,Library,Cafeteria,CS_Building"
U0032_4,"Dorms,Library,Cafeteria,Math_Building"
U0032_5,"CS_Building,Library,Gym,Dorms,Cafeteria,Math_Building,Dorms,Cafeteria"
U0032_6,"Dorms,Cafeteria,Library"
U0032_7,"Dorms,Cafeteria,Math_Building,Library,Gym,Dorms"
U0032_8,"Cafeteria,CS_Building,Library,Cafeteria,CS_Building"
U0032_9,"Cafeteria,Library,Dorms,Cafeteria,Student_Center,Gym,Cafeteria,Math_Building,Dorms,Cafeteria,Library,Cafeteria,CS_Building"
U0033_1,"Dorms,Cafeteria,Math_Building,Dorms,Math_Building,Dorms,Math_Building,Student_Center"
U0033_10,"Math_Building,Cafeteria,Library,Cafeteria,Math_Building,Student_Center,Library"
U0033_11,"Dorms,Cafeteria,CS_Building,Dorms,Cafeteria,Math_Building,Dorms"
U0033_12,"Dorms,CS_Building,Library,Dorms,Math_Building,Student_Center,Library,Cafeteria"
U0033_13,"Dorms,Library,Dorms"
U0033_14,"Dorms,Math_Building,Cafeteria,Library,Dorms,Cafeteria"
U0033_15,"Dorms,Cafeteria,Student_Center"
U0033_2,"Math_Building,Cafeteria,Math_Building"
U0033_3,"Dorms,Cafeteria,Math_Building,Student_Center,Library,Cafeteria,CS_Building"
U0033_4,"Dorms,Cafeteria,Math_Building,Student_Center,Dorms,CS_Building,Library,Dorms,Math_Building"
U0033_5,"Dorms,Cafeteria,CS_Building,Dorms,Cafeteria,Math_Building,Cafeteria"
U0033_6,"Gym,Dorms,Library,Dorms,CS_Building,Library,Dorms,Cafeteria"
U0033_7,"Dorms,Cafeteria,Library,Cafeteria,CS_Building,Student_Center,Gym,Dorms"
U0033_8,"Dorms,Cafeteria,CS_Building"
U0033_9,"Dorms,Math_Building,Library,Cafeteria,Math_Building,Dorms,Library"
U0034_1,"Dorms,CS_Building,Library,Cafeteria,Library,Dorms,Cafeteria,Math_Building"
U0034_10,"Dorms,Cafeteria,CS_Building,Library,Student_Center"
U0034_11,"Dorms,Library,Dorms,Cafeteria,Library,Dorms,Math_Building,Dorms"
U0034_12,"Dorms,Cafeteria,Library,Cafeteria,CS_Building,Library,Cafeteria,Library"
U0034_13,"Dorms,Cafeteria,Math_Building,Student_Center,Dorms,Math_Building,Library,Gym"
U0034_2,"Dorms,Cafeteria,Math_Building,Library,Student_Center,Dorms,Cafeteria,CS_Building"
U0034_3,"Dorms,Cafeteria,Math_Building,Dorms,Math_Building,Library,Dorms,Cafeteria"
U0034_4,"Dorms,Cafeteria,Math_Building,Library,Dorms,CS_Building,Library,Dorms,Library,Dorms,CS_Building,Dorms"
U0034_5,"Student_Center,Library,Gym,Cafeteria,Math_Building,Student_Center"
U0034_6,"Gym,Cafeteria,Math_Building,Library,Gym,Dorms"
U0034_7,"Dorms,CS_Building,Student_Center,Gym,Dorms,Math_Building,Student_Center"
U0034_8,"Dorms,Library,Dorms,Cafeteria,Math_Building,Dorms,Cafeteria,CS_Building"
U0034_9,"Dorms,Cafeteria,Library"
U0035_1,"Dorms,Cafeteria,Math_Building,Student_Center,Dorms,Math_Building,Dorms,Cafeteria"
U0035_10,"Dorms,Cafeteria,CS_Building,Library,Dorms,Library,Dorms"
U0035_11,"Dorms,CS_Building,Dorms"
U0035_12,"Dorms,CS_Building,Cafeteria,Math_Building,Library,Dorms,Cafeteria"
U0035_13,"Student_Center,Gym,Dorms,Math_Building,Library,Gym,Dorms"
U0035_14,"Dorms,Library,Gym,Dorms"
U0035_15,"Dorms,Cafeteria,CS_Building,Student_Center,Gym,Cafeteria"
U0035_16,"Gym,Dorms,CS_Building,Library,Cafeteria,Library,Dorms,Cafeteria,CS_Building,Student_Center,Dorms,Cafeteria,Math_Building"
U0035_2,"Dorms,Library,Student_Center,Library,Dorms,Cafeteria,Student_Center,Dorms,CS_Building"
U0035_3,"Dorms,Cafeteria,Math_Building"
U0035_4,"Dorms,Cafeteria,Math_Building,Library,Cafeteria"
U0035_5,"Dorms,CS_Building,Library,Dorms,Cafeteria,Cafeteria,Student_Center,Gym"
U0035_6,"Dorms,CS_Building,Library,Gym,Dorms,Library,Student_Center"
U0035_7,"Dorms,Cafeteria,Library,Student_Center,Library,Dorms"
U0035_8,"Dorms,CS_Building,Library"
U0035_9,"Dorms,Cafeteria,CS_Building,Library,Dorms"
U0036_1,"Dorms,Cafeteria,Math_Building,Library,Student_Center"
U0036_10,"Dorms,Cafeteria,Math_Building"
U0036_11,"Dorms,Math_Building,Library,Dorms,Cafeteria,CS_Building,Cafeteria,Math_Building"
U0036_12,"Dorms,CS_Building,Library,Gym,Dorms,Dorms,Cafeteria,CS_Building,Library,Dorms,Math_Building"
U0036_2,"Dorms,Math_Building,Library,Gym,Cafeteria,Library,Cafeteria,Math_Building"
U0036_3,"Dorms,CS_Building,Student_Center,Library,Dorms,Cafeteria,Math_Building"
U0036_4,"Dorms,Cafeteria,CS_Building,Student_Center,Dorms,CS_Building,Cafeteria"
U0036_5,"Library,Gym,Dorms,Cafeteria,CS_Building"
U0036_6,"Cafeteria,CS_Building,Library,Cafeteria,Student_Center,Library,Dorms,Gym,Dorms,Library,Dorms,Cafeteria,CS_Building,Student_Center"
U0036_7,"Dorms,Math_Building,Library,Dorms,Cafeteria"
U0036_8,"Dorms,Cafeteria,Math_Building,Dorms,Math_Building,Student_Center"
U0036_9,"Dorms,Cafeteria,Math_Building"
U0037_1,"Dorms,Cafeteria,Math_Building,Dorms,Cafeteria,CS_Building"
U0037_10,"Math_Building,Dorms,Cafeteria,Student_Center"
U0037_11,"Dorms,Cafeteria,CS_Building,Library,Cafeteria"
U0037_12,"Dorms,Cafeteria,Math_Building,Cafeteria"
U0037_2,"Math_Building,Library,Cafeteria,Library,Dorms,CS_Building,Cafeteria,Math_Building"
U0037_3,"Dorms,Cafeteria,CS_Building"
U0037_4,"Dorms,CS_Building,Cafeteria,Student_Center,Library,Cafeteria"
U0037_5,"Dorms,Math_Building,Student_Center,Library,Gym"
U0037_6,"Dorms,Math_Building,Library,Gym,Cafeteria,CS_Building"
U0037_7,"Dorms,Cafeteria,Student_Center,Dorms"
U0037_8,"Dorms,Cafeteria,Library,Cafeteria,CS_Building,Student_Center,Gym,Dorms,Dorms,Cafeteria,CS_Building,Library"
U0037_9,"Dorms,Cafeteria,Student_Center,Dorms,Math_Building,Library,Dorms,Library"
U0038_1,"CS_Building,Library,Dorms,Cafeteria,CS_Building,Library,Student_Center,Dorms,Math_Building,Dorms,Cafeteria,CS_Building,Student_Center,Dorms,Library,Dorms,Math_Building,Library,Student_Center"
U0038_10,"Dorms,Cafeteria,CS_Building,Student_Center,Library"
U0038_11,"Student_Center,Gym,Dorms"
U0038_12,"Dorms,Cafeteria,CS_Building,Dorms,Cafeteria"
U0038_13,"Dorms,Cafeteria,Student_Center,Library"
U0038_14,"Library,Dorms,Cafeteria,CS_Building,Cafeteria,Library"
U0038_15,"Dorms,CS_Building,Student_Center"
U0038_16,"Cafeteria,Student_Center,Library,Dorms,Cafeteria,CS_Building,Library,Cafeteria"
U0038_2,"Dorms,Cafeteria,CS_Building,Library,Cafeteria,CS_Building,Library,Cafeteria,CS_Building,Dorms"
U0038_3,"Dorms,Cafeteria,CS_Building,Dorms,Math_Building,Library,Cafeteria,CS_Building"
U0038_4,"Dorms,CS_Building,Dorms,Cafeteria,Library"
U0038_5,"Math_Building,Cafeteria,Library,Cafeteria,CS_Building,Student_Center"
U0038_6,"Dorms,Cafeteria,Math_Building,Student_Center,Gym,Dorms,CS_Building"
U0038_7,"Dorms,Cafeteria,Math_Building,Library,Dorms,Cafeteria,Library,Dorms"
U0038_8,"Dorms,Library,Dorms,Cafeteria,Math_Building"
U0038_9,"Dorms,Math_Building,Dorms,Cafeteria,Math_Building,Dorms"
U0039_1,"Gym,Dorms,Cafeteria,Library"
U0039_10,"Dorms,Math_Building,Student_Center,Library,Student_Center,Gym,Dorms,Math_Building,Library"
U0039_11,"CS_Building,Student_Center,Library,Student_Center,Dorms,CS_Building,Dorms,Cafeteria,Library,Dorms,Cafeteria,Student_Center,Gym"
U0039_12,"Dorms,Cafeteria,Library,Gym,Dorms,Cafeteria,Math_Building"
U0039_13,"Dorms,Cafeteria,Student_Center,Dorms,Cafeteria"
U0039_14,"Student_Center,Dorms,Cafeteria,Student_Center,Library"
U0039_15,"Library,Student_Center,Dorms,Cafeteria"
U0039_2,"Math_Building,Student_Center,Dorms,Cafeteria,CS_Building,Student_Center"
U0039_3,"Dorms,Cafeteria,Math_Building,Cafeteria,CS_Building,Library,Student_Center,Gym"
U0039_4,"Dorms,CS_Building,Dorms,Library,Dorms,Cafeteria,Student_Center,Library"
U0039_5,"Student_Center,Library,Cafeteria,Math_Building,Dorms,CS_Building,Student_Center,Dorms"
U0039_6,"Dorms,Cafeteria,Math_Building"
U0039_7,"Dorms,Cafeteria,CS_Building,Student_Center,Dorms,Cafeteria,Math_Building,Student_Center"
U0039_8,"Dorms,Math_Building,Student_Center,Dorms,Cafeteria,Library,Cafeteria"
U0039_9,"Dorms,Math_Building,Student_Center,Dorms,Cafeteria,Student_Center"
U0040_1,"Dorms,CS_Building,Library,Dorms,CS_Building,Student_Center,Library,Dorms"
U0040_10,"Dorms,CS_Building,Library,Dorms,CS_Building,Cafeteria,Student_Center,Gym"
U0040_11,"Dorms,Cafeteria,CS_Building,Library,Gym,Cafeteria,Library"
U0040_12,"Dorms,Library,Dorms,Cafeteria,Math_Building,Library,Dorms"
U0040_13,"Dorms,Cafeteria,Math_Building,Dorms,CS_Building,Student_Center"
U0040_14,"Dorms,Library,Cafeteria,Math_Building,Library,Cafeteria,Library,Dorms"
U0040_15,"Dorms,Cafeteria,Math_Building"
U0040_2,"Dorms,Cafeteria,Math_Building"
U0040_3,"Dorms,Cafeteria,Math_Building,Student_Center,Gym,Cafeteria,Library"
U0040_4,"Dorms,Cafeteria,Math_Building,Dorms,Math_Building"
U0040_5,"Dorms,Cafeteria,Math_Building,Student_Center,Dorms,Library,Dorms,Cafeteria"
U0040_6,"Dorms,CS_Building,Student_Center,Library"
U0040_7,"Dorms,Cafeteria,Library,Dorms,Cafeteria,Library,Student_Center,Gym"
U0040_8,"Dorms,Cafeteria,Math_Building,Library,Student_Center"
U0040_9,"Math_Building,Library,Dorms,Cafeteria,Library,Dorms,Cafeteria"
U0041_1,"Student_Center,Gym,Dorms,Cafeteria,CS_Building,Student_Center,Dorms,Math_Building,Dorms,CS_Building,Student_Center,Dorms,Library,Gym,Dorms"
U0041_10,"Dorms,Cafeteria,Math_Building,Student_Center,Library,Cafeteria,Math_Building"
U0041_11,"Dorms,Math_Building,Dorms,Cafeteria"
U0041_12,"Gym,Dorms,CS_Building,Library,Gym,Cafeteria,Student_Center,Dorms"
U0041_13,"Dorms,Math_Building,Student_Center,Library,Gym,Dorms,Cafeteria"
U0041_14,"Dorms,CS_Building,Library,Student_Center,Library,Dorms,Cafeteria,Math_Building"
U0041_2,"Gym,Dorms,Cafeteria"
U0041_3,"Dorms,Library,Cafeteria,Math_Building,Student_Center,Library,Cafeteria,Math_Building"
U0041_4,"Cafeteria,Library,Cafeteria,Student_Center,Gym,Dorms,Math_Building"
U0041_5,"Dorms,Library,Dorms,Cafeteria,CS_Building,Library"
U0041_6,"Dorms,Cafeteria,Math_Building"
U0041_7,"Dorms,Library,Cafeteria,Math_Building,Student_Center,Gym"
U0041_8,"CS_Building,Library,Cafeteria,Library,Cafeteria,Cafeteria,CS_Building,Cafeteria,Student_Center,Library,Dorms"
U0041_9,"Math_Building,Library,Cafeteria,Math_Building,Student_Center"
U0042_1,"Dorms,Cafeteria,Math_Building,Student_Center,Library,Cafeteria"
U0042_10,"Dorms,Cafeteria,CS_Building,Library"
U0042_11,"Dorms,Cafeteria,Student_Center,Dorms"
U0042_12,"Cafeteria,CS_Building,Cafeteria,Math_Building,Cafeteria,CS_Building"
U0042_13,"Dorms,Cafeteria,Library,Dorms,Cafeteria,Math_Building,Cafeteria"
U0042_14,"Dorms,Math_Building,Student_Center"
U0042_2,"Math_Building,Library,Student_Center,Library,Dorms,Cafeteria,CS_Building,Dorms"
U0042_3,"Dorms,Cafeteria,Math_Building,Library,Gym,Dorms"
U0042_4,"Dorms,Cafeteria,CS_Building,Cafeteria"
U0042_5,"Dorms,Cafeteria,CS_Building,Student_Center,Dorms"
U0042_6,"Math_Building,Library,Dorms"
U0042_7,"Dorms,Cafeteria,Math_Building,Student_Center,Gym"
U0042_8,"Dorms,Cafeteria,Math_Building,Library,Dorms,Cafeteria,CS_Building"
U0042_9,"Dorms,Math_Building,Dorms"
U0043_1,"Dorms,Cafeteria,Student_Center,Library,Dorms,CS_Building"
U0043_10,"Dorms,Cafeteria,Math_Building,Library"
U0043_11,"Student_Center,Dorms,CS_Building,Library,Dorms,Dorms,Cafeteria,CS_Building,Cafeteria,CS_Building,Cafeteria,Library,Cafeteria"
U0043_2,"CS_Building,Cafeteria,Student_Center,Dorms,Cafeteria,Math_Building,Dorms"
U0043_3,"Student_Center,Dorms,Math_Building,Library,Dorms,Cafeteria,CS_Building"
U0043_4,"Dorms,CS_Building,Dorms,Cafeteria,CS_Building,Cafeteria,CS_Building,Cafeteria"
U0043_5,"Dorms,Library,Dorms,CS_Building"
U0043_6,"Dorms,CS_Building,Student_Center,Dorms"
U0043_7,"Dorms,CS_Building,Cafeteria,Library,Dorms,Cafeteria,Library,Dorms,Math_Building,Dorms,Cafeteria,Library,Cafeteria"
U0043_8,"Math_Building,Student_Center,Dorms,Math_Building,Library,Cafeteria,Math_Building,Library,Dorms,Cafeteria,Math_Building,Dorms,Cafeteria"
U0043_9,"Dorms,Cafeteria,Math_Building,Library,Gym"
U0044_1,"Dorms,Cafeteria,CS_Building"
U0044_10,"Dorms,Cafeteria,CS_Building,Student_Center,Dorms,Library,Student_Center,Library"
U0044_11,"Dorms,Cafeteria,Math_Building,Cafeteria,Math_Building,Dorms,Library"
U0044_2,"Dorms,CS_Building,Student_Center,Dorms,Cafeteria,CS_Building,Cafeteria"
U0044_3,"Dorms,Math_Building,Library,Dorms,Cafeteria,CS_Building"
U0044_4,"Dorms,Math_Building,Dorms,CS_Building,Student_Center"
U0044_5,"Cafeteria,Library,Cafeteria,Student_Center,Library,Dorms,Library,Cafeteria"
U0044_6,"Dorms,CS_Building,Library,Dorms,CS_Building"
U0044_7,"Dorms,Cafeteria,Student_Center,Dorms,Cafeteria,CS_Building,Library"
U0044_8,"CS_Building,Dorms,Cafeteria"
U0044_9,"Math_Building,Library,Gym,Cafeteria,CS_Building,Library,Cafeteria,CS_Building"
U0045_1,"Dorms,CS_Building,Library,Cafeteria"
U0045_10,"Student_Center,Gym,Dorms,Cafeteria,Library,Gym"
U0045_11,"Dorms,CS_Building,Dorms,CS_Building,Dorms"
U0045_2,"Dorms,Cafeteria,Library,Cafeteria,Dorms,CS_Building,Student_Center,Dorms,Math_Building,Student_Center,Library"
U0045_3,"Dorms,Cafeteria,Library,Dorms"
U0045_4,"Library,Dorms,Cafeteria,CS_Building,Library,Dorms,Dorms,Cafeteria,Math_Building,Student_Center,Library,Cafeteria"
U0045_5,"Dorms,Cafeteria,CS_Building,Library,Cafeteria,Math_Building,Student_Center"
U0045_6,"Dorms,Cafeteria,CS_Building,Library"
U0045_7,"Dorms,Math_Building,Library"
U0045_8,"Gym,Cafeteria,Math_Building,Student_Center,Library"
U0045_9,"Dorms,CS_Building,Library,Cafeteria,Math_Building,Student_Center,Gym"
U0046_1,"Dorms,Cafeteria,Math_Building,Student_Center,Gym"
U0046_10,"Dorms,Math_Building,Library,Dorms"
U0046_11,"Dorms,Math_Building,Library"
U0046_12,"CS_Building,Student_Center,Dorms,Cafeteria,CS_Building,Student_Center"
U0046_13,"Dorms,Cafeteria,Library,Dorms,Math_Building"
U0046_2,"Dorms,Cafeteria,CS_Building,Cafeteria,Math_Building,Library,Dorms,Math_Building"
U0046_3,"Gym,Dorms,Cafeteria,Library,Dorms,Cafeteria,Gym,Dorms,Cafeteria,CS_Building,Student_Center,Dorms,CS_Building,Library"
U0046_4,"Dorms,Cafeteria,CS_Building"
U0046_5,"Student_Center,Gym,Dorms,Cafeteria,Library,Gym"
U0046_6,"Dorms,Math_Building,Library,Cafeteria,CS_Building,Library"
U0046_7,"Dorms,Cafeteria,Math_Building,Student_Center"
U0046_8,"Dorms,Cafeteria,Math_Building,Student_Center,Gym,Student_Center,Gym,Dorms,Math_Building"
U0046_9,"Dorms,Library,Dorms,Cafeteria,Library,Gym,Dorms,Library"
U0047_1,"Gym,Dorms,Cafeteria"
U0047_10,"Dorms,Library,Dorms,Cafeteria,CS_Building,Student_Center,Dorms"
U0047_11,"Dorms,Library,Cafeteria,Math_Building,Library"
U0047_12,"Dorms,Cafeteria,CS_Building,Library,Dorms,Cafeteria,CS_Building,Student_Center"
U0047_13,"Math_Building,Dorms,Cafeteria,Library,Dorms,Cafeteria,Math_Building,Student_Center,Gym,Dorms,CS_Building,Library"
U0047_14,"Math_Building,Student_Center,Gym,Cafeteria,CS_Building"
U0047_15,"Dorms,Library,Cafeteria,Math_Building,Student_Center,Dorms"
U0047_16,"Dorms,Cafeteria,CS_Building,Student_Center,Dorms"
U0047_17,"Dorms,Math_Building,Library,Dorms,CS_Building"
U0047_2,"Math_Building,Student_Center,Gym,Dorms,Cafeteria,CS_Building,Library"
U0047_3,"Dorms,Cafeteria,Math_Building"
U0047_4,"Student_Center,Library,Gym,Dorms,Cafeteria,Student_Center,Dorms,CS_Building"
U0047_5,"Dorms,CS_Building,Library,Student_Center,Gym,Dorms,Math_Building"
U0047_6,"Dorms,Cafeteria,Library,Student_Center,Library,Student_Center"
U0047_7,"Dorms,CS_Building,Student_Center,Dorms,Cafeteria,CS_Building,Student_Center,Dorms,Cafeteria,Student_Center,Dorms,Cafeteria,CS_Building"
U0047_8,"Dorms,Math_Building,Student_Center"
U0047_9,"Dorms,Cafeteria,Math_Building,Library,Cafeteria,CS_Building,Library,Dorms"
U0048_1,"Dorms,Cafeteria,CS_Building,Dorms,Library,Gym,Dorms"
U0048_10,"Dorms,Cafeteria,CS_Building,Library,Cafeteria,Library,Cafeteria,Math_Building"
U0048_11,"Dorms,Cafeteria,CS_Building,Library,Gym"
U0048_2,"Dorms,CS_Building,Library,Cafeteria,Library,Cafeteria,Math_Building,Dorms,Dorms,Library,Student_Center,Library,Cafeteria,CS_Building,Student_Center"
U0048_3,"Dorms,Cafeteria,Student_Center,Cafeteria,Library,Cafeteria,Math_Building,Dorms,Math_Building,Dorms,CS_Building,Dorms,Cafeteria"
U0048_4,"Dorms,Math_Building,Student_Center,Dorms,Cafeteria,Library,Dorms"
U0048_5,"Dorms,CS_Building,Student_Center,Gym,Dorms,Cafeteria,Math_Building"
U0048_6,"Dorms,Cafeteria,CS_Building,Library,Student_Center,Dorms"
U0048_7,"Cafeteria,Math_Building,Student_Center"
U0048_8,"Gym,Dorms,CS_Building,Cafeteria,Library,Cafeteria,Library,Dorms"
U0048_9,"Math_Building,Student_Center,Library,Student_Center,Gym,Dorms"
U0049_1,"Dorms,Cafeteria,Math_Building,Student_Center,Gym"
U0049_10,"Dorms,CS_Building,Student_Center,Library,Cafeteria,Library,Cafeteria"
U0049_11,"Dorms,Cafeteria,CS_Building,Student_Center,Dorms,Cafeteria,Math_Building"
U0049_12,"Dorms,Cafeteria,Library,Dorms,Cafeteria,CS_Building,Student_Center"
U0049_2,"Dorms,CS_Building,Student_Center,Gym,Dorms,Cafeteria,Student_Center,Gym"
U0049_3,"Dorms,CS_Building,Library,Dorms,CS_Building"
U0049_4,"Dorms,Math_Building,Dorms,Cafeteria,Math_Building"
U0049_5,"Dorms,CS_Building,Library,Dorms,Math_Building,Student_Center,Gym,Library,Cafeteria,CS_Building,Dorms,Library,Cafeteria,CS_Building"
U0049_6,"Dorms,Cafeteria,Math_Building,Dorms,Cafeteria,Math_Building"
U0049_7,"Dorms,Math_Building,Library,Dorms,CS_Building,Library"
U0049_8,"Dorms,Cafeteria,CS_Building,Cafeteria,Library"
U0049_9,"Dorms,CS_Building,Student_Center,Gym,Dorms,Cafeteria"
U0050_1,"CS_Building,Student_Center,Gym,Dorms,Cafeteria,Library"
U0050_10,"Dorms,CS_Building,Student_Center,Gym,Dorms,Cafeteria,Library,Cafeteria"
U0050_11,"Dorms,Math_Building,Cafeteria,Math_Building,Library,Dorms,Cafeteria"
U0050_12,"Library,Cafeteria,CS_Building,Library,Cafeteria,Math_Building,Library"
U0050_13,"Dorms,Cafeteria,Student_Center,Gym,Dorms,Cafeteria"
U0050_14,"Dorms,Cafeteria,CS_Building,Student_Center,Library,Gym"
U0050_15,"CS_Building,Cafeteria,Library,Cafeteria,CS_Building,Library,Cafeteria"
U0050_16,"Dorms,CS_Building,Cafeteria"
U0050_17,"Dorms,Cafeteria,CS_Building"
U0050_2,"Dorms,Cafeteria,Math_Building"
U0050_3,"Dorms,Cafeteria,CS_Building,Library"
U0050_4,"Gym,Dorms,Cafeteria,CS_Building,Cafeteria,CS_Building"
U0050_5,"Dorms,Cafeteria,Math_Building,Student_Center,Dorms,Cafeteria,CS_Building"
U0050_6,"Dorms,CS_Building,Library,Cafeteria,Math_Building"
U0050_7,"Student_Center,Gym,Dorms,Cafeteria,Math_Building,Dorms,Math_Building"
U0050_8,"Dorms,Cafeteria,CS_Building,Student_Center,Gym,Dorms"
U0050_9,"Student_Center,Gym,Cafeteria,CS_Building,Student_Center,Library,Gym"
U0051_1,"Dorms,Cafeteria,Math_Building,Cafeteria,CS_Building"
U0051_10,"Dorms,Cafeteria,CS_Building,Student_Center,Library,Cafeteria,CS_Building,Library"
U0051_11,"Dorms,CS_Building,Student_Center,Gym,Cafeteria,Math_Building,Library,Dorms"
U0051_12,"Dorms,CS_Building,Student_Center,Dorms"
U0051_2,"Dorms,Library,Dorms,Math_Building,Student_Center,Gym,Dorms"
U0051_3,"Dorms,Cafeteria,Math_Building,Dorms,Cafeteria,Math_Building"
U0051_4,"Math_Building,Student_Center,Dorms,CS_Building,Library,Cafeteria,Student_Center"
U0051_5,"Dorms,Cafeteria,Library,Dorms,CS_Building,Library"
U0051_6,"Dorms,Cafeteria,CS_Building,Student_Center,Gym"
U0051_7,"Dorms,Library,Cafeteria,Math_Building,Student_Center"
U0051_8,"Cafeteria,CS_Building,Student_Center,Gym,Dorms,Math_Building"
U0051_9,"Gym,Dorms,Library,Dorms,Cafeteria,CS_Building"
U0052_1,"Dorms,Cafeteria,Math_Building"
U0052_10,"Dorms,CS_Building,Cafeteria,Math_Building,Student_Center,Library"
U0052_11,"Cafeteria,CS_Building,Student_Center,Library,Cafeteria"
U0052_12,"Dorms,Cafeteria,CS_Building,Cafeteria,Library,Dorms,CS_Building"
U0052_13,"Dorms,Math_Building,Cafeteria,Library,Library,Cafeteria,CS_Building,Student_Center,Dorms"
U0052_14,"Dorms,Cafeteria,CS_Building,Library"
U0052_15,"Dorms,Cafeteria,Math_Building,Student_Center,Dorms,Dorms,Cafeteria,Student_Center,Library"
U0052_2,"Dorms,Library,Cafeteria,CS_Building,Library,Dorms"
U0052_3,"Dorms,CS_Building,Student_Center,Dorms,Cafeteria,Library"
U0052_4,"Dorms,Math_Building,Cafeteria,CS_Building,Library"
U0052_5,"Dorms,Math_Building,Dorms"
U0052_6,"Dorms,Cafeteria,CS_Building,Library"
U0052_7,"Dorms,Cafeteria,Student_Center,Dorms,Library,Gym,Dorms"
U0052_8,"Gym,Dorms,CS_Building,Student_Center"
U0052_9,"Dorms,Library,Gym,Dorms,Math_Building,Library,Cafeteria"
U0053_1,"Dorms,Math_Building,Dorms,Cafeteria,Library,Dorms,Cafeteria"
U0053_10,"Dorms,Library,Cafeteria,Math_Building"
U0053_11,"Dorms,Cafeteria,Math_Building,Dorms,Math_Building,Library"
U0053_12,"Dorms,CS_Building,Student_Center,Dorms,Math_Building,Dorms"
U0053_2,"Dorms,CS_Building,Student_Center"
U0053_3,"Library,Dorms,CS_Building"
U0053_4,"Student_Center,Dorms,Library"
U0053_5,"Dorms,Math_Building,Student_Center,Dorms"
U0053_6,"Dorms,Cafeteria,Math_Building,Student_Center,Gym,Cafeteria,Student_Center,Dorms"
U0053_7,"Dorms,Math_Building,Dorms,Cafeteria,Library,Student_Center,Library"
U0053_8,"Gym,Cafeteria,Math_Building,Student_Center,Library,Student_Center,Dorms"
U0053_9,"Dorms,CS_Building,Cafeteria,Math_Building"
U0054_1,"Dorms,Math_Building,Student_Center"
U0054_10,"Gym,Dorms,Cafeteria"
U0054_2,"Dorms,Cafeteria,CS_Building,Dorms,Cafeteria,Library,Gym,Dorms,Cafeteria,Math_Building"
U0054_3,"Dorms,CS_Building,Library,Dorms"
U0054_4,"Dorms,Cafeteria,Math_Building"
U0054_5,"Dorms,CS_Building,Library,Dorms,CS_Building,Dorms,CS_Building"
U0054_6,"CS_Building,Student_Center,Gym,Dorms,Cafeteria,Library,Dorms,Math_Building"
U0054_7,"Dorms,Cafeteria,Library,Cafeteria"
U0054_8,"Dorms,Cafeteria,Library,Cafeteria,Math_Building,Dorms"
U0054_9,"Cafeteria,Math_Building,Library"
U0055_1,"Dorms,CS_Building,Library,Dorms"
U0055_10,"Dorms,Cafeteria,Math_Building"
U0055_11,"Dorms,Cafeteria,Student_Center,Gym,Dorms,Cafeteria,CS_Building"
U0055_12,"Gym,Dorms,Cafeteria,Library,Dorms"
U0055_13,"Dorms,Cafeteria,Math_Building,Student_Center,Dorms,Cafeteria,CS_Building"
U0055_14,"Dorms,Cafeteria,CS_Building,Student_Center,Gym,Cafeteria,Math_Building"
U0055_15,"Dorms,Math_Building,Cafeteria,CS_Building,Dorms,Cafeteria,Student_Center,Gym"
U0055_16,"Dorms,Library,Gym,Dorms"
U0055_2,"Dorms,Cafeteria,Math_Building,Cafeteria,Math_Building,Student_Center,Dorms"
U0055_3,"Dorms,Library,Dorms,Cafeteria,Math_Building,Dorms,Cafeteria,Student_Center"
U0055_4,"Library,Cafeteria,Student_Center,Dorms,Math_Building,Student_Center,Library,Dorms"
U0055_5,"Dorms,Cafeteria,Math_Building,Dorms,Cafeteria,CS_Building,Student_Center,Dorms,Cafeteria,CS_Building"
U0055_6,"Dorms,Cafeteria,Student_Center,Dorms,Library,Gym,Dorms,CS_Building"
U0055_7,"Dorms,Cafeteria,Math_Building,Cafeteria,Math_Building,Dorms,Dorms,CS_Building,Student_Center,Dorms,Cafeteria,Math_Building,Dorms"
U0055_8,"Dorms,Math_Building,Student_Center,Dorms"
U0055_9,"Dorms,Cafeteria,CS_Building,Library,Gym,Dorms,Cafeteria"
U0056_1,"Gym,Dorms,Cafeteria,Library"
U0056_10,"Cafeteria,Library,Dorms,CS_Building"
U0056_11,"Dorms,Cafeteria,CS_Building,Student_Center"
U0056_12,"Dorms,Cafeteria,Math_Building,Student_Center,Library,Cafeteria,Library"
U0056_13,"Dorms,Math_Building,Cafeteria,CS_Building,Cafeteria,Library"
U0056_2,"Math_Building,Student_Center,Library"
U0056_3,"Dorms,Cafeteria,CS_Building"
U0056_4,"Dorms,CS_Building,Library"
U0056_5,"Dorms,Cafeteria,CS_Building,Dorms,Cafeteria,Math_Building,Library,Dorms"
U0056_6,"Dorms,Cafeteria,CS_Building,Library,Dorms"
U0056_7,"Dorms,CS_Building,Library,Cafeteria,CS_Building,Library,Cafeteria,Math_Building"
U0056_8,"Gym,Cafeteria,CS_Building,Student_Center,Gym,Dorms"
U0056_9,"Dorms,Cafeteria,CS_Building,Library,Gym,Dorms,Cafeteria"
U0057_1,"Dorms,Cafeteria,CS_Building,Student_Center"
U0057_10,"Cafeteria,CS_Building,Student_Center"
U0057_11,"Dorms,CS_Building,Cafeteria,CS_Building,Library,Dorms,Cafeteria,CS_Building"
U0057_12,"Gym,Dorms,Cafeteria,Math_Building,Student_Center,Gym,Dorms,Cafeteria"
U0057_13,"Dorms,Math_Building,Library,Cafeteria,Math_Building"
U0057_2,"Dorms,CS_Building,Library,Gym,Dorms,Cafeteria,Math_Building,Student_Center,Dorms,Cafeteria,CS_Building,Cafeteria,Library,Dorms,Math_Building"
U0057_3,"Dorms,Cafeteria,Student_Center,Gym,Dorms,Cafeteria,CS_Building,Library"
U0057_4,"Dorms,Cafeteria,Library,Gym,Dorms,CS_Building,Library,Dorms"
U0057_5,"CS_Building,Library,Cafeteria,Dorms,CS_Building,Library,Dorms,Math_Building,Student_Center,Dorms"
U0057_6,"Dorms,Cafeteria,CS_Building,Student_Center,Gym,Dorms,Cafeteria"
U0057_7,"Cafeteria,Student_Center,Dorms"
U0057_8,"Dorms,Library,Cafeteria,Student_Center,Gym,Cafeteria,CS_Building"
U0057_9,"Dorms,Math_Building,Dorms,Cafeteria,Library,Dorms,Cafeteria,Dorms,Cafeteria,Math_Building,Dorms,Cafeteria,Math_Building"
U0058_1,"Dorms,Math_Building,Cafeteria,Math_Building,Dorms"
U0058_10,"Dorms,Library,Gym,Dorms,Cafeteria,CS_Building,Dorms,Math_Building,Student_Center,Dorms,Cafeteria,Library,Cafeteria"
U0058_11,"Dorms,Math_Building,Dorms,Cafeteria,CS_Building"
U0058_12,"CS_Building,Library,Cafeteria,Math_Building"
U0058_2,"Dorms,Cafeteria,Library,Cafeteria,Library,Dorms,Dorms,Cafeteria,Math_Building"
U0058_3,"Dorms,Math_Building,Dorms,Student_Center,Dorms,CS_Building,Library"
U0058_4,"Dorms,Cafeteria,CS_Building,Student_Center,Library,Dorms,CS_Building"
U0058_5,"Dorms,Cafeteria,CS_Building,Library,Gym,Dorms,CS_Building"
U0058_6,"Dorms,CS_Building,Student_Center,Library,Dorms,Cafeteria,Math_Building,Cafeteria"
U0058_7,"Math_Building,Cafeteria,CS_Building,Library,Student_Center,Gym,Dorms,Cafeteria"
U0058_8,"Dorms,Cafeteria,Library,Student_Center"
U0058_9,"Dorms,Cafeteria,Math_Building"
U0059_1,"Dorms,Math_Building,Library,Dorms,Math_Building,Cafeteria,Library,Gym"
U0059_10,"Dorms,CS_Building,Student_Center,Gym,Dorms,Math_Building,Dorms,Dorms,CS_Building,Library,Student_Center"
U0059_11,"Dorms,Cafeteria,Math_Building,Library,Student_Center,Library,Dorms,CS_Building"
U0059_12,"Dorms,Cafeteria,Math_Building"
U0059_13,"Cafeteria,Math_Building,Cafeteria,CS_Building,Library,Cafeteria,CS_Building"
U0059_14,"Dorms,Math_Building,Student_Center,Library,Gym,Dorms,Cafeteria,Student_Center"
U0059_2,"Dorms,Cafeteria,Math_Building,Library,Cafeteria,CS_Building,Library,Cafeteria"
U0059_3,"Library,Cafeteria,Student_Center,Dorms"
U0059_4,"Dorms,Cafeteria,Student_Center,Gym,Dorms,CS_Building,Library,Student_Center"
U0059_5,"Library,Gym,Dorms,Cafeteria,Library,Cafeteria,Math_Building"
U0059_6,"Dorms,Library,Cafeteria,CS_Building,Student_Center,Gym,Dorms"
U0059_7,"Dorms,Cafeteria,Library,Student_Center,Gym,Dorms"
U0059_8,"Dorms,Cafeteria,Math_Building,Student_Center"
U0059_9,"Dorms,Math_Building,Student_Center,Dorms,Cafeteria,CS_Building,Student_Center,Dorms"
U0060_1,"Dorms,Library,Dorms,Math_Building,Library,Dorms,CS_Building,Library,Cafeteria,CS_Building,Library,Gym"
U0060_10,"Dorms,Cafeteria,CS_Building"
U0060_11,"Dorms,Cafeteria,Math_Building,Cafeteria"
U0060_12,"Math_Building,Student_Center,Dorms,CS_Building,Library"
U0060_2,"Dorms,Cafeteria,CS_Building,Library"
U0060_3,"Cafeteria,CS_Building,Cafeteria,CS_Building,Library,Gym"
U0060_4,"Dorms,Cafeteria,Library"
U0060_5,"Dorms,Math_Building,Cafeteria,Math_Building,Dorms,Cafeteria"
U0060_6,"Dorms,Cafeteria,CS_Building,Library,Cafeteria,Math_Building"
U0060_7,"Dorms,CS_Building,Library,Dorms,Library"
U0060_8,"Dorms,CS_Building,Cafeteria,Library"
U0060_9,"Dorms,Cafeteria,Math_Building,Student_Center,Dorms,Cafeteria,Math_Building"
U0061_1,"Gym,Cafeteria,CS_Building,Dorms"
U0061_10,"Dorms,Math_Building,Student_Center,Dorms,CS_Building,Cafeteria,Library,Student_Center"
U0061_11,"Dorms,Cafeteria,CS_Building,Cafeteria"
U0061_12,"Dorms,CS_Building,Student_Center,Dorms,Library,Cafeteria"
U0061_13,"Dorms,Math_Building,Library,Cafeteria,Student_Center,Gym"
U0061_2,"Math_Building,Cafeteria,CS_Building,Library,Dorms,Cafeteria,CS_Building"
U0061_3,"Dorms,Cafeteria,Math_Building,Cafeteria,Student_Center,Dorms,Cafeteria,Student_Center"
U0061_4,"Dorms,CS_Building,Student_Center,Gym"
U0061_5,"Gym,Dorms,CS_Building"
U0061_6,"Dorms,Library,Gym,Dorms,Library,Gym,Dorms"
U0061_7,"Dorms,Math_Building,Dorms,Math_Building,Cafeteria,CS_Building"
U0061_8,"Dorms,Cafeteria,Math_Building,Student_Center,Gym,Dorms,CS_Building"
U0061_9,"Dorms,Math_Building,Dorms,Cafeteria"
U0062_1,"Library,Gym,Dorms,CS_Building"
U0062_10,"Cafeteria,Library,Student_Center,Dorms"
U0062_11,"Dorms,Cafeteria,Math_Building,Student_Center,Gym,Dorms"
U0062_12,"Dorms,Math_Building,Dorms,Math_Building,Student_Center"
U0062_13,"Dorms,Cafeteria,CS_Building,Student_Center"
U0062_2,"Dorms,Cafeteria,Library,Dorms"
U0062_3,"Dorms,CS_Building,Student_Center,Dorms,Cafeteria,CS_Building,Library"
U0062_4,"Dorms,Cafeteria,CS_Building,Student_Center,Library,Cafeteria,Library,Gym"
U0062_5,"Dorms,Cafeteria,Student_Center"
U0062_6,"Cafeteria,Math_Building,Library,Dorms,CS_Building,Library,Dorms,CS_Building,Library,Gym,Cafeteria,CS_Building"
U0062_7,"Dorms,Cafeteria,Library"
U0062_8,"Library,Cafeteria,Math_Building,Student_Center,Gym,Dorms"
U0062_9,"Dorms,CS_Building,Student_Center,Dorms,CS_Building"
U0063_1,"Dorms,CS_Building,Dorms,Library,Cafeteria"
U0063_10,"Dorms,Math_Building,Student_Center,Library,Dorms"
U0063_11,"Cafeteria,CS_Building,Library,Dorms,Cafeteria,Math_Building,Cafeteria,Math_Building"
U0063_12,"Dorms,CS_Building,Cafeteria,Library,Dorms,CS_Building"
U0063_13,"Library,Dorms,Cafeteria,Library,Dorms,Cafeteria,Library"
U0063_14,"Cafeteria,Library,Gym"
U0063_15,"Cafeteria,CS_Building,Student_Center,Library,Dorms"
U0063_16,"Dorms,CS_Building,Student_Center"
U0063_2,"Dorms,Cafeteria,CS_Building"
U0063_3,"Dorms,CS_Building,Student_Center,Gym,Cafeteria,CS_Building,Cafeteria"
U0063_4,"Library,Cafeteria,CS_Building,Student_Center"
U0063_5,"Dorms,Cafeteria,Math_Building,Cafeteria,CS_Building"
U0063_6,"Dorms,Math_Building,Library,Student_Center"
U0063_7,"Dorms,Cafeteria,CS_Building,Library,Cafeteria"
U0063_8,"Cafeteria,Math_Building,Library,Dorms,CS_Building"
U0063_9,"Dorms,Cafeteria,CS_Building,Library,Gym"
U0064_1,"Dorms,CS_Building,Cafeteria,Library,Student_Center,Library"
U0064_10,"Dorms,Cafeteria,Student_Center,Dorms,Library,Cafeteria"
U0064_11,"Dorms,Cafeteria,CS_Building,Cafeteria,Library,Dorms,Math_Building"
U0064_12,"Library,Gym,Dorms,CS_Building,Student_Center,Dorms,Math_Building"
U0064_13,"Dorms,Cafeteria,Math_Building,Cafeteria,CS_Building,Library,Student_Center,Dorms,CS_Building,Cafeteria,Math_Building,Dorms,Math_Building,Student_Center"
U0064_14,"Dorms,CS_Building,Student_Center,Gym,Dorms,Cafeteria"
U0064_2,"Dorms,Math_Building,Library,Cafeteria,Math_Building,Student_Center,Library,Dorms"
U0064_3,"Dorms,CS_Building,Library,Gym,Dorms,Library,Cafeteria,Student_Center"
U0064_4,"Dorms,Cafeteria,CS_Building,Cafeteria,Library,Dorms,Library"
U0064_5,"Gym,Dorms,Cafeteria,Library,Cafeteria,Library,Cafeteria,Student_Center"
U0064_6,"Dorms,Math_Building,Dorms,Library,Dorms,Math_Building,Student_Center,Dorms"
U0064_7,"CS_Building,Library,Student_Center,Dorms,CS_Building,Student_Center,Library"
U0064_8,"Dorms,Cafeteria,Math_Building,Library,Student_Center,Gym,Cafeteria"
U0064_9,"Dorms,Cafeteria,CS_Building,Library,Cafeteria"
U0065_1,"Student_Center,Dorms,Cafeteria"
U0065_10,"Library,Student_Center,Library,Cafeteria,Student_Center,Gym,Dorms,CS_Building"
U0065_11,"Dorms,Math_Building,Student_Center,Gym"
U0065_12,"Dorms,Cafeteria,Math_Building,Library,Cafeteria,CS_Building"
U0065_13,"Math_Building,Dorms,Library,Dorms"
U0065_14,"Dorms,Library,Cafeteria,Library,Gym"
U0065_15,"Student_Center,Gym,Cafeteria,CS_Building,Library,Dorms,Cafeteria,Math_Building,Student_Center,Dorms,Library"
U0065_2,"Dorms,CS_Building,Student_Center,Library"
U0065_3,"Dorms,Cafeteria,Library,Dorms"
U0065_4,"Dorms,CS_Building,Library,Dorms,CS_Building,Library,Dorms,Cafeteria,Student_Center,Gym,Dorms"
U0065_5,"Cafeteria,Math_Building,Student_Center,Library"
U0065_6,"Cafeteria,Student_Center,Dorms,Math_Building,Dorms"
U0065_7,"Dorms,Library,Dorms,Library,Gym"
U0065_8,"Math_Building,Dorms,Cafeteria,Math_Building,Student_Center,Dorms"
U0065_9,"Dorms,Math_Building,Library,Cafeteria,CS_Building,Student_Center,Gym"
U0066_1,"Dorms,Cafeteria,CS_Building,Student_Center,Library,Cafeteria"
U0066_10,"Dorms,CS_Building,Library,Student_Center,Dorms"
U0066_11,"Student_Center,Dorms,CS_Building,Library"
U0066_12,"Dorms,Cafeteria,CS_Building,Student_Center,Gym,Dorms,Cafeteria,CS_Building,Dorms"
U0066_13,"Dorms,Math_Building,Library,Student_Center"
U0066_14,"Dorms,Cafeteria,Library,Dorms,Cafeteria,Math_Building,Cafeteria"
U0066_2,"Dorms,Math_Building,Dorms,Cafeteria,CS_Building,Student_Center,Gym"
U0066_3,"Dorms,Library,Dorms,Cafeteria,Student_Center,Gym"
U0066_4,"Dorms,Cafeteria,Math_Building,Student_Center,Gym,CS_Building,Cafeteria,Student_Center,Dorms,Math_Building,Cafeteria,CS_Building,Cafeteria"
U0066_5,"Library,Gym,Dorms,Cafeteria,Math_Building,Cafeteria"
U0066_6,"Dorms,Cafeteria,Math_Building,Student_Center,Gym"
U0066_7,"Student_Center,Library,Cafeteria,Library,Cafeteria,Math_Building,Library,Gym,Dorms,Cafeteria,CS_Building,Cafeteria,Math_Building,Cafeteria,Library"
U0066_8,"Dorms,Cafeteria,Student_Center,Dorms,Cafeteria,Library,Cafeteria,CS_Building"
U0066_9,"Student_Center,Library,Dorms,Math_Building"
U0067_1,"Dorms,Cafeteria,Math_Building,Library,Dorms,Cafeteria,Math_Building"
U0067_10,"Cafeteria,CS_Building,Library,Student_Center,Dorms,Cafeteria,CS_Building,Dorms"
U0067_11,"Library,Cafeteria,CS_Building,Student_Center,Dorms,CS_Building"
U0067_12,"Dorms,Cafeteria,Math_Building,Library,Gym,Dorms,Cafeteria,Student_Center"
U0067_13,"Dorms,Math_Building,Library,Dorms,Math_Building,Student_Center,Gym,Dorms"
U0067_14,"Dorms,CS_Building,Student_Center,Dorms,Cafeteria,CS_Building,Student_Center,Gym"
U0067_2,"Dorms,CS_Building,Library,Cafeteria"
U0067_3,"Dorms,Library,Cafeteria,Library,Cafeteria,CS_Building,Student_Center"
U0067_4,"Dorms,Library,Student_Center,Gym,Dorms,Cafeteria"
U0067_5,"Student_Center,Gym,Dorms"
U0067_6,"Dorms,Cafeteria,CS_Building,Dorms"
U0067_7,"Dorms,Cafeteria,CS_Building,Cafeteria,CS_Building,Cafeteria,CS_Building"
U0067_8,"Dorms,Math_Building,Library,Dorms,Cafeteria,CS_Building,Cafeteria"
U0067_9,"Dorms,Cafeteria,CS_Building,Library,Cafeteria,Library,Cafeteria"
U0068_1,"Dorms,Library,Cafeteria,Math_Building,Cafeteria,Math_Building,Student_Center,Dorms,Dorms,Cafeteria,Student_Center,Dorms,Math_Building"
U0068_2,"Dorms,Cafeteria,Math_Building,Dorms,Math_Building"
U0068_3,"Dorms,Cafeteria,CS_Building,Library,Dorms"
U0068_4,"Dorms,Cafeteria,Library,Dorms,Dorms,Cafeteria,Library"
U0068_5,"Dorms,CS_Building,Library,Cafeteria,CS_Building,Student_Center,Gym,Dorms"
U0068_6,"Dorms,CS_Building,Student_Center,Gym,Dorms,Library,Cafeteria,CS_Building,Cafeteria,Student_Center,Library,Gym"
U0068_7,"Dorms,Cafeteria,Library"
U0068_8,"Dorms,Cafeteria,Library,Gym,Dorms"
U0068_9,"Dorms,Cafeteria,Math_Building,Student_Center"
U0069_1,"Dorms,Library,Gym,Dorms"
U0069_10,"Dorms,Cafeteria,Student_Center,Dorms"
U0069_11,"Dorms,Cafeteria,Math_Building,Student_Center,Dorms,Cafeteria,CS_Building,Student_Center,Dorms,Library,Dorms"
U0069_12,"Dorms,Math_Building,Student_Center,Library,Cafeteria,Math_Building"
U0069_2,"Dorms,Cafeteria,CS_Building,Student_Center,Gym,Cafeteria,Library,Gym"
U0069_3,"Dorms,Cafeteria,Math_Building,Cafeteria,Math_Building"
U0069_4,"Dorms,Library,Gym"
U0069_5,"Dorms,Math_Building,Library,Cafeteria,CS_Building"
U0069_6,"Dorms,Cafeteria,Library,Dorms"
U0069_7,"Dorms,Cafeteria,CS_Building,Cafeteria,Math_Building,Dorms,Library,Dorms"
U0069_8,"Dorms,Math_Building,Dorms,CS_Building,Cafeteria,Library,Dorms"
U0069_9,"Dorms,Math_Building,Cafeteria,CS_Building,Library"
U0070_1,"Dorms,Library,Cafeteria,CS_Building,Student_Center,Gym,Cafeteria,CS_Building,Dorms,Library,Student_Center"
U0070_10,"Dorms,CS_Building,Library,Dorms"
U0070_11,"Dorms,Cafeteria,CS_Building,Student_Center,Gym,Cafeteria"
U0070_12,"Dorms,Library,Dorms,Library,Student_Center,Gym,Dorms"
U0070_13,"Math_Building,Student_Center,Dorms,CS_Building"
U0070_14,"Dorms,Math_Building,Student_Center,Gym,Dorms,Cafeteria,Library"
U0070_15,"Dorms,Cafeteria,Math_Building,Student_Center,Gym,Dorms,Math_Building,Library"
U0070_16,"Dorms,Library,Gym"
U0070_2,"Dorms,Math_Building,Library,Cafeteria"
U0070_3,"Cafeteria,Student_Center,Gym,Dorms,Cafeteria,CS_Building,Student_Center"
U0070_4,"Dorms,Cafeteria,Library,Dorms,Library,Dorms"
U0070_5,"Dorms,Math_Building,Dorms,Cafeteria,CS_Building"
U0070_6,"Dorms,Cafeteria,CS_Building,Student_Center,Gym,Dorms,Library"
U0070_7,"Dorms,Cafeteria,Math_Building,Cafeteria,CS_Building,Library,Cafeteria"
U0070_8,"Dorms,Math_Building,Cafeteria,Student_Center,Dorms,Library"
U0070_9,"Dorms,Cafeteria,Student_Center,Dorms,Math_Building,Dorms"
U0071_1,"Gym,Dorms,Cafeteria"
U0071_10,"Dorms,CS_Building,Student_Center,Library"
U0071_11,"Dorms,Cafeteria,CS_Building,Library,Dorms,Math_Building,Cafeteria,CS_Building"
U0071_12,"Dorms,CS_Building,Dorms,Cafeteria,Dorms,Math_Building,Library,Student_Center,Library"
U0071_2,"Library,Gym,Dorms,CS_Building,Cafeteria,Math_Building"
U0071_3,"Dorms,CS_Building,Dorms"
U0071_4,"Dorms,CS_Building,Student_Center,Gym,Dorms"
U0071_5,"Dorms,Library,Gym,Dorms,Math_Building,Student_Center,Dorms,Library,Dorms,CS_Building,Library"
U0071_6,"Dorms,Cafeteria,Math_Building,Student_Center"
U0071_7,"CS_Building,Student_Center,Dorms,Cafeteria,Student_Center,Gym,Dorms,Math_Building,Cafeteria,CS_Building,Library,Gym,Dorms,Math_Building"
U0071_8,"Math_Building,Library,Dorms,Math_Building,Cafeteria,Library,Dorms,Cafeteria"
U0071_9,"Dorms,Library,Dorms,Library,Cafeteria"
U0072_1,"Dorms,Cafeteria,Math_Building,Student_Center,Dorms,Cafeteria"
U0072_2,"Gym,Dorms,Cafeteria,CS_Building,Cafeteria"
U0072_3,"Library,Dorms,CS_Building,Student_Center,Library,Cafeteria"
U0072_4,"Dorms,CS_Building,Library,Dorms,Math_Building,Library"
U0072_5,"Cafeteria,Math_Building,Student_Center,Gym,Dorms,Math_Building,Library"
U0072_6,"Dorms,Math_Building,Student_Center,Dorms,Cafeteria,Math_Building,Student_Center,Gym"
U0072_7,"Dorms,CS_Building,Student_Center,Dorms,CS_Building,Library,Dorms"
U0072_8,"Dorms,Cafeteria,CS_Building,Student_Center,Gym,Dorms,Cafeteria,CS_Building"
U0072_9,"Dorms,Cafeteria,Math_Building,Dorms,Cafeteria,CS_Building,Dorms,CS_Building,Student_Center,Gym"
U0073_1,"Dorms,Math_Building,Student_Center,Dorms,Cafeteria,Math_Building,Library"
U0073_10,"Library,Dorms,Cafeteria"
U0073_11,"Dorms,Cafeteria,CS_Building,Library,Dorms,Library,Dorms,Math_Building,Library,Student_Center,Dorms,Cafeteria"
U0073_2,"Dorms,Cafeteria,Student_Center,Gym"
U0073_3,"Dorms,Cafeteria,Math_Building,Cafeteria,Dorms,Library,Dorms"
U0073_4,"Dorms,Cafeteria,CS_Building,Library,Cafeteria,Math_Building"
U0073_5,"Gym,Dorms,CS_Building,Library,Cafeteria,Library,Cafeteria"
U0073_6,"Dorms,CS_Building,Cafeteria,CS_Building,Library,Dorms,Cafeteria"
U0073_7,"Math_Building,Student_Center,Gym,Dorms,CS_Building,Student_Center,Library,Dorms,Dorms,Math_Building,Student_Center,Gym,Dorms,CS_Building"
U0073_8,"Math_Building,Cafeteria,Library,Gym,Dorms,CS_Building"
U0073_9,"Dorms,CS_Building,Library,Gym"
U0074_1,"Dorms,CS_Building,Cafeteria,CS_Building,Dorms,Cafeteria,CS_Building,Cafeteria,Dorms,Cafeteria,CS_Building"
U0074_10,"Dorms,Cafeteria,CS_Building,Library,Cafeteria,Student_Center,Library"
U0074_11,"Dorms,Cafeteria,CS_Building"
U0074_12,"Library,Gym,Cafeteria"
U0074_2,"Dorms,Cafeteria,CS_Building"
U0074_3,"Dorms,Math_Building,Dorms,Math_Building,Cafeteria,CS_Building,Library,Cafeteria"
U0074_4,"Dorms,CS_Building,Cafeteria,CS_Building,Library,Cafeteria,Math_Building,Dorms"
U0074_5,"Dorms,Cafeteria,CS_Building,Student_Center,Library,Dorms,Math_Building"
U0074_6,"Dorms,Cafeteria,Library,Student_Center,Gym,Cafeteria"
U0074_7,"Student_Center,Dorms,Cafeteria,Library,Student_Center,Gym"
U0074_8,"CS_Building,Student_Center,Dorms"
U0074_9,"Dorms,Cafeteria,CS_Building,Student_Center,Library,Dorms,CS_Building,Library,Library,Dorms,Cafeteria,Library,Dorms,CS_Building,Cafeteria,Library"
U0075_1,"Library,Cafeteria,CS_Building,Library,Dorms,Cafeteria,Math_Building,Cafeteria,Math_Building"
U0075_10,"Dorms,CS_Building,Dorms,Gym,Dorms,Cafeteria,Library,Dorms,Cafeteria"
U0075_11,"Library,Dorms,Cafeteria,Student_Center,Gym,Dorms"
U0075_12,"Dorms,Cafeteria,Math_Building,Dorms,CS_Building,Library,Cafeteria,Library"
U0075_2,"Dorms,Cafeteria,CS_Building,Dorms"
U0075_3,"Cafeteria,Math_Building,Cafeteria,Library,Cafeteria,CS_Building"
U0075_4,"Dorms,Math_Building,Library,Student_Center,Library,Dorms"
U0075_5,"Dorms,Cafeteria,Library,Student_Center,Library,Student_Center,Gym,Dorms,CS_Building,Student_Center,Library,Cafeteria,Math_Building,Library"
U0075_6,"Dorms,Math_Building,Library,Dorms,Cafeteria"
U0075_7,"Dorms,Cafeteria,Math_Building,Library,Cafeteria,CS_Building,CS_Building,Cafeteria,Student_Center,Library,Dorms,Cafeteria,Math_Building,Library"
U0075_8,"Math_Building,Dorms,Cafeteria,Library"
U0075_9,"Dorms,Cafeteria,CS_Building,Library,Cafeteria,CS_Building,Student_Center"
U0076_1,"Dorms,Cafeteria,CS_Building"
U0076_10,"Dorms,Library,Student_Center,Dorms"
U0076_11,"Dorms,Cafeteria,CS_Building"
U0076_12,"Dorms,Cafeteria,Math_Building,Dorms,Cafeteria,Math_Building"
U0076_13,"Cafeteria,Math_Building,Student_Center,Library,Dorms,CS_Building,Cafeteria,Math_Building"
U0076_2,"Cafeteria,Student_Center,Library,Cafeteria,Math_Building,Cafeteria,CS_Building,Library,Dorms,CS_Building"
U0076_3,"Dorms,Math_Building,Student_Center,Dorms,Library,Dorms,CS_Building,Dorms,CS_Building,Library"
U0076_4,"Dorms,Math_Building,Student_Center,Student_Center,Dorms,Cafeteria"
U0076_5,"Dorms,Cafeteria,Student_Center,Gym"
U0076_6,"Dorms,CS_Building,Library,Student_Center,Student_Center,Dorms,Cafeteria,Library"
U0076_7,"Dorms,Cafeteria,Library,Cafeteria,CS_Building"
U0076_8,"Dorms,Math_Building,Student_Center,Library"
U0076_9,"Dorms,Math_Building,Dorms"
U0077_1,"Dorms,CS_Building,Library,Dorms"
U0077_10,"CS_Building,Library,Gym,Dorms,CS_Building,Library"
U0077_11,"CS_Building,Dorms,Cafeteria,CS_Building,Student_Center,Dorms,Cafeteria,Math_Building"
U0077_12,"Dorms,Cafeteria,Math_Building"
U0077_13,"Dorms,Cafeteria,Math_Building,Library,Cafeteria,Math_Building,Library"
U0077_14,"Dorms,Cafeteria,Math_Building,Cafeteria,CS_Building"
U0077_2,"CS_Building,Student_Center,Dorms"
U0077_3,"Dorms,Cafeteria,Math_Building,Dorms,CS_Building,Dorms,CS_Building,Student_Center,Gym"
U0077_4,"Dorms,CS_Building,Dorms"
U0077_5,"Dorms,Math_Building,Cafeteria,Library"
U0077_6,"CS_Building,Library,Cafeteria"
U0077_7,"Dorms,Math_Building,Library,Dorms,Library"
U0077_8,"Dorms,Cafeteria,CS_Building"
U0077_9,"Dorms,Cafeteria,CS_Building,Dorms,Library,CS_Building,Library,Dorms,Cafeteria,CS_Building"
U0078_1,"Dorms,Cafeteria,Math_Building,Student_Center,Library,Student_Center"
U0078_10,"Dorms,Cafeteria,Math_Building,Dorms,Cafeteria"
U0078_2,"Student_Center,Dorms,Math_Building,Library,Student_Center"
U0078_3,"Dorms,Cafeteria,CS_Building,Library,Gym"
U0078_4,"Dorms,CS_Building,Cafeteria,Library"
U0078_5,"Dorms,Cafeteria,CS_Building,Library,Cafeteria,CS_Building,Library,Cafeteria"
U0078_6,"Dorms,Cafeteria,Math_Building,Student_Center,Library,Cafeteria,CS_Building,Library"
U0078_7,"Gym,Dorms,CS_Building"
U0078_8,"Dorms,CS_Building,Student_Center,Dorms,Math_Building,Library,Gym"
U0078_9,"Dorms,Cafeteria,CS_Building,Student_Center,Dorms,Cafeteria"
U0079_1,"Dorms,Library,Student_Center,Gym,Dorms,Cafeteria,CS_Building,Student_Center"
U0079_10,"Dorms,Cafeteria,CS_Building"
U0079_11,"Dorms,Cafeteria,CS_Building,Library,Dorms,Cafeteria"
U0079_12,"Gym,Cafeteria,Math_Building,Dorms,Cafeteria"
U0079_13,"Dorms,CS_Building,Student_Center,Library"
U0079_14,"Dorms,Library,Dorms,Math_Building,Library,Cafeteria,Library,Dorms"
U0079_15,"Dorms,Cafeteria,Math_Building,Library"
U0079_2,"Cafeteria,CS_Building,Library,Dorms"
U0079_3,"Dorms,CS_Building,Student_Center,Dorms,CS_Building"
U0079_4,"Cafeteria,Math_Building,Library,Dorms,Cafeteria,CS_Building,Dorms,Cafeteria"
U0079_5,"Dorms,CS_Building,Cafeteria,Math_Building,Cafeteria,Library"
U0079_6,"Library,Dorms,Cafeteria,Library,Cafeteria,CS_Building,Student_Center,Library"
U0079_7,"Dorms,CS_Building,Library,Dorms,CS_Building,Dorms"
U0079_8,"Dorms,Math_Building,Cafeteria"
U0079_9,"Dorms,Math_Building,Library,Student_Center"
U0080_1,"Dorms,Cafeteria,CS_Building"
U0080_10,"Dorms,Library,Gym"
U0080_11,"Dorms,Math_Building,Student_Center,Library,Gym,Dorms,Math_Building,Student_Center,Gym,Dorms,Cafeteria"
U0080_12,"Dorms,Cafeteria,CS_Building"
U0080_13,"Dorms,Cafeteria,Student_Center,Dorms,Cafeteria,Library,Dorms,Dorms,CS_Building,Cafeteria,CS_Building,Student_Center,Dorms,CS_Building"
U0080_2,"Library,Cafeteria,Library,Cafeteria,CS_Building,Student_Center,Library"
U0080_3,"Dorms,Cafeteria,Student_Center,Library,Dorms,Cafeteria,CS_Building,Library"
U0080_4,"Student_Center,Gym,Dorms,Math_Building,Library"
U0080_5,"Dorms,Cafeteria,CS_Building,Dorms"
U0080_6,"Dorms,Cafeteria,Student_Center,Gym,Dorms,Library"
U0080_7,"Cafeteria,Library,Dorms"
U0080_8,"Dorms,Math_Building,Student_Center,Dorms,Cafeteria,CS_Building,Library,Student_Center,Dorms,CS_Building,Library"
U0080_9,"Library,Dorms,Math_Building,Dorms,Cafeteria,CS_Building"
U0081_1,"Dorms,Cafeteria,Math_Building,Library,Cafeteria,Math_Building,Student_Center,Gym"
U0081_10,"Dorms,Cafeteria,CS_Building,Student_Center,Dorms"
U0081_11,"Gym,Dorms,Math_Building,Student_Center"
U0081_12,"Gym,Cafeteria,CS_Building,Cafeteria,CS_Building,Student_Center,Library"
U0081_13,"Dorms,Math_Building,Library,Dorms"
U0081_2,"Dorms,Cafeteria,Math_Building,Library,Gym"
U0081_3,"Dorms,CS_Building,Student_Center,Dorms,Cafeteria,Library,Cafeteria"
U0081_4,"Dorms,Cafeteria,Library,Dorms"
U0081_5,"Dorms,Cafeteria,CS_Building,Cafeteria,CS_Building,Student_Center"
U0081_6,"Dorms,Cafeteria,CS_Building,Dorms,CS_Building,Cafeteria,CS_Building,Student_Center"
U0081_7,"Gym,Cafeteria,Library,Gym,Dorms,CS_Building,Student_Center,Gym"
U0081_8,"Dorms,Cafeteria,Math_Building,Library,Cafeteria"
U0081_9,"Dorms,CS_Building,Cafeteria,Library,Cafeteria,Math_Building,Library,Student_Center"
U0082_1,"Dorms,Math_Building,Library,Gym,Dorms,Cafeteria"
U0082_10,"Dorms,Library,Cafeteria,CS_Building"
U0082_11,"Dorms,Cafeteria,CS_Building,Library"
U0082_12,"Dorms,CS_Building,Library,Dorms,CS_Building,Cafeteria"
U0082_2,"Dorms,Cafeteria,Math_Building"
U0082_3,"Dorms,Cafeteria,Math_Building,Student_Center,Library,Dorms"
U0082_4,"Dorms,Cafeteria,Student_Center,Gym,Dorms,Cafeteria,Student_Center"
U0082_5,"Dorms,CS_Building,Cafeteria,CS_Building,Student_Center"
U0082_6,"Dorms,CS_Building,Library"
U0082_7,"Dorms,Cafeteria,Library,Cafeteria,CS_Building,Dorms,Cafeteria"
U0082_8,"Student_Center,Dorms,Cafeteria,Math_Building,Dorms,Math_Building,Student_Center"
U0082_9,"Dorms,CS_Building,Library"
U0083_1,"Dorms,Cafeteria,Math_Building,Cafeteria,CS_Building"
U0083_10,"Dorms,Math_Building,Library,Cafeteria,Student_Center"
U0083_11,"Dorms,Library,Gym"
U0083_12,"Dorms,Cafeteria,CS_Building"
U0083_2,"Dorms,Cafeteria,CS_Building,Student_Center,Dorms"
U0083_3,"Dorms,CS_Building,Student_Center,Library,Dorms,Cafeteria,Library,Student_Center"
U0083_4,"Dorms,Cafeteria,CS_Building,Student_Center"
U0083_5,"Dorms,Math_Building,Cafeteria,Math_Building,Cafeteria,Math_Building,Student_Center,Library"
U0083_6,"Dorms,CS_Building,Student_Center,Library,Gym,Cafeteria,Library,Gym"
U0083_7,"CS_Building,Student_Center,Dorms,CS_Building,Library,Student_Center"
U0083_8,"Dorms,Cafeteria,CS_Building,Cafeteria,CS_Building"
U0083_9,"Math_Building,Library,Dorms,Math_Building,Student_Center,Dorms"
U0084_1,"Dorms,Library,Gym,Dorms,Cafeteria,Student_Center"
U0084_10,"Dorms,CS_Building,Dorms,Cafeteria,Math_Building,Dorms,CS_Building,CS_Building,Student_Center,Gym,Dorms,Math_Building,Cafeteria,Library,Cafeteria"
U0084_11,"Dorms,Math_Building,Library,Dorms,Cafeteria,Library,Cafeteria,Dorms,CS_Building,Library,Dorms,Cafeteria,CS_Building,Library,Cafeteria"
U0084_2,"Dorms,Cafeteria,Library,Cafeteria,CS_Building"
U0084_3,"Cafeteria,Math_Building,Library,Dorms,Library,Dorms,Math_Building"
U0084_4,"Dorms,Cafeteria,Student_Center,Dorms,Library,Cafeteria"
U0084_5,"Dorms,Cafeteria,CS_Building,Library,Cafeteria"
U0084_6,"Dorms,Cafeteria,Library,Dorms,Math_Building"
U0084_7,"Dorms,Library,Gym,Cafeteria,Math_Building,Student_Center,Dorms,Math_Building,Dorms,Cafeteria,Library,Cafeteria,Math_Building"
U0084_8,"Dorms,Cafeteria,Student_Center,Dorms,CS_Building,Student_Center,Gym,Dorms,CS_Building"
U0084_9,"Library,Gym,Cafeteria,CS_Building,Library,Dorms,Math_Building,Library"
U0085_1,"Dorms,Cafeteria,Math_Building,Dorms,CS_Building,Library,Dorms,Math_Building,Cafeteria,CS_Building,Student_Center"
U0085_10,"Dorms,Cafeteria,Library,Dorms,CS_Building,Dorms,Library"
U0085_11,"Dorms,Cafeteria,CS_Building,Student_Center,Dorms,Cafeteria,CS_Building,Dorms,Cafeteria,Library"
U0085_12,"Dorms,Cafeteria,Library,Gym,Dorms,Cafeteria,Library,Dorms,Math_Building,Student_Center,Dorms,Cafeteria"
U0085_13,"Dorms,Library,Cafeteria,Math_Building,Library"
U0085_2,"Dorms,Cafeteria,Math_Building,Student_Center,Library,Gym"
U0085_3,"Cafeteria,CS_Building,Library,Dorms,CS_Building,Library,Gym"
U0085_4,"Gym,Dorms,Math_Building,Cafeteria,Library,Cafeteria,Math_Building,Student_Center,Gym,Cafeteria,CS_Building,Library"
U0085_5,"Dorms,Cafeteria,Library,Dorms,Cafeteria,CS_Building,Library,Cafeteria"
U0085_6,"Dorms,Math_Building,Dorms,Cafeteria"
U0085_7,"Dorms,CS_Building,Library,Cafeteria,CS_Building,Student_Center"
U0085_8,"Dorms,CS_Building,Dorms,Math_Building,Library,Cafeteria,Student_Center,Dorms"
U0085_9,"Dorms,Library,Dorms,Cafeteria,Library"
U0086_1,"Dorms,Math_Building,Student_Center,Gym,Dorms"
U0086_10,"Dorms,Math_Building,Student_Center"
U0086_11,"Dorms,Library,Dorms,Math_Building,Student_Center,Dorms"
U0086_12,"Dorms,CS_Building,Library,Cafeteria,Math_Building,Library,Dorms,Cafeteria"
U0086_2,"Dorms,Math_Building,Library,Cafeteria,CS_Building,Library,Dorms"
U0086_3,"Dorms,Library,Dorms,Math_Building,Dorms,Math_Building,Library"
U0086_4,"Dorms,Cafeteria,CS_Building,Library"
U0086_5,"Dorms,Cafeteria,Math_Building,Dorms,Cafeteria,Math_Building,Cafeteria,CS_Building,Dorms,Cafeteria,Library,Dorms"
U0086_6,"Dorms,CS_Building,Library,Cafeteria,Math_Building,Student_Center,Library,Dorms"
U0086_7,"Gym,Dorms,Cafeteria,Dorms,Math_Building,Dorms,Cafeteria,Math_Building,Student_Center,Library,Dorms"
U0086_8,"Dorms,Math_Building,Library,Dorms,Math_Building"
U0086_9,"Dorms,Cafeteria,Student_Center"
U0087_1,"Dorms,Cafeteria,Student_Center,Dorms,CS_Building"
U0087_10,"Cafeteria,Library,Dorms,Cafeteria,Math_Building,Dorms,CS_Building,Student_Center,Gym"
U0087_2,"Cafeteria,Library,Student_Center,Gym,Dorms,Cafeteria,Library"
U0087_3,"Dorms,Library,Dorms"
U0087_4,"Dorms,Cafeteria,CS_Building,Library"
U0087_5,"Math_Building,Cafeteria,Library,Gym,Dorms,CS_Building,Cafeteria"
U0087_6,"Cafeteria,Library,Dorms,CS_Building,Student_Center,Gym,Dorms,Cafeteria"
U0087_7,"Dorms,Cafeteria,Library"
U0087_8,"Dorms,Cafeteria,Library,Dorms,CS_Building,Library,Dorms,CS_Building,Library,Gym,Dorms,Cafeteria,Math_Building,Cafeteria"
U0087_9,"Dorms,Cafeteria,Math_Building,Cafeteria,Dorms,CS_Building,Cafeteria,Library,Dorms,Math_Building,Student_Center,Gym"
U0088_1,"Dorms,CS_Building,Library,Student_Center,Gym"
U0088_10,"Cafeteria,Student_Center,Gym,Dorms"
U0088_11,"Dorms,Library,Student_Center,Gym,Dorms,Cafeteria,Math_Building,Student_Center"
U0088_2,"Dorms,Cafeteria,Math_Building,Library,Dorms,Cafeteria,Math_Building"
U0088_3,"Cafeteria,CS_Building,Student_Center,Gym"
U0088_4,"CS_Building,Cafeteria,CS_Building,Library,Cafeteria,Library,Dorms,Math_Building"
U0088_5,"Dorms,Cafeteria,Library,Dorms,Math_Building,Library,Dorms,Dorms,Library,Dorms,Math_Building,Library,Gym,Dorms,Cafeteria"
U0088_6,"Cafeteria,CS_Building,Library,Gym,Dorms,Library,Cafeteria,Math_Building"
U0088_7,"Dorms,Library,Dorms,CS_Building,Student_Center"
U0088_8,"Dorms,Cafeteria,Math_Building,Library,Dorms,Cafeteria,Math_Building"
U0088_9,"Dorms,Library,Gym,Dorms,Cafeteria,Math_Building,Library,Dorms"
U0089_1,"Student_Center,Dorms,Math_Building,Dorms,Cafeteria,Library"
U0089_10,"Dorms,Library,Gym,Cafeteria"
U0089_11,"Dorms,Cafeteria,Math_Building,Library,Gym,Dorms,Gym,Dorms,Cafeteria"
U0089_12,"Dorms,Cafeteria,Math_Building,Student_Center"
U0089_2,"Dorms,Math_Building,Student_Center,Dorms,Cafeteria,Math_Building,Student_Center,Dorms,Library,Cafeteria"
U0089_3,"Dorms,CS_Building,Student_Center,Library,Gym,Dorms"
U0089_4,"Dorms,Math_Building,Library,Dorms,Math_Building,Library,Dorms,Dorms,Cafeteria,Math_Building,Dorms,Cafeteria,CS_Building"
U0089_5,"Gym,Cafeteria,Math_Building,Student_Center,Dorms,Math_Building,Library,Cafeteria"
U0089_6,"Dorms,Math_Building,Dorms,Library"
U0089_7,"Dorms,CS_Building,Student_Center,Gym,Dorms,CS_Building,Library,Student_Center"
U0089_8,"Gym,Dorms,CS_Building,Student_Center,Dorms,Math_Building"
U0089_9,"CS_Building,Library,Dorms"
U0090_1,"Dorms,Cafeteria,CS_Building,Student_Center,Dorms,Cafeteria"
U0090_2,"Dorms,Cafeteria,CS_Building,Library,Dorms,CS_Building"
U0090_3,"Dorms,Math_Building,Student_Center,Library,Gym,Dorms,Math_Building,Student_Center,Dorms,Math_Building,Library,Dorms,Cafeteria,CS_Building,Library,Dorms"
U0090_4,"Dorms,Math_Building,Student_Center,Dorms,Cafeteria,Math_Building,Student_Center"
U0090_5,"Gym,Dorms,Cafeteria"
U0090_6,"Dorms,Cafeteria,Library,Gym,Dorms,Dorms,Library,Dorms,Cafeteria,Library,Cafeteria"
U0090_7,"Dorms,Cafeteria,Math_Building,Dorms,Library,Cafeteria,Student_Center,Gym,Dorms,Cafeteria,CS_Building,Cafeteria"
U0090_8,"Dorms,Cafeteria,Math_Building,Library,Cafeteria,Math_Building,Library,Cafeteria"
U0090_9,"Dorms,Cafeteria,Library,Gym,Dorms,CS_Building,Library,Dorms,Cafeteria,Math_Building,Cafeteria,Math_Building,Dorms,Cafeteria,Library,Cafeteria,CS_Building"
U0091_1,"Dorms,Math_Building,Cafeteria,Math_Building,Dorms,Library"
U0091_10,"Dorms,Cafeteria,CS_Building,Library"
U0091_11,"Dorms,Cafeteria,Math_Building,Student_Center,Dorms,CS_Building,Student_Center"
U0091_12,"Dorms,CS_Building,Student_Center,Dorms"
U0091_13,"Student_Center,Library,Cafeteria,Math_Building,Library,Cafeteria,Math_Building,Dorms"
U0091_14,"Dorms,Cafeteria,Math_Building"
U0091_2,"Cafeteria,CS_Building,Library,Gym,Dorms,Cafeteria"
U0091_3,"Dorms,CS_Building,Library,Gym,Dorms,Cafeteria,CS_Building,Library"
U0091_4,"Cafeteria,Math_Building,Student_Center,Dorms"
U0091_5,"Dorms,Cafeteria,Library,Dorms,Math_Building,Library,Dorms"
U0091_6,"Dorms,Cafeteria,CS_Building,Library,Cafeteria"
U0091_7,"Dorms,Cafeteria,Math_Building,Library,Dorms,Cafeteria,Student_Center"
U0091_8,"Dorms,Cafeteria,Math_Building,Library"
U0091_9,"Dorms,CS_Building,Library,Dorms,Cafeteria,CS_Building,Student_Center,Library"
U0092_1,"Dorms,Cafeteria,Library,Gym,Cafeteria,CS_Building,Library"
U0092_10,"Dorms,CS_Building,Student_Center,Library"
U0092_11,"Dorms,Cafeteria,CS_Building,Library,Dorms,Math_Building,Library,Cafeteria"
U0092_12,"Dorms,Cafeteria,Student_Center,Gym,Dorms,Cafeteria,Math_Building,Library"
U0092_13,"Dorms,Cafeteria,Library,Dorms,Cafeteria,Math_Building,Student_Center,Library,Dorms,CS_Building,Dorms,Cafeteria,CS_Building,Library"
U0092_14,"Dorms,Cafeteria,Library,Student_Center,Dorms,CS_Building,Student_Center,Library"
U0092_15,"Dorms,Cafeteria,Math_Building,Student_Center,Gym,Dorms,Cafeteria"
U0092_16,"Dorms,Library,Dorms,Math_Building,Library,Dorms,CS_Building"
U0092_2,"Cafeteria,Math_Building,Dorms,Cafeteria,Math_Building"
U0092_3,"Dorms,Cafeteria,Math_Building,Cafeteria,CS_Building,Library,Dorms"
U0092_4,"Dorms,Math_Building,Student_Center,Dorms,Library,Student_Center,Dorms,Math_Building"
U0092_5,"Dorms,Cafeteria,CS_Building,Library,Gym,Dorms,Gym,Dorms,Cafeteria"
U0092_6,"Cafeteria,Student_Center,Gym"
U0092_7,"Dorms,Library,Cafeteria,Library"
U0092_8,"Dorms,Library,Cafeteria,Math_Building,Cafeteria,CS_Building"
U0092_9,"Dorms,Cafeteria,CS_Building"
U0093_1,"Cafeteria,CS_Building,Library,Dorms,Math_Building"
U0093_10,"Dorms,CS_Building,Library,Cafeteria,CS_Building,Student_Center,Dorms"
U0093_11,"Cafeteria,CS_Building,Student_Center,Library,Dorms,Cafeteria,Student_Center,Gym,Dorms,Library,Dorms,CS_Building,Cafeteria"
U0093_12,"Library,Gym,Dorms,Library,Dorms"
U0093_13,"Dorms,CS_Building,Student_Center,Dorms"
U0093_14,"Gym,Dorms,Library,Dorms,Cafeteria,CS_Building,Library"
U0093_15,"Dorms,Cafeteria,CS_Building,Cafeteria,Math_Building"
U0093_2,"Dorms,Library,Student_Center"
U0093_3,"Dorms,Cafeteria,CS_Building"
U0093_4,"Dorms,Math_Building,Dorms,Cafeteria,Math_Building,Dorms,Cafeteria,CS_Building,Math_Building,Student_Center,Library,Dorms,Cafeteria,Student_Center,Library"
U0093_5,"Dorms,Library,Cafeteria,CS_Building"
U0093_6,"Library,Cafeteria,Library,Cafeteria,CS_Building,Student_Center"
U0093_7,"Student_Center,Gym,Dorms"
U0093_8,"Dorms,Math_Building,Library,Gym,Dorms,CS_Building"
U0093_9,"Dorms,CS_Building,Student_Center,Library,Cafeteria"
U0094_1,"Dorms,Math_Building,Library,Gym,Dorms,CS_Building,Student_Center,Dorms"
U0094_10,"Cafeteria,CS_Building,Cafeteria"
U0094_11,"Student_Center,Dorms,Cafeteria,Library"
U0094_12,"Dorms,Math_Building,Student_Center"
U0094_13,"Dorms,Cafeteria,CS_Building"
U0094_2,"Dorms,Cafeteria,CS_Building,Dorms"
U0094_3,"Student_Center,Library,Dorms"
U0094_4,"Dorms,Cafeteria,CS_Building,Student_Center"
U0094_5,"CS_Building,Cafeteria,CS_Building"
U0094_6,"CS_Building,Library,Gym,Cafeteria,CS_Building"
U0094_7,"Student_Center,Dorms,CS_Building"
U0094_8,"CS_Building,Student_Center,Library,Student_Center,Dorms"
U0094_9,"Dorms,CS_Building,Dorms"
U0095_1,"Cafeteria,Math_Building,Student_Center,Dorms,CS_Building,Cafeteria,Library"
U0095_10,"Math_Building,Student_Center,Gym,Dorms"
U0095_11,"Dorms,Math_Building,Library,Gym,Dorms,Math_Building,Dorms,CS_Building,Student_Center,Library,Dorms"
U0095_12,"Dorms,Cafeteria,Math_Building,Student_Center,Library,Cafeteria,Student_Center"
U0095_2,"Dorms,Cafeteria,Library,Dorms"
U0095_3,"Gym,Cafeteria,Student_Center,Library"
U0095_4,"Dorms,Cafeteria,Math_Building,Dorms,Cafeteria,Library,Cafeteria"
U0095_5,"Dorms,Library,Dorms,Cafeteria,Library,Dorms,CS_Building,Student_Center,Dorms,Math_Building,Library"
U0095_6,"Dorms,Cafeteria,Library"
U0095_7,"CS_Building,Library,Dorms,Math_Building,Math_Building,Dorms,Cafeteria,Math_Building,Cafeteria,CS_Building"
U0095_8,"Dorms,Cafeteria,CS_Building,Library,Dorms,Cafeteria"
U0095_9,"Dorms,Library,Dorms,CS_Building,Library,Gym,Dorms,CS_Building"
U0096_1,"Dorms,Cafeteria,Math_Building,Dorms,Cafeteria,Math_Building"
U0096_10,"Dorms,Cafeteria,Math_Building"
U0096_11,"Dorms,Cafeteria,Library,Gym,Dorms,Cafeteria,CS_Building"
U0096_12,"Dorms,Cafeteria,Math_Building,Cafeteria,CS_Building,Dorms,Cafeteria,Library"
U0096_13,"Gym,Dorms,Math_Building,Cafeteria,Math_Building,Student_Center"
U0096_2,"Dorms,Cafeteria,Library,Dorms,Cafeteria,Library"
U0096_3,"Dorms,Math_Building,Cafeteria"
U0096_4,"Dorms,Math_Building,Library,Gym,Dorms"
U0096_5,"Dorms,CS_Building,Library,Gym,Dorms,Library,Cafeteria,Math_Building"
U0096_6,"Dorms,CS_Building,Cafeteria,Library,Gym,Cafeteria,CS_Building,Library"
U0096_7,"Library,Dorms,Cafeteria,Dorms,Cafeteria,CS_Building,Cafeteria"
U0096_8,"Dorms,Cafeteria,CS_Building,Cafeteria,Student_Center,Library"
U0096_9,"Dorms,Library,Dorms,Math_Building"
U0097_1,"Library,Dorms,Library,Cafeteria,CS_Building,Dorms"
U0097_10,"Dorms,Cafeteria,CS_Building,Cafeteria,Math_Building"
U0097_11,"Math_Building,Student_Center,Library,Math_Building,Library,Dorms,Math_Building"
U0097_12,"Math_Building,Student_Center,Gym,Cafeteria"
U0097_13,"Dorms,Cafeteria,Library,Gym,Dorms,Cafeteria,CS_Building"
U0097_2,"Student_Center,Library,Dorms,CS_Building,Student_Center,Dorms,Dorms,Math_Building,Cafeteria,Math_Building,Cafeteria,CS_Building,Library,Gym"
U0097_3,"Dorms,Cafeteria,CS_Building,Library,Dorms,Math_Building,Dorms"
U0097_4,"Dorms,Library,Student_Center,Library,Cafeteria,Library,Cafeteria"
U0097_5,"Dorms,Cafeteria,Math_Building,Student_Center,Dorms,Cafeteria,Library"
U0097_6,"Dorms,Math_Building,Library,Cafeteria,Math_Building,Student_Center,Library,Gym"
U0097_7,"Dorms,Library,Dorms,Cafeteria,Math_Building,Library,Cafeteria,CS_Building"
U0097_8,"Dorms,Cafeteria,CS_Building"
U0097_9,"Math_Building,Cafeteria,Library,Dorms,Cafeteria"
U0098_1,"Dorms,Math_Building,Dorms,Cafeteria"
U0098_2,"CS_Building,Student_Center,Gym,Dorms"
U0098_3,"Dorms,Cafeteria,Math_Building"
U0098_4,"Dorms,Math_Building,Cafeteria"
U0098_5,"Dorms,Cafeteria,Library,Cafeteria,CS_Building,Dorms,Math_Building,Cafeteria"
U0098_6,"Dorms,Cafeteria,CS_Building,Student_Center,Gym,Dorms"
U0098_7,"Dorms,Library,Gym,Dorms,Cafeteria,CS_Building"
U0098_8,"Gym,Dorms,Cafeteria,Math_Building"
U0098_9,"Dorms,Cafeteria,CS_Building,Student_Center,Library,Dorms,CS_Building,Student_Center"
U0099_1,"Cafeteria,CS_Building,Library,Student_Center,Gym,Dorms,Cafeteria"
U0099_10,"Gym,Dorms,Math_Building"
U0099_11,"CS_Building,Cafeteria,Math_Building,Cafeteria,CS_Building,Student_Center,Dorms"
U0099_12,"Dorms,Cafeteria,Library,Cafeteria,Math_Building,Student_Center"
U0099_2,"Cafeteria,CS_Building,Library,Dorms,Math_Building,Library,Cafeteria"
U0099_3,"Dorms,Cafeteria,Math_Building"
U0099_4,"Gym,Dorms,Cafeteria,CS_Building,Cafeteria,Library,Cafeteria"
U0099_5,"Dorms,Cafeteria,Math_Building,Cafeteria,CS_Building,Student_Center,Gym"
U0099_6,"Student_Center,Dorms,Cafeteria"
U0099_7,"Dorms,Math_Building,Cafeteria,Student_Center,Dorms,Cafeteria,CS_Building,Student_Center,Dorms"
U0099_8,"Math_Building,Cafeteria,CS_Building,Student_Center,Dorms,Math_Building,Student_Center"
U0099_9,"Library,Dorms,Library,Gym,Dorms,Library,Dorms"
U0100_1,"Cafeteria,Student_Center,Dorms,Cafeteria,CS_Building,Library"
U0100_10,"Dorms,Cafeteria,Student_Center,Gym,Cafeteria,Student_Center,Dorms,Cafeteria"
U0100_11,"Dorms,Math_Building,Cafeteria,CS_Building,Library,Dorms,CS_Building,Cafeteria"
U0100_12,"Student_Center,Gym,Dorms"
U0100_13,"Student_Center,Gym,Cafeteria,CS_Building,Library,Dorms,Cafeteria,Math_Building"
U0100_14,"Dorms,Cafeteria,Math_Building,Library,Gym"
U0100_2,"Dorms,Math_Building,Cafeteria,Library,Cafeteria,Student_Center,Library"
U0100_3,"Dorms,Math_Building,Student_Center"
U0100_4,"Dorms,Cafeteria,CS_Building,Student_Center,Gym,Cafeteria"
U0100_5,"Dorms,CS_Building,Library,Student_Center,Dorms"
U0100_6,"Dorms,CS_Building,Student_Center,Dorms,Cafeteria"
U0100_7,"Dorms,Math_Building,Cafeteria,Math_Building,Cafeteria"
U0100_8,"Dorms,Math_Building,Library,Gym"
U0100_9,"Student_Center,Library,Gym,Dorms,Cafeteria,CS_Building"
U0101_1,"CS_Building,Library,Gym,Cafeteria,Math_Building,Student_Center,Library,Dorms"
U0101_10,"Dorms,Cafeteria,Student_Center,Dorms"
U0101_11,"Cafeteria,CS_Building,Cafeteria,CS_Building,Library,Gym,Dorms"
U0101_12,"Library,Dorms,Cafeteria,Student_Center,Library"
U0101_13,"Dorms,CS_Building,Student_Center"
U0101_2,"Dorms,Cafeteria,Math_Building,Library,Dorms,Math_Building,Dorms"
U0101_3,"Dorms,Cafeteria,CS_Building,Student_Center,Dorms,Library"
U0101_4,"Gym,Dorms,CS_Building,Library"
U0101_5,"Dorms,CS_Building,Dorms,Math_Building,Cafeteria,Library,Gym"
U0101_6,"Library,Cafeteria,Student_Center,Gym"
U0101_7,"Dorms,Library,Cafeteria,Math_Building,Student_Center,Gym,Dorms"
U0101_8,"Dorms,Cafeteria,CS_Building,Student_Center"
U0101_9,"Dorms,Math_Building,Dorms,Math_Building,Dorms,Cafeteria,CS_Building"
U0102_1,"Student_Center,Dorms,CS_Building,Student_Center,Dorms"
U0102_2,"Dorms,CS_Building,Library,Dorms,Cafeteria,CS_Building"
U0102_3,"Dorms,Cafeteria,Student_Center,Gym,Dorms,Cafeteria,Library,Dorms"
U0102_4,"Dorms,Library,Dorms,Cafeteria,Library"
U0102_5,"Dorms,CS_Building,Student_Center,Dorms,Cafeteria,Library,Student_Center,Dorms,Math_Building,Library,Cafeteria,Math_Building,Library"
U0102_6,"Dorms,Cafeteria,Library"
U0102_7,"Dorms,Cafeteria,CS_Building,Student_Center,Gym,Dorms,Cafeteria,CS_Building,Dorms,Cafeteria,Library,Gym,Dorms,Cafeteria,CS_Building"
U0102_8,"Dorms,CS_Building,Student_Center,Library"
U0102_9,"Dorms,Cafeteria,CS_Building,Student_Center"
U0103_1,"Dorms,Cafeteria,CS_Building,Library,Dorms"
U0103_10,"Dorms,Cafeteria,Student_Center,Dorms,CS_Building,Cafeteria,Library,Dorms"
U0103_11,"Dorms,Library,Dorms,Math_Building,Student_Center,Library,Cafeteria,CS_Building,Cafeteria,Math_Building,Cafeteria,CS_Building,Student_Center"
U0103_12,"Dorms,CS_Building,Library,Gym,Cafeteria,CS_Building"
U0103_2,"Dorms,Library,Cafeteria,CS_Building,Library"
U0103_3,"Math_Building,Student_Center,Gym,Dorms,CS_Building,Cafeteria,Student_Center,Gym,Dorms,Library,Cafeteria,CS_Building,Library,Gym,Cafeteria,CS_Building"
U0103_4,"Cafeteria,Library,Student_Center,Library,Student_Center,Dorms,Cafeteria"
U0103_5,"Dorms,Cafeteria,CS_Building,Cafeteria"
U0103_6,"Dorms,Math_Building,Student_Center,Library,Dorms,Cafeteria"
U0103_7,"Dorms,Cafeteria,CS_Building"
U0103_8,"Dorms,Cafeteria,CS_Building,Library,Dorms,CS_Building,Library,Dorms,CS_Building,Student_Center,Gym,Dorms,Library,Dorms"
U0103_9,"CS_Building,Student_Center,Library,Gym,Cafeteria,CS_Building"
U0104_1,"Dorms,CS_Building,Student_Center,Gym,Dorms,Dorms,Cafeteria,CS_Building,Library,Gym,Dorms,Dorms,CS_Building,Library,Cafeteria,Math_Building,Library,Cafeteria"
U0104_10,"Cafeteria,Library,Cafeteria,CS_Building"
U0104_11,"Dorms,Math_Building,Library,Student_Center,Dorms,CS_Building,Student_Center,Gym,Dorms,Cafeteria"
U0104_12,"Dorms,Library,Student_Center,Dorms"
U0104_2,"Dorms,Library,Gym,Dorms,CS_Building,Library"
U0104_3,"Dorms,Cafeteria,Library,Cafeteria,Library"
U0104_4,"Dorms,Cafeteria,CS_Building,Student_Center,Gym,Dorms,Cafeteria,Math_Building"
U0104_5,"Student_Center,Gym,Dorms,CS_Building,Student_Center,Library"
U0104_6,"Dorms,Cafeteria,CS_Building,Dorms,CS_Building,Library,Gym"
U0104_7,"Dorms,Cafeteria,CS_Building"
U0104_8,"Library,Dorms,Cafeteria,Library,Dorms"
U0104_9,"Dorms,Cafeteria,Library,Dorms,CS_Building,Student_Center,Library"
U0105_1,"Math_Building,Library,Dorms,Cafeteria,CS_Building,Student_Center"
U0105_10,"Dorms,Library,Dorms,Cafeteria,CS_Building,Student_Center,Dorms,Cafeteria"
U0105_11,"Dorms,CS_Building,Library"
U0105_2,"Dorms,Math_Building,Dorms,Cafeteria,CS_Building,Cafeteria"
U0105_3,"CS_Building,Student_Center,Dorms"
U0105_4,"Dorms,CS_Building,Cafeteria,Student_Center,Library,Dorms,Math_Building"
U0105_5,"Dorms,CS_Building,Dorms,Math_Building,Dorms,Cafeteria,Math_Building"
U0105_6,"Dorms,Cafeteria,Library,Cafeteria,Library"
U0105_7,"Dorms,Cafeteria,Math_Building,Cafeteria,Math_Building,Student_Center"
U0105_8,"Gym,Dorms,CS_Building,Library,Student_Center"
U0105_9,"Dorms,CS_Building,Cafeteria,CS_Building,Student_Center,Library,Dorms"
U0106_1,"Library,Gym,Cafeteria,Math_Building,Library,Student_Center,Gym"
U0106_10,"Dorms,Cafeteria,CS_Building,Dorms,Math_Building,Cafeteria,CS_Building,Cafeteria"
U0106_11,"Dorms,Cafeteria,Math_Building,Library,Cafeteria,Library"
U0106_12,"Cafeteria,Library,Cafeteria,CS_Building"
U0106_2,"Dorms,Cafeteria,CS_Building,Library,Cafeteria"
U0106_3,"Library,Dorms,CS_Building,Cafeteria,Library,Gym,Dorms,Cafeteria,Student_Center,Gym,Dorms"
U0106_4,"Dorms,CS_Building,Dorms,Cafeteria"
U0106_5,"Dorms,Cafeteria,CS_Building,Student_Center,Gym"
U0106_6,"Dorms,CS_Building,Student_Center,Library,Student_Center,Library,Cafeteria"
U0106_7,"Dorms,CS_Building,Student_Center,Dorms,Math_Building"
U0106_8,"Math_Building,Cafeteria,CS_Building,Library,Student_Center,Gym,Dorms,Cafeteria,Library,Dorms,CS_Building,Dorms,Cafeteria,CS_Building"
U0106_9,"Dorms,Cafeteria,Student_Center,Library,Student_Center,Dorms,Cafeteria"
U0107_1,"Dorms,Cafeteria,CS_Building"
U0107_10,"Dorms,Cafeteria,Math_Building,Cafeteria,Math_Building,Dorms,Math_Building,Library"
U0107_11,"Dorms,CS_Building,Cafeteria,CS_Building,Cafeteria,Math_Building,Student_Center"
U0107_12,"Dorms,Math_Building,Dorms,Cafeteria,Math_Building,Cafeteria,CS_Building"
U0107_13,"Dorms,Cafeteria,CS_Building,Library,Dorms,Library,Dorms"
U0107_2,"Dorms,Library,Cafeteria,CS_Building,Dorms"
U0107_3,"Dorms,CS_Building,Dorms,Library,Dorms,Cafeteria,CS_Building,Cafeteria"
U0107_4,"Dorms,CS_Building,Cafeteria,Library,Dorms,Math_Building,Cafeteria,Math_Building,Library"
U0107_5,"Dorms,Cafeteria,CS_Building,Cafeteria,Math_Building,Dorms"
U0107_6,"Student_Center,Library,Cafeteria,Student_Center,Dorms"
U0107_7,"Dorms,Math_Building,Student_Center,Gym,Cafeteria,CS_Building,Library"
U0107_8,"Dorms,Cafeteria,Library,Student_Center,Dorms"
U0107_9,"Dorms,CS_Building,Library,Cafeteria"
U0108_1,"Dorms,Cafeteria,Student_Center"
U0108_10,"Dorms,CS_Building,Student_Center,Library,Gym,Dorms"
U0108_11,"Student_Center,Library,Dorms,Cafeteria,Math_Building,Cafeteria,Math_Building"
U0108_12,"Dorms,Math_Building,Dorms"
U0108_13,"Dorms,Library,Gym,Dorms"
U0108_2,"Dorms,Math_Building,Cafeteria,CS_Building,Student_Center,Gym,Dorms,CS_Building"
U0108_3,"Math_Building,Student_Center,Gym,Cafeteria,Library,Cafeteria"
U0108_4,"Dorms,Cafeteria,Library,Gym,Dorms,Cafeteria,CS_Building,Cafeteria"
U0108_5,"Gym,Cafeteria,Library"
U0108_6,"Library,Gym,Dorms,Cafeteria,Student_Center,Library,Dorms,Cafeteria,Dorms,CS_Building,Library,Cafeteria,Math_Building,Library,Gym"
U0108_7,"Dorms,CS_Building,Library,Dorms,Cafeteria,Library"
U0108_8,"Dorms,Cafeteria,Math_Building,Library,Student_Center,Gym,Dorms"
U0108_9,"Dorms,Math_Building,Cafeteria,Math_Building"
U0109_1,"Dorms,Cafeteria,CS_Building,Library,Cafeteria,Library,Dorms"
U0109_10,"Dorms,CS_Building,Student_Center,Dorms,Library,Dorms,Cafeteria,Math_Building"
U0109_2,"CS_Building,Cafeteria,Math_Building,Student_Center,Dorms,Cafeteria"
U0109_3,"Math_Building,Cafeteria,CS_Building,Library,Dorms,Cafeteria,CS_Building,Cafeteria"
U0109_4,"Dorms,CS_Building,Student_Center,Dorms"
U0109_5,"Dorms,CS_Building,Student_Center,Gym,Dorms,Math_Building,Student_Center,Library"
U0109_6,"Library,Gym,Dorms"
U0109_7,"Dorms,Cafeteria,Math_Building,Library,Cafeteria,CS_Building,Library"
U0109_8,"Dorms,Cafeteria,Math_Building,Dorms,CS_Building"
U0109_9,"Dorms,Math_Building,Library,CS_Building,Student_Center,Dorms,Cafeteria,CS_Building,Student_Center,Dorms"
U0110_1,"Dorms,Cafeteria,CS_Building,Library,Gym"
U0110_10,"Dorms,Library,Student_Center,Gym,Dorms,Math_Building,Dorms,Cafeteria"
U0110_11,"Dorms,Math_Building,Student_Center,Gym,Dorms"
U0110_12,"Cafeteria,Library,Dorms,Math_Building"
U0110_13,"Dorms,Cafeteria,CS_Building,Library,Gym,Cafeteria,CS_Building"
U0110_14,"Dorms,Cafeteria,Math_Building,Dorms,CS_Building,Student_Center"
U0110_2,"Dorms,Cafeteria,Math_Building,Dorms,Math_Building,Library,Gym"
U0110_3,"Dorms,Cafeteria,Math_Building,Dorms,Library"
U0110_4,"Dorms,Cafeteria,Student_Center,Dorms,Cafeteria,Math_Building,Student_Center,Library"
U0110_5,"Dorms,Library,Cafeteria,CS_Building,Dorms,Cafeteria,Math_Building,Cafeteria"
U0110_6,"Student_Center,Library,Cafeteria,Library"
U0110_7,"Dorms,Cafeteria,CS_Building,Student_Center,Library,Student_Center,Gym,Dorms"
U0110_8,"Dorms,Math_Building,Library,Dorms,Math_Building"
U0110_9,"Dorms,Math_Building,Student_Center,Library,Dorms"
U0111_1,"Dorms,Cafeteria,Library,Dorms"
U0111_10,"Dorms,Cafeteria,Student_Center,Dorms,Cafeteria,Math_Building"
U0111_11,"Gym,Dorms,Math_Building,Library,Library,Cafeteria,Student_Center,Library,Dorms,Library,Student_Center"
U0111_12,"Library,Cafeteria,Math_Building,Student_Center,Library,Dorms,Cafeteria"
U0111_13,"Cafeteria,Library,Cafeteria,Math_Building,Student_Center,Library,Cafeteria"
U0111_2,"Dorms,Math_Building,Cafeteria,Library"
U0111_3,"Dorms,Library,Dorms,Cafeteria,Math_Building,Cafeteria,Dorms,Cafeteria,CS_Building,Cafeteria,Math_Building,Student_Center,Dorms,Math_Building"
U0111_4,"Cafeteria,CS_Building,Student_Center,Library,Dorms,CS_Building,Library,Gym,Cafeteria,CS_Building,Cafeteria,Library,Cafeteria,CS_Building,Cafeteria,Library"
U0111_5,"Dorms,CS_Building,Library,Dorms,Cafeteria,CS_Building,Library"
U0111_6,"Dorms,Cafeteria,Math_Building,Library,Dorms,Math_Building,Student_Center"
U0111_7,"Dorms,Cafeteria,Math_Building"
U0111_8,"Math_Building,Cafeteria,Math_Building,Student_Center,Library,Dorms,Cafeteria"
U0111_9,"Dorms,Cafeteria,Math_Building,Dorms,Dorms,CS_Building,Library,Cafeteria,Student_Center,Gym,Dorms"
U0112_1,"Dorms,Cafeteria,Math_Building,Cafeteria,Library,Cafeteria,Math_Building,Library"
U0112_10,"Dorms,Cafeteria,Math_Building,Dorms,Cafeteria,CS_Building,Library,Gym"
U0112_11,"Dorms,Cafeteria,CS_Building,Student_Center,Library,Cafeteria"
U0112_12,"Dorms,Library,Cafeteria"
U0112_13,"Dorms,CS_Building,Library,Cafeteria,Math_Building,Student_Center,Dorms,Math_Building"
U0112_14,"Dorms,CS_Building,Library,Dorms"
U0112_2,"Dorms,CS_Building,Library"
U0112_3,"Dorms,CS_Building,Cafeteria,CS_Building,Cafeteria,CS_Building"
U0112_4,"Cafeteria,Math_Building,Library"
U0112_5,"Dorms,Cafeteria,CS_Building,Library,Dorms"
U0112_6,"Dorms,Cafeteria,CS_Building,Student_Center,Library,Cafeteria,CS_Building,Student_Center"
U0112_7,"Dorms,Math_Building,Dorms,Cafeteria,Student_Center,Dorms,Library,Cafeteria"
U0112_8,"CS_Building,Library,Dorms,Math_Building,Cafeteria,Student_Center,Library"
U0112_9,"CS_Building,Library,Student_Center,Library"
U0113_1,"Gym,Dorms,Math_Building,Cafeteria"
U0113_10,"Dorms,Cafeteria,Library,Gym,Dorms,Math_Building,Dorms,Cafeteria,CS_Building"
U0113_11,"Dorms,Cafeteria,Library,Cafeteria"
U0113_2,"Library,Dorms,Library,Dorms"
U0113_3,"Dorms,CS_Building,Library"
U0113_4,"Dorms,CS_Building,Library,Cafeteria,CS_Building"
U0113_5,"Dorms,Cafeteria,Math_Building,Dorms,Cafeteria,Math_Building"
U0113_6,"Dorms,Cafeteria,Math_Building,Student_Center,Gym,Cafeteria,Math_Building,Library,Dorms,CS_Building,Library,Dorms"
U0113_7,"Dorms,CS_Building,Student_Center"
U0113_8,"Dorms,Math_Building,Student_Center,Dorms"
U0113_9,"Library,Gym,Dorms,Cafeteria,Library,Gym,Dorms"
U0114_1,"Dorms,Math_Building,Cafeteria,Library,Cafeteria,CS_Building,Library,Cafeteria,Dorms,Cafeteria,Library,Cafeteria,Student_Center"
U0114_10,"Dorms,CS_Building,Library"
U0114_11,"Dorms,Math_Building,Student_Center,Library"
U0114_2,"Dorms,CS_Building,Library,Cafeteria,Math_Building"
U0114_3,"Dorms,Math_Building,Cafeteria,Math_Building"
U0114_4,"Dorms,Math_Building,Cafeteria"
U0114_5,"Student_Center,Gym,Dorms,CS_Building"
U0114_6,"Dorms,Cafeteria,CS_Building,Cafeteria,Student_Center,Dorms,Cafeteria,Math_Building"
U0114_7,"Dorms,CS_Building,Library"
U0114_8,"Dorms,Math_Building,Library,Student_Center,Library,Dorms,Cafeteria,Library"
U0114_9,"Dorms,Cafeteria,Student_Center,Dorms"
U0115_1,"Dorms,Math_Building,Student_Center,Dorms,Cafeteria"
U0115_10,"Dorms,Cafeteria,Math_Building,Cafeteria,CS_Building,Library,Dorms,Cafeteria"
U0115_11,"Gym,Dorms,Cafeteria,Library"
U0115_12,"Dorms,Math_Building,Cafeteria,Student_Center,Library,Dorms,Cafeteria,Math_Building"
U0115_13,"Dorms,Cafeteria,Library,Cafeteria,Library,Gym"
U0115_14,"Dorms,Cafeteria,CS_Building,Cafeteria,Library,Cafeteria,Math_Building"
U0115_2,"Dorms,Cafeteria,CS_Building,Dorms,Math_Building,CS_Building,Dorms,CS_Building,Library,Cafeteria,Math_Building,Cafeteria,CS_Building"
U0115_3,"Library,Dorms,CS_Building,Library"
U0115_4,"Cafeteria,Math_Building,Cafeteria"
U0115_5,"Dorms,Cafeteria,Math_Building"
U0115_6,"Dorms,Library,Gym,Dorms,Cafeteria"
U0115_7,"Dorms,Cafeteria,CS_Building"
U0115_8,"Dorms,Cafeteria,Math_Building"
U0115_9,"Math_Building,Student_Center,Gym"
U0116_1,"Dorms,Cafeteria,Library,Gym"
U0116_10,"Dorms,Cafeteria,Library,Dorms,Library,Cafeteria,CS_Building,Student_Center"
U0116_11,"Dorms,Cafeteria,CS_Building,Library,Cafeteria,Student_Center,Dorms"
U0116_12,"Dorms,Math_Building,Cafeteria,Math_Building,Cafeteria,Library,Gym,Dorms,Math_Building,Student_Center,Dorms"
U0116_13,"Gym,Dorms,Library,Cafeteria,CS_Building"
U0116_14,"Dorms,Cafeteria,Student_Center,Gym,Cafeteria,Math_Building"
U0116_15,"Gym,Cafeteria,Library,Dorms,Library,Dorms,Library,Dorms,Cafeteria,Math_Building,Student_Center"
U0116_2,"Dorms,Math_Building,Student_Center"
U0116_3,"Dorms,Math_Building,Student_Center,Dorms,CS_Building,Library,Dorms"
U0116_4,"Dorms,Cafeteria,Student_Center,Gym,Dorms,CS_Building,Cafeteria"
U0116_5,"Gym,Dorms,Library,Cafeteria,Student_Center,Library,Dorms"
U0116_6,"Student_Center,Library,Dorms,Library,Student_Center,Gym,Dorms"
U0116_7,"Dorms,Library,Cafeteria,Math_Building,Cafeteria,Library,Gym"
U0116_8,"Student_Center,Library,Gym"
U0116_9,"Dorms,Cafeteria,CS_Building,Cafeteria,Student_Center"
U0117_1,"Cafeteria,CS_Building,Dorms,Cafeteria,Math_Building,Library,Dorms,Cafeteria,Dorms,Math_Building,Library,Cafeteria,Library"
U0117_10,"Dorms,Cafeteria,Math_Building,Student_Center,Gym,Dorms,CS_Building"
U0117_11,"Dorms,Cafeteria,Library,Dorms,Library,Dorms,Student_Center,Library,Cafeteria,CS_Building,Library"
U0117_12,"Dorms,Cafeteria,CS_Building,Student_Center,Library,Student_Center"
U0117_13,"CS_Building,Cafeteria,CS_Building,Cafeteria"
U0117_2,"Dorms,Cafeteria,CS_Building"
U0117_3,"Dorms,CS_Building,Library,Gym"
U0117_4,"Cafeteria,CS_Building,Dorms,Cafeteria,CS_Building"
U0117_5,"CS_Building,Student_Center,Library,Dorms,Math_Building,Cafeteria,CS_Building"
U0117_6,"Dorms,Library,Cafeteria,CS_Building,Student_Center"
U0117_7,"Dorms,CS_Building,Library,Dorms,CS_Building"
U0117_8,"Dorms,Cafeteria,Math_Building,Student_Center,Library,Student_Center,Library"
U0117_9,"Dorms,Cafeteria,Library,Gym"
U0118_1,"Dorms,Library,Cafeteria,Math_Building,Cafeteria,CS_Building"
U0118_10,"Cafeteria,Math_Building,Library,Dorms"
U0118_11,"Dorms,Cafeteria,Student_Center,Library,Student_Center"
U0118_12,"Dorms,Cafeteria,CS_Building,Student_Center,Library,Dorms,Library,Gym,Dorms,Math_Building,Student_Center,Gym,Cafeteria"
U0118_2,"Dorms,Cafeteria,Library,Dorms,Math_Building,Library,Cafeteria"
U0118_3,"Math_Building,Dorms,Cafeteria,CS_Building,Student_Center,Library,Gym,Dorms"
U0118_4,"Math_Building,Library,Dorms,Cafeteria"
U0118_5,"Gym,Dorms,Math_Building,Library,Cafeteria,CS_Building"
U0118_6,"Dorms,Math_Building,Student_Center,Dorms,Cafeteria,CS_Building,Cafeteria"
U0118_7,"Dorms,Math_Building,Cafeteria,CS_Building,Library,Gym,Dorms,Cafeteria"
U0118_8,"Dorms,Cafeteria,CS_Building,Library,Cafeteria,Math_Building,Library,Cafeteria"
U0118_9,"CS_Building,Student_Center,Gym"
U0119_1,"Student_Center,Library,Dorms,Cafeteria,CS_Building,Library,Dorms,Cafeteria,Student_Center,Library"
U0119_10,"Library,Gym,Dorms,Cafeteria"
U0119_11,"Dorms,Cafeteria,CS_Building,Library,Gym,Dorms"
U0119_12,"Cafeteria,CS_Building,Student_Center,Library,Student_Center,Gym"
U0119_13,"Student_Center,Gym,Dorms,CS_Building,Library,Dorms"
U0119_2,"Dorms,Cafeteria,CS_Building,Dorms"
U0119_3,"Dorms,Library,Dorms,CS_Building,Student_Center,Gym,Dorms,Cafeteria"
U0119_4,"Dorms,Math_Building,Cafeteria,Math_Building,Student_Center,Gym,Dorms,Dorms,Cafeteria,Student_Center"
U0119_5,"Dorms,Math_Building,Library,Dorms,Math_Building,Library,Dorms"
U0119_6,"Dorms,Math_Building,Library,Cafeteria"
U0119_7,"Dorms,CS_Building,Library,Cafeteria,Student_Center,Dorms,CS_Building,Student_Center"
U0119_8,"Dorms,Math_Building,Student_Center,Dorms,Math_Building,Student_Center"
U0119_9,"Dorms,Cafeteria,Math_Building"
U0120_1,"Dorms,Math_Building,Student_Center,Gym,Dorms,Cafeteria,Library"
U0120_10,"Dorms,CS_Building,Dorms,Cafeteria,Library"
U0120_11,"Dorms,Cafeteria,CS_Building,Student_Center,Library"
U0120_12,"Library,Dorms,CS_Building,Student_Center,Gym,Cafeteria,Math_Building"
U0120_13,"Dorms,Cafeteria,CS_Building,Library,Dorms,CS_Building"
U0120_14,"Dorms,Cafeteria,CS_Building,Cafeteria,Library,Dorms,CS_Building"
U0120_15,"Dorms,Cafeteria,Math_Building,Cafeteria,Math_Building"
U0120_2,"Math_Building,Dorms,CS_Building,Cafeteria"
U0120_3,"Dorms,Cafeteria,CS_Building,Library,Dorms"
U0120_4,"Library,Student_Center,Library,Gym"
U0120_5,"Dorms,Cafeteria,CS_Building,Student_Center,Gym,Cafeteria"
U0120_6,"Dorms,Math_Building,Student_Center,Library,Dorms,Cafeteria,CS_Building,Library"
U0120_7,"Dorms,Math_Building,Library,Dorms,CS_Building,Student_Center,Dorms,Library,Dorms,Cafeteria,Math_Building,Library"
U0120_8,"CS_Building,Student_Center,Dorms"
U0120_9,"Dorms,Math_Building,Student_Center"
U0121_1,"Dorms,Library,Gym,Dorms,CS_Building"
U0121_10,"Dorms,CS_Building,Dorms,Cafeteria,CS_Building,Student_Center,Library"
U0121_11,"Dorms,Math_Building,Dorms,Math_Building,Library,Dorms,Cafeteria,CS_Building,Library,Gym,Dorms"
U0121_12,"Dorms,Library,Cafeteria,Student_Center,Gym,Dorms,Cafeteria,Math_Building"
U0121_2,"Library,Cafeteria,Math_Building,Student_Center,Library,Gym,Dorms,Dorms,Cafeteria,CS_Building,Student_Center,Gym"
U0121_3,"Library,Dorms,CS_Building,Library,Dorms,CS_Building,Student_Center,Dorms"
U0121_4,"Dorms,Library,Dorms,Cafeteria,Library"
U0121_5,"Dorms,Cafeteria,Library,Dorms,Cafeteria,Math_Building"
U0121_6,"Dorms,Cafeteria,CS_Building,Student_Center,Library,Dorms,Math_Building"
U0121_7,"Dorms,Cafeteria,CS_Building"
U0121_8,"Dorms,Cafeteria,Library"
U0121_9,"CS_Building,Cafeteria,Library,Student_Center,Library,Student_Center,Dorms"
U0122_1,"Dorms,CS_Building,Library"
U0122_10,"Dorms,Cafeteria,CS_Building,Student_Center,Dorms,Library,Dorms,Math_Building,Library"
U0122_11,"Dorms,CS_Building,Dorms,Math_Building,Cafeteria,CS_Building,Dorms,Cafeteria,CS_Building,Library,Dorms,Cafeteria,Library"
U0122_12,"Dorms,Math_Building,Student_Center,Dorms,Math_Building,Student_Center,Dorms"
U0122_2,"Dorms,Cafeteria,CS_Building,Student_Center,Library,Dorms,Cafeteria,Library"
U0122_3,"Dorms,Cafeteria,Math_Building,Student_Center"
U0122_4,"Library,Dorms,Math_Building,Cafeteria,CS_Building,Cafeteria"
U0122_5,"Dorms,Library,Cafeteria,Math_Building,Student_Center,Dorms,Math_Building,Cafeteria"
U0122_6,"Math_Building,Cafeteria,Math_Building,Library,Student_Center,Gym"
U0122_7,"Dorms,CS_Building,Library,Gym,Dorms"
U0122_8,"Dorms,Library,Dorms,Cafeteria,Math_Building,Library,Dorms,Library"
U0122_9,"Dorms,Math_Building,Library,Dorms,Library,Dorms,Cafeteria,Math_Building"
U0123_1,"Math_Building,Student_Center,Dorms,Math_Building,Dorms,Cafeteria,CS_Building,Student_Center"
U0123_10,"Dorms,Cafeteria,Library,Cafeteria"
U0123_11,"Dorms,CS_Building,Library,Gym,Dorms,Math_Building"
U0123_2,"Dorms,Cafeteria,Math_Building,Dorms,Cafeteria,Student_Center,Gym,Dorms"
U0123_3,"Student_Center,Dorms,Math_Building,Cafeteria,CS_Building"
U0123_4,"Dorms,Math_Building,Student_Center,Dorms"
U0123_5,"Library,Dorms,Library,Gym"
U0123_6,"CS_Building,Student_Center,Dorms"
U0123_7,"Dorms,Cafeteria,Math_Building,Student_Center,Gym,Dorms,CS_Building"
U0123_8,"Dorms,Library,Gym,Cafeteria"
U0123_9,"Dorms,CS_Building,Student_Center,Dorms,CS_Building,Dorms"
U0124_1,"Gym,Cafeteria,CS_Building,Library,Cafeteria,Math_Building,Dorms,Cafeteria"
U0124_10,"Dorms,Cafeteria,CS_Building,Cafeteria,CS_Building,Cafeteria,CS_Building,Library"
U0124_11,"Student_Center,Library,Cafeteria,Library,Dorms,Math_Building,Student_Center"
U0124_2,"Dorms,Cafeteria,CS_Building,Cafeteria,Math_Building,Cafeteria"
U0124_3,"Cafeteria,Student_Center,Library"
U0124_4,"Dorms,Cafeteria,Math_Building"
U0124_5,"Dorms,Math_Building,Library,Dorms"
U0124_6,"Dorms,Cafeteria,Library,Cafeteria,CS_Building,Student_Center"
U0124_7,"Dorms,Cafeteria,Library,Cafeteria,Math_Building,Library,Cafeteria,CS_Building"
U0124_8,"Dorms,Math_Building,Cafeteria,Student_Center,Library,Cafeteria"
U0124_9,"Dorms,Cafeteria,CS_Building,Student_Center,Library,Dorms,Cafeteria"
U0125_1,"Dorms,Cafeteria,Library,Dorms,CS_Building,Student_Center,Dorms,Math_Building"
U0125_10,"Dorms,Cafeteria,Library,Cafeteria,CS_Building,Library,Dorms"
U0125_11,"Dorms,Cafeteria,Math_Building,Cafeteria,CS_Building,Library,Dorms,Library"
U0125_12,"Dorms,Math_Building,Student_Center,Dorms,Dorms,Math_Building,Student_Center,Gym"
U0125_13,"Dorms,Cafeteria,CS_Building,Library"
U0125_14,"Dorms,Cafeteria,Library,Cafeteria,CS_Building,Library,Student_Center"
U0125_15,"Dorms,Library,Student_Center,Library,Cafeteria,CS_Building"
U0125_16,"Dorms,Math_Building,Library"
U0125_2,"Dorms,CS_Building,Library,Cafeteria,Math_Building,Student_Center,Library"
U0125_3,"Dorms,Library,Gym"
U0125_4,"Dorms,Math_Building,Student_Center,Library,Dorms,Cafeteria"
U0125_5,"Dorms,Cafeteria,Math_Building,Dorms,Library,Dorms,CS_Building"
U0125_6,"Gym,Dorms,Cafeteria,CS_Building,Student_Center,Dorms,Cafeteria"
U0125_7,"Dorms,Cafeteria,CS_Building,Library,Cafeteria,CS_Building"
U0125_8,"Dorms,Cafeteria,Library"
U0125_9,"Dorms,Cafeteria,Math_Building,Cafeteria,Math_Building,Dorms"
U0126_1,"Dorms,CS_Building,Student_Center,Library,Dorms,Math_Building,Student_Center,Dorms"
U0126_10,"Dorms,Cafeteria,Library,Dorms"
U0126_11,"Dorms,Cafeteria,Library,Dorms,Cafeteria,Math_Building,Library,Student_Center"
U0126_12,"CS_Building,Student_Center,Gym,Cafeteria,Math_Building,Dorms,Cafeteria,CS_Building"
U0126_13,"Dorms,Cafeteria,Math_Building,Student_Center,Library"
U0126_14,"CS_Building,Student_Center,Gym,Dorms,Cafeteria,CS_Building"
U0126_2,"Dorms,Library,Cafeteria,CS_Building"
U0126_3,"Dorms,Cafeteria,Library,Cafeteria,Library"
U0126_4,"Dorms,CS_Building,Library,Cafeteria,CS_Building,Library,Dorms,Math_Building"
U0126_5,"Dorms,Math_Building,Student_Center,Gym,Cafeteria,CS_Building"
U0126_6,"Dorms,CS_Building,Cafeteria,Math_Building,Student_Center,Dorms,Cafeteria,Math_Building,Dorms,Math_Building"
U0126_7,"Dorms,Math_Building,Cafeteria"
U0126_8,"Dorms,Cafeteria,CS_Building,Cafeteria,Library,Cafeteria"
U0126_9,"Dorms,Math_Building,Dorms,Math_Building,Cafeteria,CS_Building"
U0127_1,"Dorms,Math_Building,Library,Cafeteria,Student_Center,Library,Cafeteria"
U0127_10,"Dorms,CS_Building,Library,Cafeteria,CS_Building,Library,Dorms,Math_Building"
U0127_11,"Dorms,CS_Building,Student_Center,Dorms,Cafeteria,CS_Building,Cafeteria,CS_Building"
U0127_12,"Dorms,CS_Building,Cafeteria,Math_Building,Student_Center"
U0127_13,"Dorms,Math_Building,Library,Dorms,Cafeteria"
U0127_2,"Cafeteria,Library,Gym,Dorms,Cafeteria"
U0127_3,"Dorms,Math_Building,Dorms"
U0127_4,"Dorms,Library,Dorms,Cafeteria"
U0127_5,"Dorms,Library,Dorms,CS_Building,Cafeteria,CS_Building,Cafeteria,Library,Dorms,Library,Student_Center"
U0127_6,"Dorms,Cafeteria,CS_Building,Student_Center,Library,Cafeteria,Math_Building,Cafeteria"
U0127_7,"Dorms,Cafeteria,CS_Building,Cafeteria,Math_Building,Library,Student_Center,Dorms"
U0127_8,"Dorms,Math_Building,Cafeteria,CS_Building,Dorms,Library,Dorms,Cafeteria"
U0127_9,"Dorms,CS_Building,Student_Center,Gym"
U0128_1,"Library,Gym,Dorms,Cafeteria"
U0128_10,"Dorms,Cafeteria,Library"
U0128_11,"Dorms,Cafeteria,CS_Building,Student_Center,Library,Library,Dorms,Cafeteria,Library,Gym,Dorms,Cafeteria,CS_Building"
U0128_2,"Dorms,CS_Building,Student_Center,Gym,Dorms,CS_Building"
U0128_3,"Dorms,Cafeteria,Math_Building,Student_Center,Gym,Cafeteria,Library,Dorms"
U0128_4,"Gym,Dorms,Cafeteria"
U0128_5,"Dorms,Cafeteria,CS_Building,Cafeteria,Math_Building,Student_Center,Library,Student_Center"
U0128_6,"Gym,Dorms,Cafeteria"
U0128_7,"Dorms,Library,Dorms,Cafeteria,Math_Building,Dorms,CS_Building,Dorms,Cafeteria,CS_Building,Dorms,Library,Student_Center,Gym,Cafeteria"
U0128_8,"Dorms,Math_Building,Cafeteria,CS_Building,Library"
U0128_9,"Dorms,Cafeteria,Library,Cafeteria,CS_Building,Library,Cafeteria"
U0129_1,"Dorms,Math_Building,Student_Center,Dorms,Cafeteria,Student_Center,Gym,Cafeteria,Math_Building,Cafeteria"
U0129_10,"Dorms,Cafeteria,Math_Building,Dorms,Cafeteria"
U0129_11,"Dorms,Cafeteria,Student_Center,Dorms,Cafeteria,Library,Gym"
U0129_2,"Dorms,Cafeteria,Math_Building,Student_Center,Dorms"
U0129_3,"Dorms,Cafeteria,CS_Building,Library,Dorms,Cafeteria"
U0129_4,"Gym,Dorms,Cafeteria,Math_Building,Library,Dorms,CS_Building,Library"
U0129_5,"Dorms,CS_Building,Library"
U0129_6,"Dorms,Math_Building,Dorms"
U0129_7,"Dorms,Cafeteria,CS_Building"
U0129_8,"Dorms,Library,Dorms,Math_Building,Student_Center,Library,Student_Center,Gym,Dorms,Math_Building,Student_Center,Library,Student_Center,Library"
U0129_9,"Dorms,Cafeteria,Math_Building,Library"
U0130_1,"Library,Student_Center,Library"
U0130_10,"Student_Center,Dorms,Cafeteria,Library,Dorms,Cafeteria"
U0130_11,"Dorms,Math_Building,Library,Gym,Dorms,Math_Building,Cafeteria,CS_Building"
U0130_12,"Dorms,Math_Building,Dorms,Cafeteria,Math_Building,Cafeteria,Math_Building,Dorms"
U0130_13,"Dorms,Cafeteria,Math_Building,Library,Student_Center,Library,Dorms,Math_Building"
U0130_14,"Student_Center,Library,Cafeteria,CS_Building,Library,Dorms,Cafeteria,CS_Building"
U0130_15,"Dorms,Cafeteria,Student_Center,Dorms,CS_Building,Student_Center,Library,Dorms,Library,Cafeteria,Math_Building,Dorms"
U0130_2,"Dorms,CS_Building,Student_Center,Library,Dorms,CS_Building,Student_Center"
U0130_3,"Student_Center,Dorms,Cafeteria,Library,Dorms,Math_Building"
U0130_4,"Math_Building,Cafeteria,Student_Center,Dorms,Cafeteria,Math_Building"
U0130_5,"Dorms,Math_Building,Student_Center"
U0130_6,"Math_Building,Cafeteria,Math_Building,Library,Dorms"
U0130_7,"Dorms,Math_Building,Student_Center,Dorms,Dorms,Math_Building,Student_Center,Dorms,Library,Gym,Dorms"
U0130_8,"Dorms,Cafeteria,CS_Building,Student_Center,Dorms,Math_Building"
U0130_9,"Student_Center,Dorms,Cafeteria,Library,Student_Center"
U0131_1,"Dorms,CS_Building,Dorms"
U0131_10,"Dorms,Math_Building,Library,Student_Center,Dorms,Math_Building"
U0131_2,"Dorms,Cafeteria,Math_Building,Student_Center,Dorms,Math_Building,Student_Center"
U0131_3,"Math_Building,Dorms,Cafeteria,Student_Center,Gym,Cafeteria"
U0131_4,"Dorms,Cafeteria,Math_Building,Library,Cafeteria,Math_Building,Library,Student_Center,Dorms,Cafeteria,Math_Building,Student_Center,Gym"
U0131_5,"Student_Center,Dorms,Cafeteria,Math_Building,Dorms"
U0131_6,"Dorms,Cafeteria,Library,Gym,Cafeteria,Math_Building"
U0131_7,"Dorms,CS_Building,Library"
U0131_8,"Dorms,Cafeteria,CS_Building,Dorms,Cafeteria,Student_Center,Dorms"
U0131_9,"CS_Building,Student_Center,Gym"
U0132_1,"Dorms,Math_Building,Cafeteria,CS_Building,Dorms,Cafeteria,CS_Building"
U0132_10,"Dorms,Cafeteria,Library,Dorms,Math_Building"
U0132_11,"Dorms,Cafeteria,Math_Building,Dorms,Cafeteria,CS_Building,Library,Dorms"
U0132_2,"Dorms,Cafeteria,CS_Building,Student_Center,Gym,Dorms,CS_Building,Cafeteria,Library"
U0132_3,"Dorms,Math_Building,Cafeteria,Math_Building,Library"
U0132_4,"Dorms,Library,Dorms,Dorms,Cafeteria,Math_Building,Student_Center,Gym"
U0132_5,"Dorms,Cafeteria,Student_Center,Dorms,Cafeteria"
U0132_6,"Dorms,Math_Building,Library,Cafeteria,Student_Center"
U0132_7,"Dorms,Cafeteria,Library,Student_Center,Dorms,Math_Building"
U0132_8,"Dorms,CS_Building,Student_Center,Library,Cafeteria,Library,Cafeteria,Math_Building"
U0132_9,"Dorms,Math_Building,Student_Center"
U0133_1,"CS_Building,Cafeteria,CS_Building"
U0133_10,"Cafeteria,CS_Building,Student_Center,Dorms"
U0133_11,"Math_Building,Cafeteria,Student_Center,Dorms,Cafeteria,Math_Building"
U0133_12,"Dorms,Cafeteria,Student_Center,Library,Cafeteria,Dorms,Math_Building,Library,Cafeteria,Math_Building"
U0133_13,"Dorms,CS_Building,Library,Gym,Cafeteria,CS_Building"
U0133_14,"Math_Building,Dorms,CS_Building,Student_Center,Dorms,CS_Building,Student_Center"
U0133_15,"Math_Building,Dorms,Cafeteria,CS_Building,Library,Gym,Dorms,CS_Building"
U0133_2,"Dorms,Cafeteria,Math_Building,Cafeteria,CS_Building,Dorms,Cafeteria"
U0133_3,"Gym,Dorms,Cafeteria,Dorms,Math_Building,Student_Center,Library,Cafeteria,Math_Building"
U0133_4,"Dorms,Math_Building,Library,Cafeteria,CS_Building,Library,Dorms,Cafeteria"
U0133_5,"Dorms,Cafeteria,Library,Dorms,Library,Student_Center,Gym,Dorms"
U0133_6,"Gym,Dorms,Library,Cafeteria,Math_Building,Library,Dorms"
U0133_7,"Student_Center,Library,Dorms"
U0133_8,"Dorms,CS_Building,Cafeteria,CS_Building"
U0133_9,"Dorms,Cafeteria,CS_Building,Library,Dorms,CS_Building,Student_Center"
U0134_1,"Gym,Dorms,Cafeteria,Library,Dorms,Library,Dorms,Cafeteria,Library,Student_Center,Gym,Dorms,Math_Building"
U0134_10,"Dorms,Library,Gym,Dorms,CS_Building,Library"
U0134_11,"Dorms,Library,Dorms,Cafeteria"
U0134_12,"Cafeteria,Math_Building,Student_Center,Library,Cafeteria,Math_Building"
U0134_13,"Dorms,Cafeteria,CS_Building,Library,Gym,Dorms,Math_Building,Library"
U0134_14,"Math_Building,Cafeteria,CS_Building,Library,Cafeteria,Student_Center,Dorms,Cafeteria"
U0134_2,"Dorms,Cafeteria,CS_Building,Cafeteria,Math_Building,Cafeteria,CS_Building"
U0134_3,"Dorms,Cafeteria,Math_Building,Cafeteria,Library,Dorms,Cafeteria,Math_Building"
U0134_4,"Gym,Cafeteria,Library,Dorms,Math_Building"
U0134_5,"CS_Building,Student_Center,Dorms"
U0134_6,"Dorms,Cafeteria,CS_Building,Library"
U0134_7,"Dorms,Cafeteria,CS_Building,Cafeteria"
U0134_8,"Dorms,Math_Building,Library,Dorms,Cafeteria,CS_Building"
U0134_9,"Math_Building,Student_Center,Dorms,CS_Building,Dorms,Cafeteria"
U0135_1,"Dorms,Math_Building,Library,Dorms,Dorms,Cafeteria,Math_Building,Student_Center,Gym,Cafeteria,Library,Cafeteria"
U0135_10,"Dorms,Cafeteria,CS_Building,Dorms,Cafeteria,Student_Center,Gym,Dorms,Cafeteria,Math_Building,Library,Gym,Dorms"
U0135_11,"Dorms,CS_Building,Student_Center,Gym,Cafeteria"
U0135_2,"Dorms,Cafeteria,CS_Building,Dorms,Math_Building,Student_Center,Gym,Cafeteria,Dorms,CS_Building,Cafeteria"
U0135_3,"Dorms,Cafeteria,Library,Dorms"
U0135_4,"Dorms,Cafeteria,CS_Building,Dorms,CS_Building"
U0135_5,"Dorms,Library,Student_Center,Library,Student_Center"
U0135_6,"Dorms,Cafeteria,CS_Building,Student_Center,Library,Dorms,CS_Building"
U0135_7,"Dorms,Cafeteria,Math_Building"
U0135_8,"Math_Building,Cafeteria,Math_Building,Student_Center,Dorms,CS_Building,Cafeteria"
U0135_9,"Cafeteria,Library,Dorms,Cafeteria,Math_Building,Dorms,Cafeteria,CS_Building,Dorms,Math_Building,Student_Center,Dorms,Dorms,CS_Building,Library,Dorms,Cafeteria,CS_Building,Cafeteria,Library"
U0136_1,"Dorms,Cafeteria,CS_Building,Library,Dorms,Math_Building,Student_Center"
U0136_10,"Dorms,Cafeteria,Student_Center,Dorms,Math_Building,Student_Center,Dorms,Cafeteria"
U0136_2,"Dorms,Cafeteria,CS_Building,Cafeteria,Math_Building"
U0136_3,"Dorms,Cafeteria,Student_Center,Dorms,Math_Building,Student_Center,Gym"
U0136_4,"Dorms,Cafeteria,Library,Dorms,Cafeteria,CS_Building,Student_Center,Library"
U0136_5,"Dorms,Math_Building,Cafeteria,Library,Dorms,Cafeteria,Student_Center"
U0136_6,"Dorms,Cafeteria,Library,Dorms"
U0136_7,"Dorms,Cafeteria,Library,Cafeteria,CS_Building,Student_Center,Library,Dorms,Cafeteria,CS_Building"
U0136_8,"Dorms,Cafeteria,Student_Center,Dorms,Cafeteria,Math_Building,Library"
U0136_9,"Dorms,Math_Building,Library,Gym,Dorms"
U0137_1,"Dorms,Library,Dorms"
U0137_10,"Dorms,Cafeteria,CS_Building,Cafeteria,Math_Building"
U0137_2,"Dorms,CS_Building,Library,Cafeteria"
U0137_3,"Dorms,CS_Building,Student_Center,Dorms"
U0137_4,"Dorms,Cafeteria,Math_Building"
U0137_5,"Dorms,CS_Building,Cafeteria"
U0137_6,"Student_Center,Gym,Cafeteria"
U0137_7,"Math_Building,Dorms,Math_Building,Cafeteria,CS_Building,Library,Gym"
U0137_8,"Dorms,Math_Building,Student_Center,Dorms,Math_Building,Dorms,Cafeteria,Library"
U0137_9,"Dorms,Cafeteria,CS_Building,Library,Cafeteria"
U0138_1,"Dorms,Cafeteria,Library,Gym,Dorms"
U0138_10,"Dorms,CS_Building,Library,Cafeteria,CS_Building,Library,Student_Center,Library"
U0138_11,"Dorms,Library,Gym,Dorms,Cafeteria"
U0138_12,"Dorms,Library,Dorms,Math_Building,Student_Center"
U0138_2,"Dorms,Math_Building,Cafeteria,Library,Cafeteria,CS_Building,Library"
U0138_3,"Student_Center,Dorms,Math_Building,Library"
U0138_4,"Dorms,CS_Building,Student_Center,Library,Cafeteria,Library,Cafeteria"
U0138_5,"Dorms,Cafeteria,Student_Center,Gym,Dorms,Cafeteria,CS_Building"
U0138_6,"Dorms,Cafeteria,Library,Student_Center,Library,Cafeteria"
U0138_7,"Dorms,Cafeteria,Math_Building,Cafeteria"
U0138_8,"Dorms,Cafeteria,Library"
U0138_9,"Dorms,Cafeteria,Library,Cafeteria,Library"
U0139_1,"Dorms,Cafeteria,Student_Center,Gym,Dorms,Math_Building,Cafeteria"
U0139_10,"Library,Cafeteria,CS_Building,Cafeteria,Math_Building"
U0139_11,"CS_Building,Cafeteria,Library,Dorms,CS_Building,Library,Dorms"
U0139_12,"Dorms,CS_Building,Cafeteria"
U0139_13,"Dorms,Cafeteria,Student_Center,Dorms,Library"
U0139_14,"Dorms,CS_Building,Cafeteria,CS_Building,Library,Cafeteria"
U0139_2,"Math_Building,Student_Center,Gym,Dorms"
U0139_3,"Dorms,Cafeteria,Math_Building,Library,Cafeteria,CS_Building,Library"
U0139_4,"CS_Building,Student_Center,Dorms,Library"
U0139_5,"Dorms,Cafeteria,CS_Building,Library,Cafeteria,Math_Building"
U0139_6,"Dorms,Cafeteria,CS_Building,Library,Gym"
U0139_7,"Dorms,Cafeteria,CS_Building,Dorms,Cafeteria,Math_Building,Student_Center,Library,Dorms,Library,Gym"
U0139_8,"Cafeteria,Math_Building,Student_Center,Gym,Dorms,Cafeteria"
U0139_9,"Dorms,CS_Building,Dorms"
U0140_1,"Dorms,CS_Building,Library"
U0140_10,"Dorms,CS_Building,Student_Center,Library,Gym,Dorms,Library"
U0140_2,"Dorms,Cafeteria,Math_Building"
U0140_3,"Dorms,Cafeteria,CS_Building,Library,Gym,Dorms,Cafeteria,Library"
U0140_4,"Dorms,CS_Building,Student_Center,Gym,Cafeteria,Library"
U0140_5,"Dorms,Cafeteria,Library,Dorms,Cafeteria,Library,Cafeteria"
U0140_6,"Dorms,Library,Dorms,Cafeteria"
U0140_7,"Dorms,Math_Building,Library,Dorms,Math_Building,Library"
U0140_8,"Dorms,Cafeteria,Library,Gym,Dorms,Math_Building"
U0140_9,"Dorms,Cafeteria,Math_Building,Library,Student_Center"
U0141_1,"Dorms,Cafeteria,Student_Center"
U0141_10,"Math_Building,Dorms,Math_Building,Student_Center,Dorms,Cafeteria,CS_Building,Cafeteria,CS_Building"
U0141_11,"Dorms,Cafeteria,Math_Building,Student_Center,Dorms,CS_Building,Cafeteria"
U0141_12,"Dorms,Math_Building,Dorms,Library,Cafeteria,CS_Building"
U0141_2,"Dorms,CS_Building,Dorms,Cafeteria,Math_Building"
U0141_3,"Dorms,CS_Building,Cafeteria,Student_Center,Library,Gym,Dorms,CS_Building,Library,Dorms"
U0141_4,"CS_Building,Dorms,CS_Building,Cafeteria,CS_Building,Student_Center,Library,Cafeteria"
U0141_5,"Dorms,Library,Dorms,Cafeteria,Library,Dorms"
U0141_6,"Dorms,Cafeteria,CS_Building,Library,Dorms,CS_Building,Cafeteria,Library"
U0141_7,"Dorms,Math_Building,Library,Dorms,CS_Building,Dorms,CS_Building,Cafeteria"
U0141_8,"Gym,Dorms,CS_Building,Library,Dorms,CS_Building,Student_Center,Gym"
U0141_9,"Dorms,Cafeteria,Math_Building"
U0142_1,"Dorms,Cafeteria,CS_Building,Cafeteria,CS_Building"
U0142_10,"Library,Cafeteria,CS_Building,Library"
U0142_11,"Dorms,Cafeteria,Math_Building,Library,Dorms,CS_Building"
U0142_2,"Dorms,Math_Building,Student_Center,Gym,Dorms,CS_Building"
U0142_3,"Library,Cafeteria,Math_Building,Student_Center,Gym,Dorms,CS_Building,Student_Center"
U0142_4,"Dorms,Cafeteria,CS_Building,Cafeteria"
U0142_5,"Dorms,CS_Building,Library,Dorms"
U0142_6,"Dorms,Cafeteria,Library,Dorms"
U0142_7,"Dorms,Cafeteria,Library"
U0142_8,"Dorms,Library,Dorms,Cafeteria,Library"
U0142_9,"Dorms,Cafeteria,Math_Building,Student_Center,Gym"
U0143_1,"Cafeteria,CS_Building,Library,Cafeteria,Library,Dorms,Cafeteria"
U0143_10,"Dorms,Cafeteria,CS_Building"
U0143_11,"Dorms,Cafeteria,Library"
U0143_12,"Math_Building,Library,Gym,Dorms"
U0143_13,"Dorms,Cafeteria,Library,Dorms,Cafeteria,Library,Cafeteria,Student_Center"
U0143_2,"Dorms,Cafeteria,Math_Building,Student_Center,Library,Dorms,Cafeteria"
U0143_3,"Gym,Cafeteria,Student_Center,Dorms,Math_Building"
U0143_4,"Cafeteria,Student_Center,Dorms,Math_Building,Library,Dorms,Cafeteria"
U0143_5,"Student_Center,Gym,Dorms,CS_Building,Library"
U0143_6,"Dorms,Cafeteria,Math_Building,Cafeteria,CS_Building,Library,Gym,Dorms"
U0143_7,"CS_Building,Cafeteria,Library,Dorms,Cafeteria,CS_Building"
U0143_8,"Dorms,Cafeteria,Library,Dorms,Math_Building"
U0143_9,"Dorms,Math_Building,Cafeteria,Library,Dorms,Cafeteria"
U0144_1,"Dorms,Cafeteria,Math_Building,Library,Dorms"
U0144_10,"Dorms,Math_Building,Dorms,Math_Building"
U0144_11,"Dorms,Cafeteria,Library,Gym"
U0144_12,"Dorms,Cafeteria,CS_Building"
U0144_2,"Dorms,CS_Building,Library,Dorms,Library,Cafeteria,Math_Building,Student_Center"
U0144_3,"Dorms,CS_Building,Student_Center"
U0144_4,"Dorms,Library,Gym,Dorms,Cafeteria,Library,Student_Center,Gym"
U0144_5,"Dorms,Cafeteria,Student_Center,Gym,Gym,Dorms,Cafeteria,Math_Building,Library"
U0144_6,"Dorms,Cafeteria,Math_Building,Library,Gym,Dorms,Library,Gym"
U0144_7,"Dorms,Math_Building,Library,Dorms,Cafeteria,Student_Center"
U0144_8,"Dorms,CS_Building,Cafeteria,Student_Center,Gym,Dorms,Cafeteria"
U0144_9,"Dorms,Cafeteria,Library,Dorms,Cafeteria,Student_Center"
U0145_1,"Math_Building,Library,Cafeteria,Math_Building,Library"
U0145_10,"Dorms,Math_Building,Dorms,CS_Building,Library"
U0145_11,"Library,Gym,Dorms,Math_Building,Dorms,Library,Student_Center"
U0145_12,"Dorms,Cafeteria,CS_Building,Library,Gym,Dorms,CS_Building,Dorms,Math_Building,Library,Dorms"
U0145_13,"Student_Center,Dorms,Library,Gym,Dorms"
U0145_14,"CS_Building,Library,Gym,Dorms,Math_Building,Student_Center"
U0145_2,"Dorms,Cafeteria,CS_Building,Student_Center,Library"
U0145_3,"Dorms,Cafeteria,Math_Building,Dorms,Cafeteria,Student_Center,Library,Cafeteria"
U0145_4,"Dorms,CS_Building,Library"
U0145_5,"Gym,Dorms,CS_Building,Dorms,Cafeteria,Math_Building,Cafeteria,CS_Building"
U0145_6,"Dorms,CS_Building,Dorms,Cafeteria,Math_Building,Student_Center,Gym"
U0145_7,"Dorms,CS_Building,Cafeteria,CS_Building,Library,Dorms,CS_Building,Library"
U0145_8,"Cafeteria,CS_Building,Cafeteria"
U0145_9,"Dorms,CS_Building,Student_Center,Gym"
U0146_1,"Math_Building,Library,Dorms,Math_Building,Library"
U0146_10,"Dorms,Cafeteria,Library,Cafeteria,CS_Building,Library,Dorms,CS_Building"
U0146_2,"Dorms,Math_Building,Cafeteria,Library,Cafeteria,Math_Building"
U0146_3,"Dorms,CS_Building,Student_Center,Gym,Dorms,Math_Building,Dorms,Cafeteria"
U0146_4,"Dorms,Cafeteria,Math_Building"
U0146_5,"Dorms,Math_Building,Dorms,Library,Dorms,CS_Building,Library"
U0146_6,"Student_Center,Library,Dorms"
U0146_7,"Dorms,Cafeteria,Student_Center,Dorms,Cafeteria,CS_Building,Student_Center"
U0146_8,"Dorms,Cafeteria,Math_Building,Library"
U0146_9,"Student_Center,Gym,Cafeteria,Student_Center"
U0147_1,"Dorms,Cafeteria,Library,Cafeteria"
U0147_10,"Dorms,Math_Building,Cafeteria,Library,Cafeteria,Student_Center"
U0147_11,"Dorms,Library,Cafeteria,Library,Gym,Cafeteria"
U0147_12,"Dorms,Cafeteria,Math_Building,Student_Center,Dorms,Cafeteria,CS_Building"
U0147_2,"CS_Building,Library,Dorms,Cafeteria,CS_Building,Student_Center,Library,Gym"
U0147_3,"Dorms,Cafeteria,CS_Building"
U0147_4,"Dorms,Cafeteria,Math_Building"
U0147_5,"Dorms,CS_Building,Cafeteria,Math_Building,Dorms,Cafeteria,Library,Gym"
U0147_6,"Dorms,Cafeteria,Student_Center,Gym,Dorms"
U0147_7,"Gym,Dorms,Cafeteria,CS_Building,Library"
U0147_8,"Dorms,Math_Building,Dorms,Cafeteria,Library,Cafeteria,Math_Building"
U0147_9,"Dorms,Cafeteria,CS_Building,Library,Dorms,Math_Building,Dorms"
U0148_1,"Math_Building,Dorms,Library"
U0148_10,"Dorms,Math_Building,Dorms,CS_Building,Library,Cafeteria,Math_Building"
U0148_11,"Library,Dorms,Cafeteria,Student_Center"
U0148_12,"Dorms,Math_Building,Dorms,Cafeteria,Math_Building,Cafeteria,Library"
U0148_13,"Dorms,Cafeteria,CS_Building"
U0148_14,"Cafeteria,CS_Building,Library,Dorms,Library,Dorms"
U0148_15,"Dorms,Math_Building,Cafeteria,Math_Building,Student_Center,Gym"
U0148_16,"Dorms,Cafeteria,CS_Building,Cafeteria,CS_Building,Library,Gym,Dorms"
U0148_17,"Dorms,Library,Dorms,CS_Building,Library,Dorms"
U0148_2,"Gym,Dorms,Cafeteria,CS_Building,Library,Dorms"
U0148_3,"Math_Building,Student_Center,Library,Dorms,Math_Building"
U0148_4,"Dorms,Cafeteria,CS_Building,Library,Cafeteria,Math_Building,Library"
U0148_5,"Cafeteria,CS_Building,Cafeteria,CS_Building,Student_Center,Dorms,Cafeteria"
U0148_6,"Dorms,CS_Building,Library,Dorms,CS_Building,Student_Center,Library,Gym"
U0148_7,"Dorms,Cafeteria,CS_Building,Cafeteria"
U0148_8,"Dorms,Math_Building,Cafeteria,Student_Center,Library,Gym,Cafeteria"
U0148_9,"Dorms,CS_Building,Cafeteria,Student_Center"
U0149_1,"Dorms,Cafeteria,CS_Building,Library,Dorms,Cafeteria,Math_Building"
U0149_10,"Dorms,Cafeteria,CS_Building,Student_Center,Gym,Dorms,Math_Building,Library,Gym,Dorms,CS_Building,Student_Center,Gym,Dorms"
U0149_2,"Dorms,Cafeteria,Math_Building,Dorms,Cafeteria,Math_Building,Student_Center,Gym"
U0149_3,"CS_Building,Dorms,CS_Building,Cafeteria,CS_Building"
U0149_4,"Student_Center,Gym,Dorms,Cafeteria"
U0149_5,"Student_Center,Dorms,Math_Building,Library,Cafeteria,Math_Building,Library,Student_Center"
U0149_6,"Dorms,CS_Building,Cafeteria,Library,Cafeteria,Library"
U0149_7,"Dorms,Cafeteria,Math_Building"
U0149_8,"Dorms,Cafeteria,CS_Building,Student_Center,Dorms,Math_Building"
U0149_9,"Dorms,Cafeteria,CS_Building,Student_Center,Library,Cafeteria"
U0150_1,"Dorms,CS_Building,Cafeteria,Student_Center,Library"
U0150_10,"Library,Dorms,Math_Building,Library,Gym,Dorms,Cafeteria"
U0150_11,"Dorms,CS_Building,Library,Dorms,Cafeteria,Library"
U0150_12,"Gym,Dorms,Cafeteria,Library,Dorms,CS_Building"
U0150_2,"Library,Dorms,Math_Building,Dorms"
U0150_3,"CS_Building,Student_Center,Dorms,Math_Building,Cafeteria,Library,Cafeteria,Math_Building"
U0150_4,"Dorms,Math_Building,Library,Dorms"
U0150_5,"Dorms,Cafeteria,Math_Building,Library,Dorms"
U0150_6,"Dorms,Library,Dorms,Cafeteria,Library,Dorms,CS_Building,Student_Center"
U0150_7,"Math_Building,Dorms,Cafeteria,Library,Gym,Cafeteria,CS_Building"
U0150_8,"Dorms,Cafeteria,Math_Building"
U0150_9,"Cafeteria,Math_Building,Cafeteria,Math_Building,Cafeteria,CS_Building,Cafeteria"
U0151_1,"Cafeteria,CS_Building,Library,Dorms,Cafeteria,CS_Building"
U0151_10,"Dorms,Cafeteria,CS_Building,Student_Center,Cafeteria,CS_Building,Library,Cafeteria,CS_Building,Cafeteria,Library"
U0151_2,"Math_Building,Student_Center,Library,Gym,Dorms,Cafeteria,Library,Dorms,Dorms,Cafeteria,Math_Building,Dorms"
U0151_3,"Library,Dorms,Math_Building"
U0151_4,"Dorms,Math_Building,Library,Gym,Dorms,Math_Building"
U0151_5,"Dorms,Library,Cafeteria,CS_Building,Cafeteria"
U0151_6,"Library,Cafeteria,Math_Building"
U0151_7,"CS_Building,Library,Dorms,Cafeteria,CS_Building,Library,Cafeteria,Dorms,Math_Building,Cafeteria,CS_Building"
U0151_8,"Dorms,Cafeteria,CS_Building,Student_Center,Gym,Dorms,Cafeteria,Student_Center"
U0151_9,"Dorms,Library,Student_Center,Library,Cafeteria,Library,Cafeteria,CS_Building"
U0152_1,"Dorms,Cafeteria,CS_Building,Library,Cafeteria,CS_Building,Student_Center"
U0152_10,"Dorms,Cafeteria,CS_Building,Student_Center,Gym,Dorms,Math_Building,Library"
U0152_11,"Dorms,Library,Cafeteria,CS_Building"
U0152_12,"Student_Center,Gym,Dorms,Cafeteria,Math_Building,Library,Library,Cafeteria,CS_Building"
U0152_13,"Dorms,Math_Building,Cafeteria,Library,Dorms"
U0152_14,"Dorms,Cafeteria,Math_Building,Dorms,Math_Building"
U0152_2,"Dorms,Math_Building,Cafeteria,Math_Building"
U0152_3,"Dorms,Math_Building,Dorms,Cafeteria,Library,Gym,Dorms,Cafeteria"
U0152_4,"Dorms,CS_Building,Student_Center,Gym,Dorms"
U0152_5,"Dorms,CS_Building,Student_Center,Dorms,Cafeteria"
U0152_6,"Cafeteria,Math_Building,Library,Cafeteria"
U0152_7,"Math_Building,Student_Center,Dorms,CS_Building,Library"
U0152_8,"Gym,Dorms,Cafeteria,Library,Cafeteria,Dorms,Cafeteria,CS_Building,Cafeteria,Math_Building,Cafeteria,Math_Building"
U0152_9,"Dorms,Math_Building,Cafeteria,Math_Building,Cafeteria,Student_Center,Dorms"
U0153_1,"Dorms,Cafeteria,CS_Building,Dorms,CS_Building,Library"
U0153_10,"Student_Center,Dorms,Cafeteria,CS_Building,Library,Cafeteria,CS_Building,Cafeteria,Math_Building,Library"
U0153_11,"Dorms,Cafeteria,Student_Center,Dorms,Math_Building,Cafeteria,CS_Building"
U0153_12,"CS_Building,Student_Center,Library,Cafeteria,CS_Building"
U0153_13,"Dorms,Cafeteria,Math_Building,Student_Center,Library,Dorms,Cafeteria,Math_Building"
U0153_14,"Dorms,Cafeteria,CS_Building,Library,Cafeteria,Student_Center"
U0153_2,"Dorms,Cafeteria,Library,Cafeteria,CS_Building"
U0153_3,"Dorms,Math_Building,Dorms,CS_Building,Library,Dorms,Library,Dorms,Math_Building,Student_Center,Library,Dorms"
U0153_4,"Dorms,Math_Building,Student_Center,Library,Dorms"
U0153_5,"Library,Student_Center,Dorms,Math_Building,Cafeteria,Library"
U0153_6,"Dorms,CS_Building,Cafeteria,CS_Building,Student_Center,Gym,Dorms,Math_Building"
U0153_7,"Dorms,Math_Building,Student_Center,Library,Dorms,Math_Building,Student_Center,Library"
U0153_8,"Dorms,Cafeteria,CS_Building,Library,Dorms,Math_Building"
U0153_9,"Dorms,Cafeteria,Math_Building"
U0154_1,"Gym,Dorms,Cafeteria"
U0154_10,"Dorms,Library,Cafeteria,Student_Center"
U0154_11,"Dorms,Cafeteria,Math_Building,Dorms,Dorms,Math_Building,Library,Dorms,Math_Building,Dorms,Cafeteria,Math_Building,Dorms,Cafeteria,CS_Building,Library,Cafeteria,CS_Building"
U0154_12,"Dorms,CS_Building,Student_Center,Gym,Dorms,Cafeteria,Math_Building"
U0154_13,"Dorms,Math_Building,Library,Cafeteria,CS_Building"
U0154_14,"Dorms,CS_Building,Student_Center,Library,Cafeteria,Math_Building"
U0154_2,"Dorms,CS_Building,Library"
U0154_3,"Dorms,Cafeteria,Library,Dorms,Cafeteria,Library"
U0154_4,"Library,Gym,Dorms,Cafeteria,Math_Building,Dorms"
U0154_5,"Dorms,Library,Cafeteria,Dorms,Library,Dorms,Library,Cafeteria"
U0154_6,"Dorms,Cafeteria,CS_Building,Cafeteria,CS_Building,Library,Dorms,CS_Building,Dorms"
U0154_7,"Dorms,Cafeteria,CS_Building"
U0154_8,"Dorms,Cafeteria,CS_Building,Library,Dorms,Math_Building,Student_Center"
U0154_9,"Dorms,CS_Building,Cafeteria,CS_Building,Library,Cafeteria,Library,Dorms"
U0155_1,"Dorms,CS_Building,Student_Center,Dorms,CS_Building,Dorms,Math_Building"
U0155_10,"Dorms,Library,Dorms"
U0155_11,"Math_Building,Library,Dorms,CS_Building,Library"
U0155_12,"Dorms,Cafeteria,Math_Building,Dorms,Math_Building,Dorms,Math_Building,Dorms"
U0155_13,"Dorms,CS_Building,Student_Center,Gym,Dorms"
U0155_14,"Dorms,Library,Cafeteria,Student_Center,Gym"
U0155_15,"Dorms,CS_Building,Cafeteria"
U0155_2,"Dorms,Cafeteria,CS_Building,Library,Dorms,CS_Building"
U0155_3,"Student_Center,Library,Dorms,Cafeteria,CS_Building,Cafeteria,CS_Building"
U0155_4,"Dorms,Math_Building,Dorms,Math_Building,Library,Cafeteria,Student_Center,Gym,Dorms,Cafeteria,CS_Building,Library"
U0155_5,"Dorms,Cafeteria,Student_Center,Dorms,Math_Building,Library,Dorms,Math_Building"
U0155_6,"Dorms,Cafeteria,Math_Building,Student_Center"
U0155_7,"Dorms,Cafeteria,Math_Building,Student_Center,Gym"
U0155_8,"Dorms,Cafeteria,Math_Building,Cafeteria,CS_Building,Student_Center,Dorms"
U0155_9,"Math_Building,Dorms,Library,Dorms,Math_Building"
U0156_1,"Dorms,Math_Building,Dorms,Cafeteria,CS_Building,Library,Cafeteria"
U0156_10,"Gym,Dorms,CS_Building,Student_Center,Dorms,CS_Building"
U0156_11,"Gym,Dorms,Math_Building,Dorms,Cafeteria,CS_Building,Student_Center"
U0156_12,"Dorms,Cafeteria,CS_Building,Student_Center,Dorms,Library,Cafeteria"
U0156_13,"Dorms,Cafeteria,CS_Building,Library,Student_Center,Dorms"
U0156_2,"Dorms,Math_Building,Student_Center,Gym,Dorms,Cafeteria"
U0156_3,"Dorms,Math_Building,Student_Center,Dorms,Math_Building"
U0156_4,"Dorms,Cafeteria,Math_Building,Cafeteria,CS_Building"
U0156_5,"Dorms,CS_Building,Dorms,Cafeteria"
U0156_6,"Dorms,Cafeteria,CS_Building,Cafeteria"
U0156_7,"Dorms,Math_Building,Dorms,Library,Dorms,Library,Cafeteria,Gym,Dorms,Math_Building,Student_Center,Gym,Cafeteria,Library"
U0156_8,"Dorms,Cafeteria,CS_Building,Dorms,CS_Building,Student_Center,Dorms"
U0156_9,"Math_Building,Student_Center,Library"
U0157_1,"Math_Building,Dorms,CS_Building"
U0157_10,"Dorms,CS_Building,Cafeteria,CS_Building,Math_Building,Student_Center,Dorms,Cafeteria,Math_Building,Student_Center,Library,Cafeteria"
U0157_11,"Cafeteria,CS_Building,Student_Center,Library,Dorms,Cafeteria,Library"
U0157_2,"Dorms,Library,Gym,Dorms,CS_Building"
U0157_3,"Dorms,Library,Dorms,Math_Building,Student_Center,Dorms,Cafeteria,CS_Building"
U0157_4,"Dorms,CS_Building,Library,Dorms"
U0157_5,"Dorms,Library,Gym,Dorms,Library"
U0157_6,"Dorms,CS_Building,Library,Cafeteria,CS_Building,Student_Center"
U0157_7,"Dorms,CS_Building,Library"
U0157_8,"Dorms,Math_Building,Student_Center,Library"
U0157_9,"Dorms,Cafeteria,CS_Building,Student_Center,Gym"
U0158_1,"Dorms,Cafeteria,Student_Center,Library"
U0158_10,"Dorms,Library,Student_Center,Gym"
U0158_11,"Dorms,Cafeteria,Math_Building"
U0158_2,"Dorms,Cafeteria,Math_Building,Library,Dorms,Dorms,Math_Building,Library,Gym"
U0158_3,"Cafeteria,Math_Building,Cafeteria,Math_Building"
U0158_4,"Dorms,Cafeteria,CS_Building,Student_Center,Dorms,Math_Building,Student_Center,Dorms"
U0158_5,"Dorms,Cafeteria,CS_Building,Student_Center,Library,Gym"
U0158_6,"Cafeteria,Student_Center,Dorms,Cafeteria,Math_Building,Dorms"
U0158_7,"Dorms,Math_Building,Dorms,Math_Building,Library,Gym,Dorms,Dorms,Math_Building,Dorms,Cafeteria,Dorms,Cafeteria,CS_Building,Library,Dorms,Cafeteria,Math_Building"
U0158_8,"Dorms,Math_Building,Student_Center"
U0158_9,"Dorms,Math_Building,Student_Center"
U0159_1,"Library,Cafeteria,CS_Building"
U0159_10,"Gym,Dorms,Cafeteria,Math_Building,Library"
U0159_2,"Dorms,CS_Building,Student_Center,Dorms"
U0159_3,"Dorms,Math_Building,Library,Dorms,Math_Building,Student_Center,Dorms"
U0159_4,"Dorms,Cafeteria,CS_Building,Cafeteria,CS_Building"
U0159_5,"Dorms,Cafeteria,Library,Cafeteria,CS_Building,Student_Center,Library,Dorms,Cafeteria,Library"
U0159_6,"Cafeteria,CS_Building,Library,Dorms,Cafeteria"
U0159_7,"Dorms,CS_Building,Library,Cafeteria,CS_Building,Cafeteria,CS_Building"
U0159_8,"Dorms,CS_Building,Cafeteria"
U0159_9,"Dorms,Cafeteria,Library,Dorms,Cafeteria,CS_Building,Library,Dorms"
U0160_1,"Dorms,Cafeteria,Student_Center,Library,Dorms"
U0160_10,"Dorms,Math_Building,Student_Center"
U0160_11,"Dorms,Library,Dorms,CS_Building,Student_Center,Dorms,Library,Gym,Dorms,Library,Gym,Dorms"
U0160_12,"Dorms,Cafeteria,Math_Building,Library,Dorms,CS_Building,Cafeteria,Library,Gym,Cafeteria,Math_Building,Cafeteria,CS_Building"
U0160_2,"Dorms,Library,Dorms,Cafeteria,Dorms,Cafeteria,Library,Gym,CS_Building,Cafeteria,CS_Building"
U0160_3,"CS_Building,Library,Dorms,Library,Gym,Cafeteria,CS_Building,Student_Center,Dorms"
U0160_4,"Dorms,Cafeteria,CS_Building"
U0160_5,"Dorms,Math_Building,Library,Dorms,Library,Dorms"
U0160_6,"Dorms,Cafeteria,CS_Building,Cafeteria,CS_Building,Library,Cafeteria"
U0160_7,"Dorms,Cafeteria,CS_Building,Student_Center,Gym,Dorms,CS_Building"
U0160_8,"Dorms,Library,Dorms,Library"
U0160_9,"Dorms,CS_Building,Cafeteria,Math_Building"
U0161_1,"Dorms,Library,Gym,Cafeteria,CS_Building,Cafeteria,Math_Building,Library,Dorms,CS_Building,Library,Cafeteria,CS_Building,Library"
U0161_10,"Dorms,Math_Building,Library,Dorms,Cafeteria,Math_Building,Cafeteria"
U0161_11,"Library,Cafeteria,CS_Building,Dorms,Cafeteria,Math_Building,Cafeteria,CS_Building,Student_Center"
U0161_12,"Dorms,Cafeteria,Math_Building,Student_Center"
U0161_2,"Dorms,Cafeteria,CS_Building"
U0161_3,"Dorms,Math_Building,Student_Center,Gym,Dorms"
U0161_4,"Gym,Dorms,Cafeteria,CS_Building,Library"
U0161_5,"Dorms,CS_Building,Cafeteria,CS_Building,Cafeteria,Math_Building,Dorms"
U0161_6,"Dorms,Library,Gym,Dorms"
U0161_7,"Dorms,Cafeteria,Student_Center,Dorms,CS_Building,Library"
U0161_8,"Cafeteria,Math_Building,Dorms,Cafeteria"
U0161_9,"Dorms,CS_Building,Library"
U0162_1,"Dorms,Math_Building,Library"
U0162_10,"Dorms,CS_Building,Library,Gym,Dorms,CS_Building,Student_Center"
U0162_2,"Dorms,CS_Building,Library,Gym,Dorms,Cafeteria,Math_Building,Dorms"
U0162_3,"Library,Dorms,Math_Building,Library,Dorms,Cafeteria"
U0162_4,"Dorms,CS_Building,Cafeteria"
U0162_5,"Dorms,CS_Building,Student_Center,Library,Cafeteria,CS_Building,Library,Dorms"
U0162_6,"Library,Cafeteria,Math_Building,Student_Center,Library"
U0162_7,"Dorms,Cafeteria,Library,Gym"
U0162_8,"Dorms,Cafeteria,Math_Building,Library,Dorms,Cafeteria,Library,Dorms"
U0162_9,"Dorms,CS_Building,Library,Dorms"
U0163_1,"Dorms,Cafeteria,Math_Building,Student_Center,Dorms"
U0163_10,"Dorms,Cafeteria,CS_Building,Library,Dorms"
U0163_11,"Dorms,Cafeteria,Library"
U0163_12,"Dorms,Cafeteria,CS_Building,Library,Dorms"
U0163_13,"Dorms,Math_Building,Cafeteria,CS_Building,Student_Center,Dorms,Cafeteria,CS_Building"
U0163_14,"Library,Dorms,CS_Building,Library,Student_Center,Dorms,CS_Building,Dorms,CS_Building,Dorms,Cafeteria,Math_Building,Student_Center,Library"
U0163_15,"Dorms,Math_Building,Library,Dorms,CS_Building,Student_Center,Dorms,Cafeteria"
U0163_16,"Dorms,Math_Building,Library,Gym,Cafeteria,Library"
U0163_17,"Gym,Dorms,Cafeteria,Library,Gym,Dorms"
U0163_18,"Dorms,Cafeteria,CS_Building,Student_Center,Dorms,Cafeteria,CS_Building,Library,Student_Center,Library,Cafeteria,Math_Building,Library"
U0163_2,"Dorms,Math_Building,Library,Cafeteria,Student_Center,Gym"
U0163_3,"Dorms,CS_Building,Student_Center,Gym"
U0163_4,"Dorms,Math_Building,Library,Dorms,Cafeteria,Math_Building"
U0163_5,"Dorms,CS_Building,Dorms"
U0163_6,"CS_Building,Library,Dorms,CS_Building,Student_Center,Library"
U0163_7,"Student_Center,Dorms,Cafeteria"
U0163_8,"Dorms,Cafeteria,Library,Dorms,Library,Cafeteria,CS_Building"
U0163_9,"Student_Center,Dorms,Library,Cafeteria,Math_Building"
U0164_1,"Dorms,Cafeteria,Student_Center,Dorms,CS_Building,Cafeteria"
U0164_10,"Dorms,Cafeteria,Math_Building,Student_Center,Library,Dorms,CS_Building,Library"
U0164_11,"Dorms,Cafeteria,Math_Building,Cafeteria,CS_Building,Library,Cafeteria"
U0164_12,"Cafeteria,Library,Dorms,Math_Building,Student_Center,Gym,Dorms,CS_Building,Student_Center,Dorms,Cafeteria,Library,Gym"
U0164_2,"Dorms,Cafeteria,Math_Building,Library,Dorms,CS_Building,Cafeteria,CS_Building"
U0164_3,"Dorms,CS_Building,Dorms,CS_Building,Library"
U0164_4,"Dorms,Cafeteria,Library,Dorms,CS_Building,Library,Gym"
U0164_5,"Dorms,Library,Dorms,Cafeteria,CS_Building"
U0164_6,"Cafeteria,Library,Gym,Dorms"
U0164_7,"Library,Cafeteria,Student_Center,Dorms,Cafeteria,CS_Building,Dorms,Math_Building,Dorms,Cafeteria,Math_Building,Student_Center"
U0164_8,"Dorms,Cafeteria,CS_Building"
U0164_9,"Dorms,Cafeteria,CS_Building,Student_Center"
U0165_1,"CS_Building,Library,Dorms"
U0165_10,"Student_Center,Dorms,Cafeteria,Library,Gym"
U0165_11,"Dorms,Cafeteria,Library,Gym,Cafeteria"
U0165_12,"CS_Building,Student_Center,Dorms,CS_Building,Library,Cafeteria"
U0165_13,"Dorms,CS_Building,Student_Center"
U0165_14,"Dorms,Math_Building,Cafeteria"
U0165_15,"CS_Building,Dorms,Cafeteria,CS_Building,Dorms,Cafeteria,Math_Building,Student_Center"
U0165_2,"CS_Building,Library,Cafeteria"
U0165_3,"Dorms,Cafeteria,Math_Building,Student_Center"
U0165_4,"Dorms,Cafeteria,Student_Center,Dorms,Library,Gym"
U0165_5,"Dorms,Cafeteria,CS_Building"
U0165_6,"Dorms,Cafeteria,Student_Center,Dorms,CS_Building,Library,Gym"
U0165_7,"Dorms,Cafeteria,CS_Building,Cafeteria,CS_Building"
U0165_8,"Dorms,Cafeteria,Student_Center,Library,Gym"
U0165_9,"Dorms,Cafeteria,Math_Building,Library,Dorms,CS_Building"
U0166_1,"Dorms,CS_Building,Library,Dorms"
U0166_10,"Dorms,Cafeteria,Library,Gym,Dorms"
U0166_11,"Dorms,Library,Dorms,Cafeteria,Student_Center,Dorms,Cafeteria"
U0166_12,"Student_Center,Gym,Cafeteria,Math_Building,Dorms,Cafeteria,CS_Building"
U0166_13,"Dorms,Library,Dorms,Cafeteria,CS_Building"
U0166_14,"Dorms,Cafeteria,CS_Building,Dorms,CS_Building,Student_Center"
U0166_2,"Dorms,Cafeteria,CS_Building,Library,Gym,Dorms,Math_Building"
U0166_3,"Dorms,Cafeteria,CS_Building,Library,Dorms,Dorms,Cafeteria,Student_Center,Dorms"
U0166_4,"Dorms,Cafeteria,Student_Center,Dorms,Dorms,Cafeteria,CS_Building,Student_Center,Dorms"
U0166_5,"Dorms,Library,Dorms"
U0166_6,"Dorms,Cafeteria,Math_Building,Student_Center,Gym,Dorms,CS_Building,Library"
U0166_7,"Cafeteria,CS_Building,Library,Cafeteria"
U0166_8,"Dorms,Math_Building,Library,Gym,Dorms,Cafeteria,Math_Building"
U0166_9,"Dorms,Cafeteria,Math_Building"
U0167_1,"Dorms,Cafeteria,Math_Building,Dorms"
U0167_10,"Library,Dorms,Cafeteria,Student_Center,Dorms,Library,Dorms"
U0167_2,"CS_Building,Cafeteria,Library"
U0167_3,"Dorms,Cafeteria,Math_Building,Student_Center,Dorms"
U0167_4,"Student_Center,Library,Student_Center,Dorms"
U0167_5,"Cafeteria,Math_Building,Cafeteria,Math_Building,Dorms,Math_Building"
U0167_6,"Cafeteria,CS_Building,Student_Center,Library"
U0167_7,"Dorms,Library,Dorms,CS_Building,Library"
U0167_8,"Dorms,Cafeteria,CS_Building"
U0167_9,"Gym,Dorms,CS_Building,Student_Center"
U0168_1,"Dorms,Cafeteria,CS_Building"
U0168_10,"Dorms,Cafeteria,Math_Building,Student_Center,Dorms,Math_Building,Dorms"
U0168_11,"Dorms,CS_Building,Cafeteria,Student_Center,Library,Cafeteria,CS_Building,Student_Center"
U0168_12,"Dorms,CS_Building,Student_Center"
U0168_13,"Dorms,Cafeteria,Math_Building"
U0168_2,"Dorms,Math_Building,Library,Dorms,Cafeteria,CS_Building,Dorms"
U0168_3,"Dorms,CS_Building,Library,Cafeteria,Student_Center,Dorms"
U0168_4,"Dorms,Cafeteria,Student_Center,Dorms,Cafeteria"
U0168_5,"Library,Student_Center,Gym,Dorms"
U0168_6,"Dorms,CS_Building,Library,Dorms,Library,Dorms,Math_Building,Library"
U0168_7,"Cafeteria,Math_Building,Library,Dorms,Library,Cafeteria"
U0168_8,"Dorms,Library,Cafeteria,Math_Building,Student_Center"
U0168_9,"Dorms,CS_Building,Library,Gym"
U0169_1,"Dorms,Cafeteria,CS_Building"
U0169_10,"Dorms,CS_Building,Student_Center"
U0169_11,"Dorms,Cafeteria,Library,Dorms,Math_Building"
U0169_12,"Dorms,Cafeteria,Math_Building,Library,Cafeteria,CS_Building,Student_Center"
U0169_13,"Dorms,CS_Building,Cafeteria,Math_Building,Library,Cafeteria,Math_Building"
U0169_14,"Gym,Dorms,Cafeteria,Math_Building,Student_Center,Gym,Dorms,Student_Center,Gym,Dorms,CS_Building,Student_Center,Gym,Dorms"
U0169_2,"Dorms,Math_Building,Student_Center,Dorms,Cafeteria,Math_Building,Cafeteria"
U0169_3,"Dorms,Cafeteria,Student_Center,Gym"
U0169_4,"Dorms,Math_Building,Student_Center,Gym,Dorms,Math_Building,Cafeteria,Math_Building,Dorms,Cafeteria,CS_Building,Student_Center,Gym"
U0169_5,"Dorms,CS_Building,Student_Center,Dorms,Cafeteria,Library,Student_Center"
U0169_6,"Dorms,Cafeteria,CS_Building"
U0169_7,"Gym,Dorms,CS_Building,Library"
U0169_8,"Dorms,Math_Building,Dorms,Cafeteria,Math_Building,Library,Student_Center,Library,Dorms,Cafeteria,CS_Building,Cafeteria"
U0169_9,"Dorms,Cafeteria,CS_Building,Cafeteria,CS_Building"
U0170_1,"Math_Building,Library,Student_Center"
U0170_10,"Dorms,Cafeteria,CS_Building,Student_Center,Library,Gym,Dorms"
U0170_11,"Dorms,Cafeteria,CS_Building,Student_Center,Library"
U0170_12,"Dorms,Cafeteria,CS_Building,Dorms,Cafeteria,Dorms,Math_Building,Library,Student_Center,Gym,Dorms,Cafeteria,Math_Building"
U0170_13,"Math_Building,Library,Gym,Cafeteria,CS_Building"
U0170_2,"Dorms,Math_Building,Cafeteria,CS_Building,Library,Gym,Dorms,Cafeteria"
U0170_3,"Dorms,Cafeteria,Math_Building,Student_Center,Library,Gym"
U0170_4,"Dorms,Cafeteria,Math_Building,Dorms,Cafeteria,CS_Building,Student_Center"
U0170_5,"Dorms,CS_Building,Library"
U0170_6,"Dorms,Math_Building,Student_Center,Dorms"
U0170_7,"Dorms,Cafeteria,Math_Building,Library,Dorms,Math_Building,Student_Center"
U0170_8,"Dorms,Cafeteria,Math_Building,Dorms,CS_Building,Dorms,Math_Building"
U0170_9,"Dorms,Library,Cafeteria,CS_Building,Library,Dorms"
U0171_1,"Dorms,Math_Building,Library,Dorms,Math_Building,Library,Dorms,Math_Building,Student_Center,Dorms,CS_Building,Cafeteria"
U0171_2,"Dorms,Cafeteria,Student_Center,Library,Dorms,Math_Building,Student_Center"
U0171_3,"Dorms,Cafeteria,CS_Building,Cafeteria,CS_Building"
U0171_4,"Dorms,Math_Building,Library,Dorms,Cafeteria,Math_Building"
U0171_5,"Dorms,Cafeteria,Math_Building,Cafeteria,Math_Building,Cafeteria,Math_Building"
U0171_6,"Dorms,CS_Building,Student_Center,Library,Dorms,Cafeteria,CS_Building,Library,Student_Center,Gym,Dorms,Cafeteria,CS_Building,Cafeteria,Library,Cafeteria"
U0171_7,"Math_Building,Student_Center,Dorms,Math_Building,Cafeteria,Dorms,Cafeteria,CS_Building,Library,Dorms"
U0171_8,"Math_Building,Library,Dorms,Cafeteria,Library,Dorms,CS_Building,Library"
U0171_9,"Math_Building,Library,Cafeteria,CS_Building,Library,Dorms,Library"
U0172_1,"Dorms,Math_Building,Library,Dorms,CS_Building,Dorms,Cafeteria"
U0172_10,"Dorms,CS_Building,Dorms"
U0172_11,"Dorms,Library,Cafeteria,CS_Building,Library,Cafeteria,Math_Building"
U0172_12,"Cafeteria,Math_Building,Dorms,Library,Cafeteria,Library"
U0172_13,"Dorms,Cafeteria,Library,Cafeteria"
U0172_14,"Dorms,CS_Building,Cafeteria,Student_Center,Library,CS_Building,Library,Dorms,Cafeteria"
U0172_15,"Dorms,Cafeteria,Student_Center,Cafeteria,CS_Building,Student_Center,Library"
U0172_16,"Math_Building,Student_Center,Dorms,CS_Building,Student_Center,Gym,Cafeteria"
U0172_2,"Student_Center,Dorms,Cafeteria"
U0172_3,"Dorms,Math_Building,Cafeteria,Math_Building,Dorms,Cafeteria,CS_Building"
U0172_4,"Dorms,Cafeteria,CS_Building"
U0172_5,"Dorms,CS_Building,Student_Center,Dorms,Math_Building,Cafeteria"
U0172_6,"Dorms,CS_Building,Cafeteria,Library,Cafeteria,CS_Building,Student_Center"
U0172_7,"CS_Building,Library,Dorms,Cafeteria,CS_Building,Student_Center,Gym,Cafeteria"
U0172_8,"Dorms,Cafeteria,CS_Building,Library,Cafeteria,Library,Dorms"
U0172_9,"Library,Gym,Dorms,CS_Building,Student_Center"
U0173_1,"Dorms,Cafeteria,Library,Student_Center,Library,Cafeteria,CS_Building,Library"
U0173_10,"Dorms,Cafeteria,Math_Building,Student_Center,Library"
U0173_11,"Dorms,Cafeteria,Math_Building,Library,Dorms,Dorms,Cafeteria,Library,Cafeteria,CS_Building,Student_Center,Library,Cafeteria"
U0173_12,"Dorms,Library,Cafeteria,Library,Dorms,Library"
U0173_2,"Dorms,Cafeteria,Math_Building,Library"
U0173_3,"Dorms,Cafeteria,Library,Dorms,Library,Dorms,Cafeteria,CS_Building"
U0173_4,"Dorms,CS_Building,Student_Center,Gym,Dorms"
U0173_5,"Dorms,Math_Building,Student_Center,Dorms,CS_Building,Student_Center"
U0173_6,"Gym,Dorms,Cafeteria,CS_Building"
U0173_7,"Dorms,Cafeteria,CS_Building,Library,Gym"
U0173_8,"Dorms,Cafeteria,CS_Building,Cafeteria,CS_Building,Library"
U0173_9,"Dorms,Library,Dorms,Cafeteria,CS_Building,Library,Cafeteria"
U0174_1,"Dorms,Math_Building,Library,Gym,Dorms"
U0174_10,"Dorms,Cafeteria,Library,Dorms,Math_Building,CS_Building,Cafeteria,Math_Building,Library,Dorms,CS_Building"
U0174_11,"Dorms,CS_Building,Student_Center,Dorms,Math_Building"
U0174_12,"Dorms,Cafeteria,Math_Building"
U0174_13,"Dorms,Library,Cafeteria,CS_Building,Library,Gym,Dorms"
U0174_2,"Dorms,Cafeteria,Library,Dorms,Cafeteria,Math_Building"
U0174_3,"Gym,Dorms,Cafeteria"
U0174_4,"Dorms,Cafeteria,CS_Building,Library,Gym,Dorms,CS_Building"
U0174_5,"Dorms,Cafeteria,Library,Dorms,CS_Building"
U0174_6,"Gym,Dorms,Cafeteria,CS_Building,Dorms,Cafeteria,Library"
U0174_7,"Cafeteria,CS_Building,Cafeteria,CS_Building,Cafeteria,Math_Building,Student_Center,Library,Cafeteria,CS_Building,Cafeteria,CS_Building,Library,Gym"
U0174_8,"Dorms,Cafeteria,Math_Building,Cafeteria,Math_Building,Student_Center,Gym"
U0174_9,"Dorms,CS_Building,Cafeteria,Math_Building,Dorms"
U0175_1,"Dorms,Cafeteria,Library,Dorms,Library,Cafeteria"
U0175_10,"Gym,Dorms,Cafeteria,Student_Center"
U0175_11,"Dorms,CS_Building,Cafeteria,CS_Building,Dorms,Cafeteria,Math_Building,Library,Cafeteria,CS_Building,Library"
U0175_12,"CS_Building,Library,Dorms"
U0175_2,"Dorms,Math_Building,Cafeteria"
U0175_3,"Dorms,Library,Cafeteria,CS_Building,Student_Center,Library,Gym,Dorms"
U0175_4,"Dorms,CS_Building,Library,Student_Center,Gym,Dorms,Cafeteria"
U0175_5,"Dorms,Cafeteria,CS_Building,Library,Cafeteria,Library"
U0175_6,"Dorms,Library,Cafeteria,Math_Building,Dorms,Math_Building"
U0175_7,"Dorms,Cafeteria,Library,Dorms,CS_Building,Student_Center"
U0175_8,"Dorms,Math_Building,Cafeteria"
U0175_9,"Dorms,Cafeteria,Math_Building,Library"
U0176_1,"Dorms,Math_Building,Cafeteria,Math_Building,Library,Dorms,Cafeteria"
U0176_10,"Math_Building,Cafeteria,Library,Gym,Dorms"
U0176_11,"Dorms,Cafeteria,Student_Center,Dorms"
U0176_12,"Dorms,Cafeteria,Student_Center,Library,Gym"
U0176_13,"Dorms,Cafeteria,Math_Building"
U0176_14,"Dorms,CS_Building,Dorms"
U0176_15,"Dorms,Math_Building,Student_Center,Dorms,Dorms,Library,Student_Center,Gym,Dorms"
U0176_2,"CS_Building,Student_Center,Gym,Cafeteria,Math_Building"
U0176_3,"Dorms,Library,Dorms"
U0176_4,"Dorms,Library,Cafeteria"
U0176_5,"Dorms,CS_Building,Library,Dorms,Cafeteria,Math_Building,Dorms,Cafeteria"
U0176_6,"Dorms,Cafeteria,Math_Building,Cafeteria,Math_Building,Library"
U0176_7,"Dorms,CS_Building,Library,Dorms,Cafeteria,Student_Center,Gym"
U0176_8,"Student_Center,Gym,Dorms,Library,Cafeteria,Math_Building"
U0176_9,"Dorms,CS_Building,Library,Dorms,Cafeteria,CS_Building,Library,Dorms"
U0177_1,"Dorms,Library,Cafeteria,Library"
U0177_10,"Dorms,Cafeteria,Math_Building"
U0177_11,"Dorms,Cafeteria,CS_Building,Library,Cafeteria,CS_Building"
U0177_12,"Dorms,Cafeteria,Math_Building"
U0177_2,"Dorms,Cafeteria,Library,Cafeteria,CS_Building,Dorms,CS_Building,Cafeteria,Dorms,Cafeteria,CS_Building,Student_Center"
U0177_3,"Gym,Dorms,Math_Building,Library,Dorms,Cafeteria,CS_Building"
U0177_4,"Dorms,Math_Building,Library,Dorms,CS_Building"
U0177_5,"Dorms,CS_Building,Dorms,CS_Building,Library"
U0177_6,"Dorms,CS_Building,Library,Cafeteria,CS_Building,Library,Cafeteria"
U0177_7,"Dorms,Cafeteria,Library,Dorms,Math_Building"
U0177_8,"Dorms,Cafeteria,Math_Building,CS_Building,Library,Cafeteria,CS_Building,Library,Dorms,Cafeteria"
U0177_9,"Gym,Dorms,Cafeteria,Math_Building,Student_Center,Library,Cafeteria"
U0178_1,"CS_Building,Student_Center,Gym,Cafeteria,Library"
U0178_10,"Dorms,Cafeteria,Math_Building,Student_Center"
U0178_11,"Dorms,Cafeteria,CS_Building,Library,Cafeteria"
U0178_12,"Dorms,CS_Building,Cafeteria"
U0178_2,"Cafeteria,CS_Building,Student_Center,Gym,Dorms,Library,Cafeteria"
U0178_3,"Dorms,Library,Dorms,Math_Building,Library,Dorms"
U0178_4,"Cafeteria,CS_Building,Library,Cafeteria"
U0178_5,"Dorms,Math_Building,Library,Cafeteria,Library,Gym,Dorms,Dorms,Math_Building,Student_Center,Gym,Dorms"
U0178_6,"Math_Building,Student_Center,Gym,Dorms,Cafeteria,CS_Building"
U0178_7,"Dorms,Cafeteria,CS_Building,Student_Center,Dorms,Cafeteria"
U0178_8,"Dorms,CS_Building,Cafeteria,Library"
U0178_9,"Dorms,Cafeteria,Library,Cafeteria,Dorms,Cafeteria,Math_Building"
U0179_1,"Dorms,Cafeteria,Library,Cafeteria,CS_Building,Student_Center,Library,Dorms"
U0179_10,"Dorms,Math_Building,Library,Gym,Dorms,CS_Building"
U0179_11,"Dorms,Cafeteria,CS_Building"
U0179_12,"Dorms,Math_Building,Student_Center,Library"
U0179_13,"Dorms,CS_Building,Cafeteria,Student_Center,Library,Gym,Dorms,Cafeteria,CS_Building,Cafeteria"
U0179_2,"Dorms,Cafeteria,Math_Building,Library,Gym,Cafeteria,CS_Building"
U0179_3,"Library,Cafeteria,CS_Building,Library,Dorms,Library,Dorms,Cafeteria,Dorms,Cafeteria,CS_Building,Cafeteria"
U0179_4,"Dorms,Library,Dorms,CS_Building,Library"
U0179_5,"Dorms,Cafeteria,CS_Building,Library"
U0179_6,"Dorms,Cafeteria,Math_Building,Student_Center,Dorms,Cafeteria,CS_Building,Student_Center,Library,Gym,Dorms"
U0179_7,"Cafeteria,Math_Building,Cafeteria,Math_Building,Cafeteria,Library,Cafeteria,Library"
U0179_8,"Dorms,CS_Building,Library,Gym"
U0179_9,"Dorms,CS_Building,Cafeteria"
U0180_1,"Gym,Dorms,Cafeteria,Math_Building"
U0180_10,"Dorms,Cafeteria,CS_Building,Cafeteria,CS_Building"
U0180_11,"Dorms,Cafeteria,Library,Gym,Dorms,CS_Building"
U0180_12,"Cafeteria,Math_Building,Cafeteria,Math_Building,Library,Dorms"
U0180_13,"CS_Building,Student_Center,Gym,Dorms"
U0180_14,"Library,Cafeteria,CS_Building,Library,Student_Center,Dorms,CS_Building,Library"
U0180_15,"Gym,Cafeteria,CS_Building,Cafeteria,Student_Center,Library,Dorms,CS_Building"
U0180_2,"Dorms,Math_Building,Student_Center,Library,Gym,Dorms,Dorms,Math_Building,Cafeteria"
U0180_3,"Dorms,Cafeteria,Library,Dorms,Math_Building,Dorms,Library,Gym"
U0180_4,"Dorms,Math_Building,Library,Gym,Dorms,CS_Building,Math_Building,Cafeteria,CS_Building,Student_Center,Gym,Dorms,Cafeteria,Math_Building"
U0180_5,"Dorms,CS_Building,Dorms,CS_Building,Library,Dorms,Library,Cafeteria"
U0180_6,"Dorms,Cafeteria,Library,Gym,Dorms,CS_Building,Student_Center"
U0180_7,"Dorms,Cafeteria,Math_Building"
U0180_8,"Dorms,Math_Building,Library,Cafeteria,CS_Building,Library,Dorms,Cafeteria"
U0180_9,"Cafeteria,Student_Center,Gym,Dorms,Library,Dorms"
U0181_1,"Dorms,Cafeteria,Math_Building,Student_Center,Dorms,Dorms,Cafeteria,CS_Building,Student_Center,Dorms,Cafeteria"
U0181_10,"Dorms,Cafeteria,Math_Building,Cafeteria,Math_Building,Student_Center,Library"
U0181_11,"Dorms,Cafeteria,Math_Building,Dorms,CS_Building,Cafeteria"
U0181_2,"Dorms,Cafeteria,CS_Building,Library,Dorms"
U0181_3,"Dorms,Math_Building,Library,Dorms,Math_Building,Student_Center,Gym"
U0181_4,"Dorms,Cafeteria,CS_Building,Library,Cafeteria"
U0181_5,"Dorms,Library,Cafeteria,Math_Building,Student_Center,Dorms,CS_Building"
U0181_6,"Dorms,Cafeteria,CS_Building,Library,Dorms,Cafeteria,Cafeteria,Math_Building,Cafeteria,CS_Building,Library,Gym"
U0181_7,"Dorms,Cafeteria,CS_Building,Cafeteria,CS_Building,Library,Dorms,Cafeteria,CS_Building,Student_Center,Gym,Cafeteria,Student_Center"
U0181_8,"Dorms,Cafeteria,Library,Dorms,Cafeteria,CS_Building,Library,Dorms"
U0181_9,"Dorms,Library,Cafeteria,Student_Center,Gym,Dorms,Math_Building,Cafeteria"
U0182_1,"Dorms,CS_Building,Student_Center"
U0182_10,"Dorms,Library,Cafeteria,Math_Building,Dorms,CS_Building,Library"
U0182_11,"Dorms,Math_Building,Library,Dorms,Library,Dorms,Math_Building,Dorms"
U0182_12,"Dorms,Cafeteria,CS_Building,Student_Center,Dorms"
U0182_13,"Gym,Dorms,Cafeteria,Library,Dorms,Cafeteria,CS_Building,Student_Center"
U0182_14,"Gym,Dorms,Cafeteria,CS_Building,Cafeteria,Student_Center,Dorms"
U0182_2,"Dorms,Library,Cafeteria,CS_Building,Library,Cafeteria,Math_Building,Student_Center,Gym,Dorms,Cafeteria,CS_Building"
U0182_3,"Dorms,Math_Building,Student_Center,Dorms,Library,Cafeteria,Math_Building"
U0182_4,"Library,Cafeteria,CS_Building,Library"
U0182_5,"Dorms,CS_Building,Cafeteria,Math_Building,Student_Center,Gym"
U0182_6,"Dorms,Cafeteria,CS_Building,Cafeteria,Student_Center,Gym"
U0182_7,"Dorms,Cafeteria,CS_Building,Dorms,Cafeteria,CS_Building,Dorms,Cafeteria"
U0182_8,"Dorms,CS_Building,Library,Dorms,Cafeteria"
U0182_9,"Dorms,Cafeteria,CS_Building,Dorms,Cafeteria,CS_Building,Library"
U0183_1,"Dorms,Cafeteria,Math_Building,Dorms,Cafeteria,Math_Building"
U0183_10,"Dorms,CS_Building,Library,Gym,Dorms,Cafeteria"
U0183_11,"CS_Building,Library,Dorms"
U0183_2,"Dorms,Cafeteria,Math_Building,Library,Dorms,Cafeteria"
U0183_3,"Dorms,Cafeteria,Library,Dorms,Library"
U0183_4,"Student_Center,Dorms,Cafeteria,Math_Building"
U0183_5,"Gym,Dorms,Cafeteria,Math_Building,Dorms,Library,Cafeteria,CS_Building"
U0183_6,"Dorms,Cafeteria,Library,Dorms,Cafeteria,CS_Building,Library,Student_Center"
U0183_7,"Dorms,Cafeteria,Library,Gym,Cafeteria,CS_Building,Student_Center,Library"
U0183_8,"Cafeteria,Library,Gym,Dorms"
U0183_9,"Dorms,Cafeteria,CS_Building"
U0184_1,"Student_Center,Gym,Dorms,Math_Building"
U0184_10,"Dorms,CS_Building,Library,Dorms,Math_Building,Library,Gym,Dorms"
U0184_11,"Dorms,Cafeteria,Library,Cafeteria,Math_Building,Library,Gym"
U0184_12,"Gym,Dorms,Cafeteria,CS_Building,Library,Dorms,CS_Building,Dorms"
U0184_13,"Dorms,CS_Building,Library"
U0184_2,"Dorms,Cafeteria,Math_Building,Cafeteria,CS_Building"
U0184_3,"Dorms,Math_Building,Library,Student_Center,Dorms,Library"
U0184_4,"Dorms,Math_Building,Student_Center,Gym"
U0184_5,"Cafeteria,CS_Building,Library,Gym,Dorms"
U0184_6,"Library,Gym,Cafeteria,CS_Building,Cafeteria,CS_Building,Cafeteria,Library"
U0184_7,"Math_Building,Library,Dorms,Cafeteria,Student_Center"
U0184_8,"Dorms,Library,Dorms,Library,Gym,Cafeteria,CS_Building,Student_Center"
U0184_9,"Dorms,Cafeteria,Math_Building,Cafeteria,CS_Building"
U0185_1,"Cafeteria,Math_Building,Student_Center,Library,Student_Center,Gym"
U0185_10,"CS_Building,Library,Cafeteria,CS_Building,Student_Center,Dorms"
U0185_11,"Dorms,CS_Building,Library,Cafeteria,Math_Building,Student_Center,Dorms,Cafeteria"
U0185_12,"Math_Building,Cafeteria,Student_Center,Library"
U0185_2,"Library,Cafeteria,Library,Gym,Dorms"
U0185_3,"Gym,Dorms,Cafeteria,CS_Building"
U0185_4,"Dorms,CS_Building,Library,Gym,Dorms,Math_Building,Library"
U0185_5,"Dorms,Cafeteria,Math_Building,Cafeteria,Math_Building,Student_Center,Gym"
U0185_6,"Dorms,Cafeteria,CS_Building,Library,Cafeteria,Student_Center,Gym"
U0185_7,"Dorms,Cafeteria,Math_Building,Library,Gym,Dorms,Cafeteria,Math_Building,Library,Dorms,CS_Building,Cafeteria"
U0185_8,"Dorms,Cafeteria,Math_Building"
U0185_9,"Dorms,CS_Building,Library,Gym,Dorms,Cafeteria"
U0186_1,"Math_Building,Library,Gym"
U0186_10,"Dorms,Cafeteria,CS_Building,Student_Center,Dorms,CS_Building,Cafeteria,Library"
U0186_11,"Dorms,CS_Building,Student_Center,Gym,Cafeteria,CS_Building"
U0186_12,"Dorms,Cafeteria,CS_Building,Student_Center"
U0186_13,"CS_Building,Library,Dorms,Library,Dorms,Cafeteria"
U0186_14,"Cafeteria,Math_Building,Dorms,Cafeteria,Math_Building,Student_Center,Library,Gym"
U0186_15,"Cafeteria,Math_Building,Library,Dorms,CS_Building"
U0186_16,"Dorms,Cafeteria,Library,Dorms"
U0186_2,"Dorms,Cafeteria,Math_Building"
U0186_3,"Dorms,Library,Student_Center,Dorms,Cafeteria"
U0186_4,"Cafeteria,Math_Building,Student_Center"
U0186_5,"Dorms,CS_Building,Dorms"
U0186_6,"CS_Building,Student_Center,Library"
U0186_7,"Dorms,CS_Building,Student_Center"
U0186_8,"Dorms,CS_Building,Library,Dorms,CS_Building,Library,Dorms,Math_Building,Student_Center,Gym,Dorms,Library"
U0186_9,"Cafeteria,CS_Building,Student_Center"
U0187_1,"Math_Building,Student_Center,Dorms,Cafeteria,Math_Building,Cafeteria,Student_Center,Dorms,Math_Building,Dorms,Library,Dorms,Math_Building"
U0187_10,"Dorms,Cafeteria,Math_Building,Library,Dorms,Math_Building"
U0187_11,"Dorms,Cafeteria,Math_Building,Cafeteria,Math_Building,Library,Cafeteria,Library"
U0187_12,"Dorms,CS_Building,Library,Dorms,Math_Building,Student_Center,Dorms,CS_Building"
U0187_13,"Dorms,Cafeteria,Math_Building"
U0187_14,"Dorms,CS_Building,Student_Center,Library,Cafeteria,CS_Building,Student_Center,Dorms,Dorms,CS_Building,Library,Dorms,CS_Building,Library"
U0187_15,"Dorms,Library,Dorms,CS_Building,Library,Cafeteria,CS_Building,Cafeteria"
U0187_2,"Dorms,Cafeteria,Math_Building"
U0187_3,"Dorms,CS_Building,Student_Center,Dorms,Math_Building,Library,Gym,Dorms"
U0187_4,"Dorms,Cafeteria,CS_Building,Cafeteria,CS_Building,Student_Center,Gym,Dorms"
U0187_5,"Dorms,Cafeteria,CS_Building"
U0187_6,"Dorms,Library,Cafeteria,Library,Student_Center,Dorms"
U0187_7,"Dorms,Math_Building,Student_Center,Dorms,Cafeteria,Library,Gym,Dorms"
U0187_8,"Dorms,Library,Cafeteria,Library,Cafeteria,Library"
U0187_9,"Dorms,Cafeteria,CS_Building,Student_Center"
U0188_1,"Dorms,Cafeteria,Library,Cafeteria,CS_Building"
U0188_10,"Dorms,Cafeteria,Student_Center,Gym,Dorms,Cafeteria,Library"
U0188_11,"Dorms,CS_Building,Student_Center,Library"
U0188_2,"Dorms,Cafeteria,Math_Building,Student_Center,Dorms"
U0188_3,"Cafeteria,Library,Gym,Cafeteria,Math_Building"
U0188_4,"Math_Building,Student_Center,Gym,Dorms,Cafeteria,Library,Gym,Cafeteria"
U0188_5,"Dorms,Cafeteria,CS_Building,Student_Center,Dorms,Cafeteria,CS_Building"
U0188_6,"Dorms,Math_Building,Dorms,Cafeteria,Math_Building,CS_Building,Library,Gym,Dorms,Math_Building,Student_Center,Gym"
U0188_7,"Dorms,Cafeteria,CS_Building,Cafeteria,CS_Building,Library,Dorms,Cafeteria"
U0188_8,"Dorms,Cafeteria,CS_Building,Student_Center,Library,Cafeteria,Dorms,Math_Building,Student_Center,Library,Dorms"
U0188_9,"Dorms,Library,Dorms,Cafeteria,Math_Building"
U0189_1,"Dorms,Math_Building,Dorms"
U0189_10,"Gym,Dorms,Cafeteria,Math_Building,Student_Center,Dorms,Cafeteria"
U0189_11,"Gym,Dorms,Cafeteria,Math_Building,Cafeteria,Library,Gym"
U0189_12,"Dorms,Cafeteria,Library"
U0189_13,"Dorms,CS_Building,Library,Dorms,Dorms,Math_Building,Library,Cafeteria,Math_Building"
U0189_14,"Dorms,Cafeteria,Math_Building,Cafeteria,CS_Building,Student_Center,Dorms,Cafeteria"
U0189_2,"Dorms,Math_Building,Library,Cafeteria,CS_Building,Student_Center,Dorms,Math_Building"
U0189_3,"Dorms,Cafeteria,Library,Gym,Dorms,Cafeteria"
U0189_4,"Dorms,Math_Building,Student_Center,Dorms,Cafeteria"
U0189_5,"Dorms,Cafeteria,CS_Building,Cafeteria,Dorms,Library,Dorms,CS_Building,Library"
U0189_6,"Dorms,Math_Building,Dorms,CS_Building,Library"
U0189_7,"Dorms,Cafeteria,Math_Building,Dorms,Cafeteria,Library,Student_Center,Dorms"
U0189_8,"Dorms,Cafeteria,Library,Cafeteria,CS_Building,Library,Student_Center"
U0189_9,"Dorms,Cafeteria,Student_Center,Library,Gym,Dorms"
U0190_1,"Dorms,Cafeteria,Library,Dorms,Math_Building"
U0190_10,"Math_Building,Dorms,Library,Gym"
U0190_11,"Dorms,Cafeteria,CS_Building,Cafeteria,CS_Building,Student_Center"
U0190_12,"Dorms,CS_Building,Dorms,CS_Building,Cafeteria,Math_Building"
U0190_13,"Dorms,Cafeteria,CS_Building,Dorms,CS_Building"
U0190_14,"Dorms,Cafeteria,CS_Building,Student_Center,Dorms"
U0190_15,"Dorms,Cafeteria,Math_Building,Cafeteria"
U0190_16,"Dorms,CS_Building,Cafeteria,Math_Building,Cafeteria,CS_Building"
U0190_17,"Dorms,CS_Building,Library,Gym"
U0190_18,"Student_Center,Gym,Cafeteria,CS_Building,Library,Dorms"
U0190_2,"Dorms,Cafeteria,Math_Building,Library,Dorms,CS_Building,Library,Dorms"
U0190_3,"CS_Building,Dorms,Math_Building,Library,Dorms"
U0190_4,"Dorms,Cafeteria,Library,Cafeteria"
U0190_5,"Dorms,Library,Gym,Dorms,Math_Building"
U0190_6,"Dorms,Cafeteria,Math_Building,Student_Center,Dorms,Math_Building,Student_Center"
U0190_7,"Dorms,Cafeteria,CS_Building,Cafeteria,Math_Building,Student_Center,Library,Dorms"
U0190_8,"Dorms,CS_Building,Dorms"
U0190_9,"Dorms,Library,Dorms,Library,Dorms"
U0191_1,"Library,Cafeteria,Library,Student_Center"
U0191_10,"Dorms,CS_Building,Dorms,Cafeteria,Math_Building,Cafeteria,CS_Building"
U0191_11,"Dorms,Cafeteria,CS_Building,Library,Gym,Cafeteria,CS_Building"
U0191_12,"Dorms,Cafeteria,CS_Building,Library,Dorms,Library,Dorms"
U0191_13,"Library,Cafeteria,CS_Building,Cafeteria,CS_Building,Dorms,Cafeteria"
U0191_14,"Dorms,Library,Cafeteria,Math_Building,Cafeteria,CS_Building,Student_Center"
U0191_15,"Dorms,Cafeteria,CS_Building,Dorms,Cafeteria,CS_Building,Student_Center,Dorms"
U0191_2,"Dorms,CS_Building,Student_Center,Library,Dorms,CS_Building,Library,Student_Center"
U0191_3,"Dorms,CS_Building,Dorms,Cafeteria,CS_Building,Cafeteria,Student_Center,Library"
U0191_4,"Gym,Dorms,Cafeteria,Math_Building,Library,Student_Center,Library,Gym"
U0191_5,"Dorms,Cafeteria,Student_Center,Dorms,CS_Building,Library"
U0191_6,"Dorms,Cafeteria,Math_Building,Cafeteria,Math_Building,Library,Gym,Dorms"
U0191_7,"Dorms,CS_Building,Dorms,Cafeteria"
U0191_8,"CS_Building,Cafeteria,CS_Building,Library,Dorms"
U0191_9,"Cafeteria,CS_Building,Cafeteria,Math_Building"
U0192_1,"Dorms,Cafeteria,Library,Dorms,Cafeteria,CS_Building,Student_Center,Cafeteria,CS_Building,Library,Cafeteria,Math_Building,Dorms,Cafeteria,CS_Building"
U0192_10,"Student_Center,Dorms,CS_Building,Library,Dorms,Math_Building"
U0192_11,"Cafeteria,Student_Center,Dorms,CS_Building,Dorms"
U0192_12,"Dorms,Cafeteria,CS_Building,Cafeteria,CS_Building,Student_Center,Gym,Dorms"
U0192_2,"Library,Dorms,Cafeteria,Student_Center,Dorms"
U0192_3,"Dorms,Cafeteria,Library,Dorms"
U0192_4,"Dorms,Library,Cafeteria,Math_Building,Dorms,Cafeteria,Math_Building"
U0192_5,"Cafeteria,Student_Center,Gym,Dorms,Dorms,Math_Building,Cafeteria,Library,Cafeteria,CS_Building"
U0192_6,"Dorms,Library,Dorms,Library,Student_Center"
U0192_7,"Dorms,Library,Gym,Cafeteria,Math_Building,Library,Cafeteria,CS_Building"
U0192_8,"Dorms,Cafeteria,Student_Center,Library"
U0192_9,"Dorms,Math_Building,Student_Center,Dorms"
U0193_1,"Dorms,Cafeteria,Student_Center,Library"
U0193_10,"Dorms,Cafeteria,CS_Building,Student_Center,Gym,Cafeteria"
U0193_11,"Dorms,Cafeteria,CS_Building"
U0193_12,"Gym,Cafeteria,CS_Building,Student_Center,Gym,Dorms,CS_Building"
U0193_2,"Cafeteria,CS_Building,Library"
U0193_3,"Dorms,CS_Building,Library,Dorms,Math_Building"
U0193_4,"Dorms,Cafeteria,Library,Dorms,Cafeteria,CS_Building,Student_Center"
U0193_5,"Dorms,Cafeteria,CS_Building,Library"
U0193_6,"Dorms,Math_Building,Student_Center,Gym,Dorms,Math_Building"
U0193_7,"Gym,Dorms,Cafeteria,Math_Building"
U0193_8,"Dorms,Cafeteria,CS_Building,Library,Gym,Dorms,Math_Building"
U0193_9,"Dorms,CS_Building,Library,Student_Center,Dorms,CS_Building"
U0194_1,"Student_Center,Library,Student_Center,Library"
U0194_10,"Dorms,CS_Building,Library,Gym,Dorms,Dorms,Cafeteria,Library,Dorms,Cafeteria,CS_Building,Cafeteria,Math_Building"
U0194_2,"Dorms,Cafeteria,CS_Building,Student_Center,Dorms,CS_Building,Student_Center"
U0194_3,"Dorms,Cafeteria,Library,Dorms,Cafeteria,Dorms,Cafeteria,Math_Building"
U0194_4,"Dorms,CS_Building,Student_Center,Dorms"
U0194_5,"Dorms,CS_Building,Cafeteria,CS_Building"
U0194_6,"Math_Building,Cafeteria,CS_Building,Student_Center"
U0194_7,"Dorms,Cafeteria,Library,Gym,Dorms,Math_Building,Cafeteria,Dorms,Library,Dorms,CS_Building"
U0194_8,"Dorms,Library,Cafeteria,CS_Building"
U0194_9,"Dorms,Cafeteria,CS_Building"
U0195_1,"Cafeteria,CS_Building,Student_Center,Library,Dorms,Math_Building,Dorms"
U0195_10,"Dorms,Cafeteria,Student_Center,Library,Dorms,Cafeteria,CS_Building,Library"
U0195_11,"Dorms,Library,Dorms,Math_Building,Library,Student_Center"
U0195_12,"Dorms,Cafeteria,Math_Building,Cafeteria"
U0195_13,"Dorms,Cafeteria,Math_Building"
U0195_14,"Dorms,Cafeteria,CS_Building,Student_Center,Library,Gym,Dorms,Cafeteria"
U0195_15,"Dorms,Cafeteria,Library,Dorms,Math_Building,Student_Center,Library,Dorms"
U0195_16,"Dorms,Cafeteria,Math_Building,Dorms,Cafeteria,CS_Building,Student_Center,Library"
U0195_17,"Gym,Cafeteria,Math_Building,Library"
U0195_2,"Dorms,CS_Building,Library,Gym,Dorms,Cafeteria"
U0195_3,"Dorms,Math_Building,Library,Cafeteria,CS_Building"
U0195_4,"Dorms,Math_Building,Student_Center,Library,Gym,Dorms,CS_Building,Student_Center"
U0195_5,"Student_Center,Dorms,Cafeteria,CS_Building,Cafeteria,Math_Building,Student_Center"
U0195_6,"Gym,Cafeteria,Student_Center,Dorms"
U0195_7,"Dorms,Cafeteria,CS_Building,Library,Dorms,Cafeteria,Math_Building,Dorms"
U0195_8,"Dorms,Cafeteria,CS_Building,Dorms,Cafeteria,Math_Building,Library"
U0195_9,"Dorms,Cafeteria,Math_Building,Student_Center,Gym,Dorms"
U0196_1,"Dorms,Cafeteria,Math_Building"
U0196_10,"Dorms,CS_Building,Library"
U0196_2,"Dorms,Library,Dorms,CS_Building,Library,Gym,Dorms,Cafeteria"
U0196_3,"Dorms,Cafeteria,Math_Building,Dorms,Math_Building,Dorms,Dorms,Library,Cafeteria,CS_Building"
U0196_4,"Dorms,Math_Building,Student_Center"
U0196_5,"Dorms,Math_Building,Dorms"
U0196_6,"Dorms,Cafeteria,CS_Building,Library,Dorms,Library,Cafeteria"
U0196_7,"Dorms,CS_Building,Library,Dorms"
U0196_8,"Dorms,Math_Building,Student_Center,Dorms,Cafeteria,CS_Building,Library,Dorms"
U0196_9,"Dorms,Cafeteria,Math_Building,Cafeteria,CS_Building"
U0197_1,"Dorms,Math_Building,Library,Cafeteria,CS_Building,Library,Student_Center,Dorms,CS_Building,Cafeteria,CS_Building"
U0197_2,"Dorms,Math_Building,Dorms,Cafeteria,CS_Building,Cafeteria,CS_Building,Library"
U0197_3,"CS_Building,Library,Cafeteria,Dorms,Math_Building,Student_Center,Dorms,Dorms,Math_Building,Library,Cafeteria,CS_Building,Library"
U0197_4,"Dorms,CS_Building,Library,Gym,Dorms,Cafeteria"
U0197_5,"Dorms,CS_Building,Library"
U0197_6,"Dorms,Cafeteria,CS_Building,Gym,Cafeteria,Library"
U0197_7,"Gym,Cafeteria,CS_Building,Library,Dorms,Cafeteria,Math_Building"
U0197_8,"CS_Building,Library,Dorms,Library,Dorms,Cafeteria,Library,Cafeteria"
U0197_9,"Dorms,Cafeteria,Library,Gym,Dorms,Cafeteria"
U0198_1,"Library,Cafeteria,Student_Center,Dorms,Cafeteria,Math_Building,Student_Center,Gym,Cafeteria,CS_Building,Cafeteria"
U0198_10,"Dorms,Cafeteria,Library,Dorms,CS_Building,Student_Center,Dorms"
U0198_2,"Dorms,Cafeteria,Math_Building,Student_Center,Dorms,CS_Building,Student_Center"
U0198_3,"Dorms,Cafeteria,Math_Building,Library,Gym,Dorms,Cafeteria,CS_Building"
U0198_4,"Dorms,CS_Building,Student_Center,Dorms,Math_Building,Library,Cafeteria,CS_Building,Dorms,Cafeteria,CS_Building,Library,Gym,Dorms"
U0198_5,"Dorms,CS_Building,Library"
U0198_6,"Dorms,Cafeteria,CS_Building,Dorms,CS_Building,Cafeteria"
U0198_7,"Dorms,Cafeteria,CS_Building,Library,Gym,Cafeteria,Math_Building"
U0198_8,"Dorms,Cafeteria,Library"
U0198_9,"Dorms,Cafeteria,CS_Building"
U0199_1,"Dorms,Math_Building,Cafeteria,CS_Building,Library"
U0199_10,"CS_Building,Cafeteria,Math_Building"
U0199_11,"Dorms,Math_Building,Library,Cafeteria,CS_Building"
U0199_12,"Dorms,Cafeteria,Math_Building,Dorms,Math_Building,Cafeteria,Math_Building,Student_Center,Library,Cafeteria,Library,Student_Center,Dorms,Math_Building"
U0199_13,"Dorms,CS_Building,Library,Cafeteria,Library,Gym,Dorms,Cafeteria"
U0199_14,"Dorms,Math_Building,Dorms,Math_Building"
U0199_15,"Dorms,CS_Building,Student_Center,Dorms,Cafeteria"
U0199_16,"Dorms,Math_Building,Cafeteria,Math_Building"
U0199_2,"Dorms,Cafeteria,Math_Building,Student_Center,Library,Gym,Dorms"
U0199_3,"CS_Building,Library,Gym,Dorms,Cafeteria,Math_Building,Student_Center"
U0199_4,"Dorms,Library,Dorms,Math_Building,Library,Dorms,Math_Building,Student_Center"
U0199_5,"CS_Building,Cafeteria,CS_Building,Library,Dorms,Math_Building,Dorms,CS_Building"
U0199_6,"Cafeteria,Library,Cafeteria,Library,Cafeteria,CS_Building,Library"
U0199_7,"Dorms,Cafeteria,CS_Building,Library,Cafeteria"
U0199_8,"Dorms,Math_Building,Dorms,Math_Building,Student_Center,Gym"
U0199_9,"Dorms,Cafeteria,Math_Building,Cafeteria,Library,Dorms"
U0200_1,"Dorms,Cafeteria,Math_Building"
U0200_10,"Cafeteria,Library,Dorms,Library,Cafeteria,Math_Building,Student_Center,Gym"
U0200_11,"Dorms,Cafeteria,CS_Building"
U0200_12,"Dorms,Math_Building,Student_Center"
U0200_13,"CS_Building,Dorms,Cafeteria,Library,Cafeteria"
U0200_2,"Student_Center,Gym,Dorms,CS_Building,Library,Student_Center,Gym,Dorms"
U0200_3,"Math_Building,Student_Center,Dorms,CS_Building,Library,Dorms,Library"
U0200_4,"Dorms,Cafeteria,CS_Building,Library,Cafeteria,CS_Building,Student_Center"
U0200_5,"Dorms,Math_Building,Library,Dorms,Math_Building,Library,Dorms"
U0200_6,"Math_Building,Cafeteria,Library,Dorms,Math_Building,Library,Gym"
U0200_7,"CS_Building,Library,Cafeteria,CS_Building,Student_Center,Gym,Dorms,Cafeteria"
U0200_8,"Dorms,CS_Building,Cafeteria,Library"
U0200_9,"Dorms,CS_Building,Cafeteria,CS_Building,Library"
U0201_1,"Dorms,CS_Building,Cafeteria,CS_Building"
U0201_10,"Library,Dorms,Cafeteria,Library"
U0201_11,"Cafeteria,Math_Building,Dorms,Math_Building,Library,Dorms,Cafeteria,Student_Center"
U0201_12,"Dorms,Math_Building,Student_Center,Dorms,CS_Building,Library,Dorms,CS_Building"
U0201_13,"Dorms,Library,Cafeteria,Library,Dorms"
U0201_2,"Dorms,Library,Gym,Dorms,Cafeteria,Dorms,Cafeteria,Math_Building,Student_Center,Dorms,Math_Building,Library,Dorms"
U0201_3,"CS_Building,Student_Center,Dorms,CS_Building,Student_Center,Dorms"
U0201_4,"Dorms,Cafeteria,CS_Building,Student_Center,Library,Dorms,Dorms,CS_Building,Cafeteria,Library"
U0201_5,"Dorms,Cafeteria,Library,Student_Center,Dorms,Cafeteria,Student_Center,Library,Dorms,Math_Building,Student_Center,Dorms,CS_Building,Student_Center,Dorms,Cafeteria,Library,Dorms,CS_Building,Library,Dorms,Math_Building"
U0201_6,"Gym,Cafeteria,CS_Building,Library,Dorms,Math_Building,Library,Dorms,CS_Building"
U0201_7,"Math_Building,Student_Center,Library,Student_Center,Dorms"
U0201_8,"CS_Building,Library,Dorms,CS_Building"
U0201_9,"Dorms,Math_Building,Library,Dorms,Math_Building"
U0202_1,"CS_Building,Student_Center,Dorms,Cafeteria,CS_Building,Library,Gym,Dorms"
U0202_10,"Dorms,CS_Building,Student_Center,Gym,Dorms"
U0202_11,"Gym,Dorms,Cafeteria,CS_Building"
U0202_2,"Dorms,Cafeteria,Math_Building,Cafeteria,CS_Building"
U0202_3,"Gym,Cafeteria,CS_Building,Cafeteria,CS_Building,Library,Dorms"
U0202_4,"Dorms,Math_Building,Library"
U0202_5,"Cafeteria,Math_Building,Student_Center,Gym,Dorms,Math_Building"
U0202_6,"Dorms,Cafeteria,Library,Dorms,Cafeteria"
U0202_7,"Cafeteria,CS_Building,Dorms,Cafeteria,Math_Building,Library,Dorms,Cafeteria,Dorms,Cafeteria,Library,Gym,Dorms,Cafeteria,CS_Building,Cafeteria"
U0202_8,"Dorms,Cafeteria,Math_Building,Library,Cafeteria,Math_Building,Student_Center,Dorms,Math_Building,Student_Center,Gym,Dorms,CS_Building,Student_Center"
U0202_9,"Dorms,Cafeteria,CS_Building,Cafeteria,Dorms,CS_Building,Dorms,CS_Building,Library,Cafeteria,Student_Center"
U0203_1,"Math_Building,Library,Dorms"
U0203_10,"Gym,Dorms,Cafeteria,CS_Building,Student_Center,Gym"
U0203_11,"CS_Building,Library,Cafeteria,Math_Building"
U0203_12,"Dorms,CS_Building,Student_Center,Library,Dorms,Cafeteria,Student_Center,Dorms"
U0203_13,"Dorms,Cafeteria,Math_Building"
U0203_14,"Library,Dorms,Math_Building"
U0203_15,"Dorms,CS_Building,Library,Gym,Dorms"
U0203_16,"Dorms,Cafeteria,CS_Building,Library,Student_Center,Dorms,Cafeteria,CS_Building"
U0203_2,"Dorms,Cafeteria,Math_Building"
U0203_3,"Dorms,Cafeteria,CS_Building,Student_Center,Dorms,Cafeteria,CS_Building"
U0203_4,"Student_Center,Library,Dorms,Cafeteria,Library,Cafeteria,Student_Center,Library"
U0203_5,"Dorms,Library,Dorms,Cafeteria,CS_Building,Cafeteria,Math_Building"
U0203_6,"Dorms,Cafeteria,Library,Cafeteria,CS_Building"
U0203_7,"Cafeteria,Library,Cafeteria,CS_Building,Cafeteria"
U0203_8,"Dorms,CS_Building,Dorms,Math_Building,Library,Dorms,Cafeteria,Student_Center"
U0203_9,"Dorms,Cafeteria,Math_Building"
U0204_1,"Dorms,Cafeteria,Math_Building,Library,Dorms,Cafeteria"
U0204_10,"Dorms,Cafeteria,Math_Building"
U0204_11,"Dorms,Cafeteria,CS_Building,Student_Center,Dorms"
U0204_12,"Library,Dorms,Cafeteria,Library"
U0204_13,"Dorms,CS_Building,Library,Gym,Dorms,CS_Building"
U0204_14,"Gym,Dorms,Cafeteria,CS_Building,Library,Dorms,Math_Building,Student_Center,Dorms,Math_Building"
U0204_2,"Dorms,CS_Building,Library,Dorms,Cafeteria,CS_Building,Student_Center,Library"
U0204_3,"Dorms,Cafeteria,CS_Building,Library,Dorms,Cafeteria,CS_Building,Cafeteria"
U0204_4,"Dorms,Library,Cafeteria,Library,Dorms,Math_Building,Library,Dorms"
U0204_5,"Dorms,Library,Student_Center,Dorms,CS_Building,Student_Center,Dorms"
U0204_6,"Dorms,Library,Dorms,Cafeteria,CS_Building,Library,Dorms,Cafeteria,Dorms,Cafeteria,CS_Building"
U0204_7,"Dorms,Math_Building,Library,Gym"
U0204_8,"Student_Center,Library,Cafeteria,Math_Building"
U0204_9,"Dorms,Cafeteria,CS_Building,Student_Center,Dorms,CS_Building,Library,Dorms"
U0205_1,"Dorms,Cafeteria,CS_Building,Student_Center,Gym,Dorms,CS_Building"
U0205_10,"Dorms,Cafeteria,CS_Building"
U0205_11,"Dorms,CS_Building,Student_Center,Dorms,Math_Building,Library"
U0205_12,"Dorms,Cafeteria,CS_Building,Dorms,CS_Building,Student_Center"
U0205_13,"Student_Center,Dorms,Cafeteria,Math_Building,Student_Center,Library,Cafeteria"
U0205_14,"Dorms,Cafeteria,CS_Building"
U0205_2,"Dorms,Cafeteria,Library,Dorms"
U0205_3,"Dorms,CS_Building,Library,Dorms,Math_Building"
U0205_4,"CS_Building,Library,Cafeteria"
U0205_5,"Dorms,CS_Building,Dorms"
U0205_6,"Dorms,Cafeteria,CS_Building"
U0205_7,"Dorms,Math_Building,Student_Center,Dorms,Cafeteria,Math_Building,Student_Center,Library"
U0205_8,"Dorms,Cafeteria,CS_Building,Student_Center,Library"
U0205_9,"Dorms,CS_Building,Library,Cafeteria"
U0206_1,"Student_Center,Dorms,Cafeteria,CS_Building,Dorms,Library"
U0206_10,"Dorms,Math_Building,Student_Center"
U0206_11,"Dorms,Cafeteria,Library,Cafeteria,CS_Building,Student_Center"
U0206_12,"Dorms,CS_Building,Dorms,Dorms,Cafeteria,Math_Building"
U0206_13,"Dorms,Math_Building,Dorms,CS_Building,Student_Center"
U0206_14,"Dorms,Cafeteria,Library,Student_Center,Library,Gym,Dorms"
U0206_15,"Dorms,CS_Building,Library,Dorms,Math_Building,Library,Cafeteria"
U0206_16,"Dorms,Cafeteria,Math_Building,Student_Center,Dorms,Dorms,Math_Building,Library,Dorms,Library,Gym"
U0206_2,"Dorms,Library,Student_Center,Dorms"
U0206_3,"Dorms,Library,Dorms,Cafeteria,Math_Building,Library,Dorms,Cafeteria"
U0206_4,"Dorms,Cafeteria,Library,Cafeteria,CS_Building,Library,Dorms,Library"
U0206_5,"Math_Building,Library,Dorms,CS_Building"
U0206_6,"Dorms,Cafeteria,Math_Building,Student_Center,Gym"
U0206_7,"Dorms,Cafeteria,Library"
U0206_8,"Dorms,Cafeteria,Student_Center,Library,Cafeteria,Math_Building"
U0206_9,"Dorms,Cafeteria,CS_Building,Student_Center,Gym,Dorms,Cafeteria,Math_Building"
U0207_1,"Library,Dorms,Math_Building,Cafeteria,Library"
U0207_10,"Dorms,CS_Building,Student_Center,Gym,Dorms,Cafeteria,CS_Building,Student_Center"
U0207_11,"Dorms,Cafeteria,Math_Building,Student_Center"
U0207_2,"Dorms,Cafeteria,Math_Building,Cafeteria,Math_Building,Library"
U0207_3,"Dorms,Library,Cafeteria,CS_Building,Cafeteria,Math_Building,Library,Dorms"
U0207_4,"Library,Dorms,Library,Cafeteria,Math_Building,Library,Dorms,Math_Building"
U0207_5,"Dorms,CS_Building,Library"
U0207_6,"Dorms,CS_Building,Student_Center"
U0207_7,"Dorms,Library,Cafeteria,CS_Building"
U0207_8,"Dorms,Cafeteria,CS_Building,Cafeteria,Math_Building,Student_Center,Gym"
U0207_9,"Dorms,Cafeteria,CS_Building,Library,Dorms"
U0208_1,"Dorms,Cafeteria,Student_Center"
U0208_10,"Dorms,Math_Building,Library,Gym,Dorms,Cafeteria,CS_Building,Library,Dorms,Math_Building,Student_Center"
U0208_11,"Dorms,CS_Building,Student_Center,Library,Dorms,Math_Building"
U0208_12,"Dorms,Cafeteria,Library,Dorms,Cafeteria,CS_Building"
U0208_13,"Dorms,Math_Building,Dorms,CS_Building,Library,Cafeteria,CS_Building,Cafeteria"
U0208_14,"Dorms,Cafeteria,Library,Dorms,Cafeteria,Math_Building,Dorms,Cafeteria,Dorms,Cafeteria,CS_Building,Library,Gym,Dorms,Math_Building,Student_Center"
U0208_2,"Dorms,Cafeteria,Math_Building,Student_Center,Library,Dorms"
U0208_3,"Dorms,Cafeteria,CS_Building,Dorms"
U0208_4,"Dorms,Cafeteria,CS_Building,Cafeteria,Math_Building,Cafeteria,Library"
U0208_5,"Dorms,CS_Building,Library,Cafeteria,Math_Building"
U0208_6,"Dorms,CS_Building,Student_Center,Library,Cafeteria,CS_Building"
U0208_7,"Dorms,Cafeteria,Math_Building,Student_Center,Gym"
U0208_8,"Dorms,Cafeteria,Math_Building,Library,Dorms"
U0208_9,"Dorms,CS_Building,Student_Center"
U0209_1,"Dorms,Math_Building,Student_Center,Gym"
U0209_10,"Dorms,Cafeteria,Math_Building"
U0209_11,"Dorms,Cafeteria,Math_Building"
U0209_12,"Dorms,Cafeteria,Math_Building,Cafeteria,Math_Building"
U0209_13,"Dorms,Cafeteria,CS_Building,Library,Dorms,CS_Building,Library,Dorms"
U0209_2,"Dorms,CS_Building,Cafeteria,Library,Cafeteria,Math_Building"
U0209_3,"Dorms,Cafeteria,CS_Building,Library,Dorms,Math_Building,Student_Center,Gym,Dorms,CS_Building,Cafeteria,Library"
U0209_4,"Dorms,Math_Building,Student_Center,Gym,Dorms,Math_Building"
U0209_5,"Dorms,CS_Building,Student_Center,Library,Dorms,Library,Dorms,Cafeteria,Library,Cafeteria"
U0209_6,"Dorms,Math_Building,Library,Gym"
U0209_7,"Math_Building,Student_Center,Dorms,Cafeteria,Student_Center,Dorms,CS_Building,Library"
U0209_8,"Math_Building,Cafeteria,CS_Building"
U0209_9,"Dorms,CS_Building,Student_Center,Dorms"
U0210_1,"CS_Building,Dorms,Math_Building,Library,Cafeteria,Library"
U0210_10,"Dorms,Cafeteria,Math_Building,Student_Center,Library,Gym,Dorms,Library"
U0210_2,"Dorms,Cafeteria,Math_Building,Library,Gym,Dorms,Math_Building,Dorms,Cafeteria,Library"
U0210_3,"Student_Center,Library,Cafeteria,Library,Student_Center,Dorms,Cafeteria,CS_Building,Student_Center,Dorms,Math_Building"
U0210_4,"Dorms,Cafeteria,Library,Dorms,Cafeteria,Library"
U0210_5,"Cafeteria,CS_Building,Library,Cafeteria,CS_Building,Library"
U0210_6,"Cafeteria,Library,Cafeteria,Math_Building,Student_Center,Library"
U0210_7,"Dorms,Math_Building,Library,Cafeteria,Math_Building,Student_Center"
U0210_8,"Dorms,Cafeteria,Math_Building,Student_Center"
U0210_9,"Dorms,Cafeteria,CS_Building"
U0211_1,"Library,Dorms,Cafeteria,CS_Building,Library"
U0211_10,"Dorms,CS_Building,Library,Dorms,Cafeteria,Student_Center,Dorms,CS_Building,Library,Dorms,CS_Building,Dorms,Cafeteria"
U0211_11,"Dorms,Math_Building,Student_Center,Dorms,CS_Building,Student_Center"
U0211_12,"Dorms,Cafeteria,Library"
U0211_13,"CS_Building,Library,Cafeteria,Math_Building,Library,Gym,Dorms"
U0211_14,"Dorms,Library,Dorms,Cafeteria"
U0211_15,"Dorms,CS_Building,Library,Dorms,Cafeteria"
U0211_16,"Dorms,Math_Building,Cafeteria"
U0211_17,"Student_Center,Dorms,Cafeteria,CS_Building,Library"
U0211_18,"Gym,Dorms,CS_Building,Cafeteria,CS_Building,Dorms,Math_Building"
U0211_2,"Dorms,Cafeteria,Student_Center,Dorms,Cafeteria,CS_Building,Library,Gym"
U0211_3,"Dorms,Cafeteria,Library,Gym,Dorms,Math_Building,Cafeteria"
U0211_4,"Dorms,Cafeteria,CS_Building,Student_Center,Gym,Dorms,Library"
U0211_5,"CS_Building,Student_Center,Library,Dorms"
U0211_6,"Dorms,Cafeteria,CS_Building,Dorms,Cafeteria,Math_Building,Student_Center,Dorms"
U0211_7,"Dorms,Math_Building,Dorms,Cafeteria,Math_Building,Dorms,Library"
U0211_8,"Gym,Dorms,Cafeteria"
U0211_9,"Dorms,Math_Building,Dorms,Math_Building"
U0212_1,"Dorms,Math_Building,Cafeteria,Math_Building,Library,Gym,Dorms,CS_Building,Student_Center,Library"
U0212_10,"Gym,Dorms,Cafeteria,Math_Building"
U0212_11,"Dorms,Math_Building,Student_Center,Library,Dorms"
U0212_12,"Dorms,Cafeteria,CS_Building"
U0212_2,"Dorms,Cafeteria,Library,Gym"
U0212_3,"Dorms,Math_Building,Library,Student_Center,Dorms,Math_Building,Library,Dorms"
U0212_4,"Dorms,CS_Building,Student_Center"
U0212_5,"Student_Center,Library,Cafeteria,Math_Building,Library,Dorms,Cafeteria"
U0212_6,"Dorms,Cafeteria,CS_Building,Student_Center,Library,Student_Center,Gym"
U0212_7,"Dorms,Cafeteria,CS_Building"
U0212_8,"Student_Center,Dorms,Math_Building,Student_Center,Library,Cafeteria,CS_Building,Library"
U0212_9,"Dorms,Cafeteria,Math_Building,Student_Center,Dorms,Math_Building,Cafeteria,Math_Building,Student_Center,Gym"
U0213_1,"Dorms,Math_Building,Student_Center,Library"
U0213_10,"Dorms,CS_Building,Library,Gym,Dorms"
U0213_11,"Dorms,Cafeteria,CS_Building"
U0213_12,"Dorms,Cafeteria,Math_Building,Cafeteria,Math_Building"
U0213_13,"Dorms,Cafeteria,CS_Building,Dorms,Math_Building,Library,Dorms"
U0213_14,"Dorms,Cafeteria,Math_Building,Student_Center,Dorms,Dorms,Math_Building,Student_Center,Dorms"
U0213_15,"Dorms,Math_Building,Library,Gym,Dorms,Cafeteria,Math_Building,Cafeteria,Dorms,Cafeteria,Math_Building,Student_Center,Library"
U0213_2,"Dorms,CS_Building,Library"
U0213_3,"Dorms,Math_Building,Student_Center,Library,Dorms,Math_Building,Student_Center,Dorms"
U0213_4,"Dorms,Cafeteria,CS_Building"
U0213_5,"Math_Building,Cafeteria,Library"
U0213_6,"Dorms,Library,Dorms,CS_Building,Student_Center,Gym,Dorms,Dorms,Cafeteria,Library,Dorms,Math_Building"
U0213_7,"Dorms,Cafeteria,CS_Building,Student_Center,Library,Student_Center,Library"
U0213_8,"Dorms,Cafeteria,CS_Building,Cafeteria,Library,Student_Center,Library"
U0213_9,"Math_Building,Library,Dorms,Library,Cafeteria,CS_Building"
U0214_1,"Dorms,Cafeteria,Math_Building,Student_Center,Gym"
U0214_10,"CS_Building,Library,Cafeteria,Student_Center,Library,Cafeteria,Math_Building"
U0214_11,"Dorms,Math_Building,Dorms,CS_Building,Cafeteria,Math_Building,Cafeteria,Library"
U0214_12,"Dorms,Cafeteria,CS_Building,Student_Center,Dorms,Cafeteria,CS_Building"
U0214_2,"Library,Dorms,Library,Cafeteria,CS_Building,Library,Cafeteria,Dorms,Cafeteria,CS_Building,Library,Dorms"
U0214_3,"Dorms,Math_Building,Library"
U0214_4,"Dorms,Cafeteria,CS_Building,Cafeteria"
U0214_5,"Dorms,Cafeteria,Math_Building,Library,Dorms,Cafeteria,CS_Building"
U0214_6,"Dorms,CS_Building,Cafeteria,Library,Dorms,Cafeteria,CS_Building,Student_Center"
U0214_7,"Dorms,Cafeteria,Math_Building,Cafeteria,Student_Center"
U0214_8,"Cafeteria,Math_Building,Dorms,Cafeteria,CS_Building,Library,Gym,Dorms"
U0214_9,"Dorms,Cafeteria,Library,Student_Center,Library"
U0215_1,"Dorms,Math_Building,Library,Cafeteria,Math_Building,Dorms,Cafeteria"
U0215_10,"Cafeteria,Library,Dorms,Cafeteria,CS_Building,Library"
U0215_11,"Dorms,Cafeteria,Math_Building,Student_Center,Library,Dorms,Math_Building"
U0215_12,"Dorms,Cafeteria,CS_Building"
U0215_13,"Student_Center,Library,Cafeteria,CS_Building,Cafeteria"
U0215_14,"Dorms,Cafeteria,CS_Building"
U0215_15,"Dorms,Cafeteria,Math_Building,Cafeteria"
U0215_16,"Dorms,CS_Building,Student_Center,Library,Gym,Dorms,Cafeteria,Library,Cafeteria,Dorms,Math_Building,Cafeteria"
U0215_2,"Dorms,Library,Dorms,Library,Cafeteria,CS_Building,Library"
U0215_3,"Dorms,Math_Building,Dorms"
U0215_4,"Dorms,Math_Building,Dorms,CS_Building,Cafeteria"
U0215_5,"Dorms,Cafeteria,Math_Building,Dorms,CS_Building"
U0215_6,"Dorms,Cafeteria,Library,Student_Center,Dorms"
U0215_7,"Dorms,CS_Building,Student_Center,Gym,Dorms,Cafeteria"
U0215_8,"Dorms,Cafeteria,Math_Building,Library,Student_Center"
U0215_9,"Gym,Dorms,Library"
U0216_1,"Dorms,Cafeteria,CS_Building,Library,Dorms,Cafeteria"
U0216_10,"Dorms,Math_Building,Library,Gym,Cafeteria,CS_Building"
U0216_11,"Dorms,Cafeteria,CS_Building,Library,Gym"
U0216_12,"Dorms,Cafeteria,Library"
U0216_13,"Student_Center,Library,Cafeteria,Math_Building,Library,Gym,Dorms,CS_Building"
U0216_2,"Dorms,Cafeteria,CS_Building,Student_Center,Gym,Cafeteria,Student_Center,Library"
U0216_3,"Dorms,Cafeteria,Math_Building,Library"
U0216_4,"Dorms,Cafeteria,Math_Building,Library,Cafeteria,Math_Building,Student_Center,Library"
U0216_5,"Dorms,Cafeteria,Library,Cafeteria,Math_Building,Student_Center,Gym"
U0216_6,"Dorms,Cafeteria,Math_Building,Student_Center"
U0216_7,"CS_Building,Library,Dorms,Cafeteria,Library,Dorms,Cafeteria"
U0216_8,"CS_Building,Student_Center,Dorms"
U0216_9,"Dorms,CS_Building,Library,Student_Center,Dorms,Cafeteria,Student_Center,Gym"
U0217_1,"CS_Building,Student_Center,Dorms,Cafeteria,Library,Cafeteria,CS_Building,Student_Center"
U0217_10,"Dorms,Cafeteria,Math_Building,Cafeteria,Math_Building,Cafeteria"
U0217_11,"Dorms,Cafeteria,Math_Building,Student_Center,Gym,Dorms,Cafeteria"
U0217_12,"Student_Center,Gym,Dorms"
U0217_13,"Dorms,Cafeteria,Student_Center,Dorms"
U0217_14,"Dorms,Cafeteria,Math_Building,Library,Gym,Cafeteria"
U0217_15,"Dorms,CS_Building,Library"
U0217_16,"Dorms,Cafeteria,CS_Building,Student_Center,Dorms,Math_Building,Cafeteria,Library,Dorms,Library,Dorms"
U0217_2,"Dorms,Cafeteria,Math_Building,Student_Center,Dorms"
U0217_3,"Dorms,Math_Building,Dorms,Cafeteria,Math_Building"
U0217_4,"Dorms,Cafeteria,Math_Building,Library,Dorms,Cafeteria,CS_Building,Student_Center"
U0217_5,"Dorms,CS_Building,Library,Dorms,Math_Building,Library,Dorms,CS_Building,Dorms,Cafeteria,Math_Building,Library,Dorms,CS_Building,Library,Dorms"
U0217_6,"Dorms,Math_Building,Library,Student_Center,Library,Dorms,Cafeteria"
U0217_7,"Library,Gym,Dorms,CS_Building,Library,Dorms,Cafeteria,Library"
U0217_8,"Dorms,Cafeteria,CS_Building,Cafeteria,Library"
U0217_9,"Dorms,Library,Cafeteria,CS_Building,Library"
U0218_1,"Dorms,Cafeteria,Library,Dorms,Library,Cafeteria,CS_Building"
U0218_10,"Cafeteria,CS_Building,Library,Dorms,Cafeteria,Math_Building,Cafeteria,CS_Building"
U0218_11,"Dorms,Library,Cafeteria,CS_Building,Student_Center,Library,Cafeteria,CS_Building"
U0218_12,"Dorms,CS_Building,Library,Gym"
U0218_2,"Library,Gym,Dorms,Cafeteria,Math_Building"
U0218_3,"Dorms,Cafeteria,Math_Building,Library,Dorms,Library,Student_Center"
U0218_4,"Dorms,CS_Building,Library,Student_Center,Dorms,Cafeteria,CS_Building"
U0218_5,"Cafeteria,CS_Building,Cafeteria,Math_Building"
U0218_6,"Dorms,Cafeteria,Library,Cafeteria,CS_Building,Student_Center"
U0218_7,"Dorms,Cafeteria,Math_Building,Student_Center,Gym,Dorms,Cafeteria"
U0218_8,"Dorms,Cafeteria,CS_Building"
U0218_9,"Dorms,Cafeteria,Student_Center,Dorms,Library,Dorms,Cafeteria"
U0219_1,"Dorms,Cafeteria,Math_Building,Library,Dorms,Cafeteria,CS_Building,Library"
U0219_10,"Dorms,Cafeteria,Library,Dorms"
U0219_11,"Dorms,CS_Building,Cafeteria"
U0219_12,"Math_Building,Library,Dorms,Library,Dorms,Library,Gym"
U0219_13,"Dorms,Cafeteria,CS_Building,Student_Center,Library,Gym,Dorms,Cafeteria,Library,Dorms,Cafeteria,Math_Building"
U0219_2,"Library,Dorms,CS_Building,Library,Cafeteria,Library,Cafeteria,CS_Building,Dorms,Math_Building,Dorms,Math_Building,Library,Gym,Dorms"
U0219_3,"Dorms,CS_Building,Student_Center,Dorms"
U0219_4,"Dorms,Math_Building,Dorms,CS_Building,Student_Center,Gym,Dorms,CS_Building"
U0219_5,"Dorms,Cafeteria,Math_Building,Library"
U0219_6,"Dorms,CS_Building,Library,Gym,Dorms"
U0219_7,"Student_Center,Gym,Dorms"
U0219_8,"Dorms,Cafeteria,Library,Student_Center,Library,Gym"
U0219_9,"Dorms,Math_Building,Dorms,CS_Building,Cafeteria"
U0220_1,"Dorms,Cafeteria,CS_Building,Library,Cafeteria"
U0220_10,"Dorms,Math_Building,Student_Center,Library,Dorms"
U0220_11,"Dorms,CS_Building,Student_Center,Library,Gym,Dorms,Cafeteria"
U0220_12,"Dorms,CS_Building,Library,Dorms,Cafeteria,Library,Cafeteria"
U0220_2,"Dorms,Cafeteria,Library,Cafeteria,Math_Building,Library,Dorms,Cafeteria,Library,Gym"
U0220_3,"Cafeteria,Library,Cafeteria,Math_Building"
U0220_4,"Dorms,Math_Building,Dorms,Library,Cafeteria,CS_Building,Library,Cafeteria"
U0220_5,"Dorms,Cafeteria,Student_Center,Library,Dorms"
U0220_6,"Dorms,CS_Building,Dorms,CS_Building,Library,Dorms,Library,Dorms,Dorms,Cafeteria,CS_Building,Cafeteria,CS_Building"
U0220_7,"CS_Building,Library,Student_Center,Dorms,Math_Building"
U0220_8,"Dorms,Math_Building,Dorms,Cafeteria,Dorms,Cafeteria,Library,Cafeteria,CS_Building"
U0220_9,"Dorms,Cafeteria,CS_Building"
U0221_1,"Dorms,CS_Building,Library,Dorms"
U0221_10,"Dorms,Math_Building,Library,Dorms"
U0221_2,"Dorms,Cafeteria,Library,Gym,Dorms,Math_Building,Cafeteria,Dorms,Library,Cafeteria,CS_Building,Library"
U0221_3,"Dorms,Cafeteria,Student_Center,Library,Gym"
U0221_4,"Dorms,Cafeteria,CS_Building,Library"
U0221_5,"Gym,Cafeteria,CS_Building,Student_Center,Library,Cafeteria,Math_Building"
U0221_6,"Student_Center,Gym,Dorms"
U0221_7,"Cafeteria,Math_Building,Library"
U0221_8,"Dorms,Math_Building,Dorms,Cafeteria"
U0221_9,"Dorms,CS_Building,Dorms,Dorms,Cafeteria,Library,Student_Center"
U0222_1,"Dorms,CS_Building,Cafeteria,Math_Building,Library,Cafeteria,Math_Building,Student_Center"
U0222_10,"Dorms,Cafeteria,CS_Building"
U0222_11,"Dorms,Library,Dorms,Cafeteria,CS_Building"
U0222_12,"Dorms,CS_Building,Library,Dorms,CS_Building"
U0222_13,"Dorms,CS_Building,Cafeteria,Math_Building"
U0222_14,"Gym,Cafeteria,Student_Center,Dorms,Cafeteria"
U0222_15,"Dorms,Cafeteria,Student_Center,Dorms,Library,Dorms,Math_Building,Student_Center"
U0222_2,"Dorms,Cafeteria,Library,Student_Center,Library"
U0222_3,"Dorms,Library,Dorms,CS_Building,Cafeteria"
U0222_4,"Dorms,CS_Building,Cafeteria"
U0222_5,"CS_Building,Cafeteria,Math_Building,Student_Center"
U0222_6,"CS_Building,Student_Center,Gym,Dorms"
U0222_7,"Dorms,CS_Building,Student_Center,Gym,Dorms,Math_Building,Library,Gym"
U0222_8,"Dorms,Library,Gym,Dorms,Cafeteria"
U0222_9,"Dorms,CS_Building,Library,Cafeteria,Math_Building,Library,Gym,Cafeteria"
U0223_1,"Dorms,Cafeteria,CS_Building,Library,Student_Center,Library,Dorms"
U0223_10,"Dorms,Cafeteria,Library,Gym,Dorms"
U0223_11,"Dorms,Cafeteria,CS_Building,Library,Cafeteria,Library,Dorms,Cafeteria"
U0223_12,"Dorms,Cafeteria,CS_Building,Gym,Dorms,Math_Building,Student_Center,Dorms,Library"
U0223_2,"Dorms,Math_Building,Cafeteria"
U0223_3,"Math_Building,Cafeteria,Library,Cafeteria,CS_Building,Library"
U0223_4,"Dorms,Cafeteria,Math_Building"
U0223_5,"Dorms,Cafeteria,Library,Dorms,Dorms,CS_Building,Dorms,Cafeteria"
U0223_6,"Dorms,Cafeteria,CS_Building,Student_Center,Gym"
U0223_7,"Dorms,Cafeteria,Student_Center,Dorms,Math_Building,Student_Center,Gym,Dorms,Library,Cafeteria,Math_Building,Cafeteria,Library"
U0223_8,"Math_Building,Library,Cafeteria"
U0223_9,"Dorms,Math_Building,Dorms,Cafeteria,Student_Center,Dorms"
U0224_1,"Dorms,Cafeteria,CS_Building,Library,Cafeteria,CS_Building"
U0224_10,"Dorms,Cafeteria,Library,Student_Center"
U0224_11,"Dorms,Library,Cafeteria,CS_Building,Library,Dorms,Math_Building,Dorms,Library,Dorms,Cafeteria,Library,Cafeteria,Library,Cafeteria"
U0224_12,"Dorms,CS_Building,Dorms,CS_Building,Student_Center,Gym,Dorms"
U0224_2,"Library,Gym,Dorms"
U0224_3,"Dorms,CS_Building,Library,Cafeteria,CS_Building,Student_Center"
U0224_4,"Dorms,Cafeteria,CS_Building"
U0224_5,"Dorms,Cafeteria,CS_Building,Library"
U0224_6,"Library,Cafeteria,CS_Building,Library,Gym"
U0224_7,"Cafeteria,CS_Building,Library,Cafeteria,CS_Building"
U0224_8,"Dorms,Math_Building,Library,Dorms,Cafeteria,CS_Building,Cafeteria,CS_Building"
U0224_9,"Dorms,CS_Building,Student_Center,Gym,Dorms,Math_Building"
U0225_1,"Dorms,Cafeteria,CS_Building,Library,Cafeteria,CS_Building,Library"
U0225_10,"Dorms,Cafeteria,CS_Building,Library"
U0225_11,"Gym,Dorms,Cafeteria,CS_Building,Cafeteria,CS_Building"
U0225_12,"Dorms,Cafeteria,Library,Dorms,Library,Dorms,Cafeteria,CS_Building,Student_Center,Dorms,Dorms,Cafeteria,CS_Building,Cafeteria,Library,Cafeteria,Math_Building"
U0225_2,"Dorms,CS_Building,Student_Center,Library,Dorms,Math_Building"
U0225_3,"Dorms,CS_Building,Library,Dorms,Cafeteria,Library"
U0225_4,"Dorms,Math_Building,Library,Cafeteria,Student_Center"
U0225_5,"Dorms,Library,Dorms,Library,Student_Center,Math_Building,Library,Dorms,Library"
U0225_6,"CS_Building,Library,Dorms,Math_Building,Student_Center,Gym,Cafeteria,Student_Center"
U0225_7,"Dorms,Cafeteria,CS_Building,Dorms"
U0225_8,"Dorms,Cafeteria,CS_Building,Library,Gym,Dorms"
U0225_9,"Cafeteria,CS_Building,Dorms,Cafeteria"
U0226_1,"Dorms,Cafeteria,Math_Building,Library,Dorms,Math_Building,Library,Cafeteria"
U0226_10,"Dorms,Library,Dorms,Library,Cafeteria"
U0226_11,"Dorms,Cafeteria,Math_Building,Library,Dorms"
U0226_12,"Math_Building,Student_Center,Library,Cafeteria,Dorms,CS_Building,Dorms,Cafeteria,Dorms,CS_Building,Dorms,Cafeteria,Library"
U0226_13,"Dorms,Cafeteria,Math_Building,Dorms,CS_Building"
U0226_14,"Library,Dorms,Cafeteria,Library,Cafeteria,CS_Building"
U0226_2,"Dorms,Library,Gym,Dorms,Cafeteria,CS_Building,Student_Center,Library"
U0226_3,"Dorms,Cafeteria,Math_Building,Cafeteria,Library,Dorms,CS_Building"
U0226_4,"Dorms,Cafeteria,Library,Student_Center"
U0226_5,"Dorms,Cafeteria,Library,Cafeteria"
U0226_6,"Dorms,CS_Building,Library,Student_Center,Library"
U0226_7,"Math_Building,Cafeteria,Library"
U0226_8,"CS_Building,Library,Gym,Dorms"
U0226_9,"CS_Building,Student_Center,Dorms,Library"
U0227_1,"Student_Center,Library,Student_Center"
U0227_10,"Math_Building,Cafeteria,CS_Building,Student_Center,Dorms,Cafeteria,CS_Building,Library"
U0227_11,"Dorms,Cafeteria,CS_Building,Cafeteria,CS_Building,Cafeteria,Library,Gym"
U0227_12,"Library,Gym,Dorms,Cafeteria,CS_Building"
U0227_2,"Dorms,Cafeteria,CS_Building,Cafeteria"
U0227_3,"Dorms,Cafeteria,Math_Building,Library,Dorms,Cafeteria"
U0227_4,"Dorms,Library,Gym,Dorms"
U0227_5,"Dorms,Cafeteria,Library,Dorms,Library"
U0227_6,"Dorms,Math_Building,Cafeteria,CS_Building,Student_Center,Gym,Cafeteria"
U0227_7,"Dorms,Cafeteria,Library,Dorms,Cafeteria,CS_Building,Library,Cafeteria"
U0227_8,"Dorms,Cafeteria,CS_Building,Library"
U0227_9,"Gym,Dorms,Cafeteria"
U0228_1,"Cafeteria,CS_Building,Dorms,Cafeteria"
U0228_10,"Dorms,Cafeteria,CS_Building,Library,Gym,Dorms,Cafeteria"
U0228_11,"Cafeteria,Math_Building,Dorms,CS_Building,Cafeteria,Math_Building"
U0228_12,"Dorms,Math_Building,Cafeteria,Student_Center,Library"
U0228_13,"Dorms,CS_Building,Cafeteria"
U0228_14,"Dorms,CS_Building,Cafeteria"
U0228_2,"Dorms,Library,Student_Center,Library,Gym"
U0228_3,"Dorms,Cafeteria,Math_Building,Dorms,Cafeteria,Library,Cafeteria,Math_Building,Library,Cafeteria,CS_Building"
U0228_4,"Student_Center,Dorms,Math_Building,Cafeteria"
U0228_5,"Dorms,Cafeteria,CS_Building,Student_Center,Dorms"
U0228_6,"Dorms,Library,Cafeteria,Math_Building,Dorms,Math_Building"
U0228_7,"Library,Gym,Dorms,Math_Building"
U0228_8,"Cafeteria,Math_Building,Student_Center,Library,Dorms,Cafeteria,Math_Building,Student_Center"
U0228_9,"Gym,Dorms,Math_Building,Library,Cafeteria"
U0229_1,"Library,Dorms,Math_Building,Library,Dorms,CS_Building,Student_Center,Dorms"
U0229_10,"Dorms,Cafeteria,CS_Building,Dorms,Cafeteria,Student_Center,Dorms"
U0229_11,"Library,Cafeteria,CS_Building,Library,Dorms,Cafeteria,Math_Building"
U0229_2,"Cafeteria,CS_Building,Library"
U0229_3,"Dorms,Math_Building,Student_Center,Gym,Dorms"
U0229_4,"Student_Center,Dorms,Math_Building,Cafeteria,Dorms,Cafeteria,Library,Dorms,Dorms,CS_Building,Student_Center,Dorms,CS_Building,Library,Cafeteria,CS_Building"
U0229_5,"Dorms,Cafeteria,Library,Student_Center,Gym,Cafeteria,Library,Cafeteria"
U0229_6,"Dorms,CS_Building,Student_Center,Dorms,CS_Building,Student_Center,Gym,Dorms"
U0229_7,"Dorms,Cafeteria,Math_Building,Dorms"
U0229_8,"Dorms,Cafeteria,Math_Building,Student_Center,Dorms"
U0229_9,"Math_Building,Library,Dorms,Math_Building,Student_Center"
U0230_1,"Dorms,Cafeteria,CS_Building,Cafeteria,Math_Building,Dorms,Cafeteria,CS_Building"
U0230_10,"Dorms,CS_Building,Student_Center,Dorms,CS_Building,Cafeteria,Math_Building"
U0230_11,"Dorms,Library,Dorms,Cafeteria,Library,Cafeteria"
U0230_12,"Cafeteria,CS_Building,Library,Cafeteria"
U0230_13,"Student_Center,Dorms,Cafeteria,Library,Gym,Cafeteria,Library,Dorms"
U0230_14,"Dorms,CS_Building,Student_Center,Gym,Dorms,Math_Building,Student_Center"
U0230_2,"CS_Building,Dorms,Math_Building,Dorms,Cafeteria,Library"
U0230_3,"Dorms,Cafeteria,Library,Cafeteria,CS_Building,Library,Gym,Dorms"
U0230_4,"Math_Building,Dorms,Cafeteria,CS_Building,Student_Center,Gym"
U0230_5,"Library,Dorms,Cafeteria,Math_Building"
U0230_6,"Dorms,Cafeteria,Math_Building,Dorms,Math_Building,Dorms,CS_Building,Library"
U0230_7,"Cafeteria,Student_Center,Library,Student_Center,Dorms,Cafeteria,CS_Building,Library"
U0230_8,"Dorms,Cafeteria,Math_Building,Student_Center,Dorms,Math_Building,Student_Center,Library"
U0230_9,"Dorms,Math_Building,Student_Center,Gym,Dorms,Cafeteria,CS_Building"
U0231_1,"CS_Building,Library,Cafeteria"
U0231_10,"Dorms,Math_Building,Cafeteria,Gym,Dorms,Math_Building,Library,Cafeteria,Student_Center,CS_Building,Library,Gym,Dorms,Cafeteria,Math_Building,Cafeteria,CS_Building"
U0231_2,"Dorms,Library,Dorms"
U0231_3,"Dorms,Cafeteria,Library,Cafeteria,Student_Center,Library"
U0231_4,"Dorms,CS_Building,Student_Center,Library,Gym,Cafeteria,Math_Building,Cafeteria"
U0231_5,"Dorms,Library,Dorms,Cafeteria,CS_Building,Cafeteria,CS_Building"
U0231_6,"Student_Center,Dorms,CS_Building,Student_Center"
U0231_7,"Dorms,Cafeteria,Library,Student_Center,Dorms,Cafeteria,Math_Building,Dorms"
U0231_8,"Dorms,Math_Building,Dorms"
U0231_9,"Dorms,Cafeteria,Math_Building,Dorms,CS_Building"
U0232_1,"Dorms,Cafeteria,Student_Center,Library,Dorms,Cafeteria"
U0232_10,"Dorms,Math_Building,Library,Cafeteria"
U0232_11,"Dorms,CS_Building,Student_Center,Dorms,Cafeteria"
U0232_12,"Math_Building,Library,Dorms,Cafeteria,Math_Building,Dorms,Cafeteria,CS_Building,Library"
U0232_13,"Dorms,Math_Building,Student_Center,Library,Dorms,Cafeteria"
U0232_2,"Dorms,CS_Building,Cafeteria,CS_Building,Dorms,Cafeteria,CS_Building,Library"
U0232_3,"Dorms,Library,Gym,Dorms"
U0232_4,"Dorms,Cafeteria,Math_Building,Cafeteria,Library,Cafeteria,CS_Building,Library,Dorms,CS_Building,Library,Dorms,Cafeteria,Math_Building"
U0232_5,"Dorms,Library,Dorms,Cafeteria,Math_Building,Cafeteria"
U0232_6,"Dorms,Math_Building,Dorms,Cafeteria,Math_Building,Cafeteria"
U0232_7,"Dorms,Cafeteria,CS_Building"
U0232_8,"Dorms,Math_Building,Student_Center,Library,Gym"
U0232_9,"Dorms,Math_Building,Student_Center,Dorms,Cafeteria,Student_Center,Gym,Dorms"
U0233_1,"Student_Center,Library,Cafeteria,Library,Dorms,Cafeteria,Math_Building,Dorms"
U0233_10,"Dorms,Math_Building,Library,Cafeteria,CS_Building,Cafeteria"
U0233_11,"Dorms,Cafeteria,Math_Building"
U0233_12,"Dorms,Cafeteria,CS_Building,Student_Center,Gym,Dorms,Dorms,Cafeteria,Math_Building,Dorms,CS_Building,Student_Center"
U0233_13,"Dorms,Library,Cafeteria,CS_Building,Cafeteria,Student_Center"
U0233_2,"Dorms,Cafeteria,Math_Building,Cafeteria"
U0233_3,"Dorms,Library,Dorms,Math_Building"
U0233_4,"Dorms,Math_Building,Student_Center,Dorms,Library,Cafeteria"
U0233_5,"Student_Center,Library,Student_Center,Library"
U0233_6,"Dorms,Cafeteria,Math_Building,Cafeteria,Library,Cafeteria,Dorms,Cafeteria,CS_Building,Student_Center,Gym,Dorms,Dorms,Library,Cafeteria,Math_Building,Cafeteria"
U0233_7,"Cafeteria,Library,Gym,Dorms,CS_Building,Cafeteria,CS_Building,Library"
U0233_8,"Dorms,Math_Building,Student_Center,Gym"
U0233_9,"Dorms,Library,Student_Center,Library,Gym,Dorms"
U0234_1,"Dorms,CS_Building,Library,Cafeteria"
U0234_10,"Gym,Dorms,Library,Gym,Dorms,Library"
U0234_11,"Student_Center,Dorms,Cafeteria"
U0234_12,"Dorms,Cafeteria,Math_Building,Library,Dorms,Cafeteria,Math_Building,Dorms"
U0234_13,"Dorms,Cafeteria,CS_Building,Cafeteria,CS_Building,Dorms,Cafeteria"
U0234_2,"Dorms,CS_Building,Library,Gym,Dorms,CS_Building"
U0234_3,"Dorms,CS_Building,Library,Gym"
U0234_4,"Dorms,Math_Building,Cafeteria"
U0234_5,"Dorms,CS_Building,Student_Center,Gym,Cafeteria,CS_Building,Library,Cafeteria"
U0234_6,"Library,Cafeteria,Math_Building"
U0234_7,"Dorms,CS_Building,Library,Cafeteria,Math_Building"
U0234_8,"Dorms,Cafeteria,CS_Building,Dorms,Cafeteria,CS_Building,Library,Cafeteria,Math_Building"
U0234_9,"Cafeteria,Math_Building,Library"
U0235_1,"Cafeteria,Student_Center,Gym,Dorms"
U0235_10,"Library,Cafeteria,Math_Building,Library,Gym"
U0235_11,"Dorms,Cafeteria,Math_Building"
U0235_12,"Dorms,Cafeteria,CS_Building,Cafeteria,CS_Building"
U0235_13,"Dorms,Cafeteria,Math_Building,Student_Center,Library,Student_Center"
U0235_14,"Dorms,Library,Dorms,Cafeteria,Student_Center"
U0235_2,"Dorms,Math_Building,Student_Center"
U0235_3,"Cafeteria,CS_Building,Student_Center,Gym,Dorms,Library,Cafeteria"
U0235_4,"Dorms,CS_Building,Cafeteria,Student_Center,Gym"
U0235_5,"Dorms,Library,Student_Center,Dorms,CS_Building,Student_Center,Library,Student_Center"
U0235_6,"Dorms,CS_Building,Library,Dorms,Math_Building,Library,Dorms,Library"
U0235_7,"Dorms,CS_Building,Library,Dorms,Math_Building"
U0235_8,"Dorms,Cafeteria,Math_Building,Library,Cafeteria,Math_Building,Library"
U0235_9,"Dorms,Math_Building,Student_Center,Gym,Dorms,Math_Building"
U0236_1,"Dorms,Math_Building,Library,Dorms,Library,Dorms,Cafeteria,CS_Building"
U0236_10,"Dorms,Cafeteria,Student_Center,Library,Dorms,Library"
U0236_2,"Dorms,Cafeteria,Math_Building,Student_Center,Dorms,Dorms,CS_Building,Library,Gym,Cafeteria,CS_Building,Library"
U0236_3,"Dorms,Cafeteria,CS_Building,Student_Center,Dorms,Cafeteria,Student_Center"
U0236_4,"Gym,Cafeteria,CS_Building"
U0236_5,"Dorms,CS_Building,Library,Gym,Cafeteria"
U0236_6,"Dorms,Math_Building,Student_Center,Gym,Dorms,Cafeteria"
U0236_7,"Gym,Dorms,Library,Dorms"
U0236_8,"Dorms,Cafeteria,Library,Dorms,Math_Building,Dorms,Cafeteria"
U0236_9,"Dorms,Library,Cafeteria,Library,Gym,CS_Building,Library,Cafeteria,Math_Building,Library,Dorms,Cafeteria"
U0237_1,"CS_Building,Dorms,Cafeteria,Library,Dorms,Math_Building"
U0237_10,"Dorms,Cafeteria,Math_Building,Cafeteria,Math_Building,Student_Center,Library"
U0237_11,"Dorms,Math_Building,Library,Cafeteria,Library,Gym,Dorms,CS_Building"
U0237_12,"Dorms,Library,Gym"
U0237_13,"Dorms,Math_Building,Library"
U0237_2,"Dorms,Cafeteria,Math_Building,Cafeteria,CS_Building,Cafeteria,CS_Building,Dorms"
U0237_3,"CS_Building,Student_Center,Dorms,Cafeteria,Math_Building"
U0237_4,"Dorms,Cafeteria,Library,Cafeteria,Library,Dorms"
U0237_5,"Dorms,Cafeteria,Math_Building,Student_Center"
U0237_6,"Dorms,Cafeteria,CS_Building,Library,Cafeteria"
U0237_7,"Dorms,CS_Building,Library,Dorms,Cafeteria,Math_Building,Student_Center"
U0237_8,"Dorms,Math_Building,Student_Center,Dorms,CS_Building"
U0237_9,"Dorms,Library,Gym,Dorms,Library,Dorms,Cafeteria,CS_Building,Student_Center,Gym,Cafeteria"
U0238_1,"Dorms,Cafeteria,Math_Building,Cafeteria"
U0238_10,"Dorms,Cafeteria,CS_Building,Student_Center,Library,Gym,Cafeteria"
U0238_2,"Dorms,CS_Building,Library,Dorms,Cafeteria,CS_Building"
U0238_3,"Dorms,CS_Building,Cafeteria,Math_Building,Cafeteria,Library,Dorms,Library"
U0238_4,"Dorms,Math_Building,Cafeteria"
U0238_5,"Dorms,Cafeteria,Student_Center,Dorms,Cafeteria"
U0238_6,"Dorms,Cafeteria,Library"
U0238_7,"Dorms,Cafeteria,Library"
U0238_8,"Dorms,CS_Building,Cafeteria,Library,Gym,Dorms,Cafeteria,CS_Building"
U0238_9,"Dorms,CS_Building,Library,Dorms,Cafeteria"
U0239_1,"Dorms,CS_Building,Library,Cafeteria,Library,Cafeteria,CS_Building"
U0239_10,"Gym,Dorms,Math_Building,Cafeteria"
U0239_11,"Dorms,Cafeteria,Student_Center,Library,Dorms,Cafeteria,Math_Building,Student_Center"
U0239_12,"Dorms,Math_Building,Cafeteria,Math_Building,Library,Student_Center,Library"
U0239_13,"Dorms,Math_Building,Library,Cafeteria,Math_Building,Student_Center,Dorms"
U0239_2,"Dorms,Cafeteria,Library,Cafeteria"
U0239_3,"Gym,Dorms,CS_Building,Cafeteria,CS_Building"
U0239_4,"Dorms,Cafeteria,Math_Building,Cafeteria,Student_Center,Dorms,Cafeteria,CS_Building,Gym,Dorms,Cafeteria,Math_Building,Dorms,Cafeteria"
U0239_5,"Dorms,Math_Building,Dorms,Library,Gym,Dorms,Cafeteria,Math_Building"
U0239_6,"CS_Building,Library,Cafeteria,Library,Dorms,Math_Building,Library,Dorms,Cafeteria,Student_Center,Dorms,Math_Building"
U0239_7,"Dorms,Cafeteria,CS_Building,Library,Dorms,Cafeteria"
U0239_8,"Dorms,Cafeteria,Library,Cafeteria,CS_Building"
U0239_9,"Dorms,Library,Gym"
U0240_1,"Dorms,Library,Cafeteria,CS_Building,Dorms,Cafeteria,Dorms,Cafeteria,Math_Building,Student_Center"
U0240_10,"Gym,Cafeteria,Math_Building"
U0240_11,"Dorms,Library,Gym,Cafeteria,CS_Building"
U0240_2,"Dorms,Cafeteria,Math_Building,Dorms,Library"
U0240_3,"Dorms,Math_Building,Student_Center,Library,Dorms"
U0240_4,"Cafeteria,CS_Building,Student_Center,Library,Cafeteria,Math_Building,Dorms,CS_Building,Student_Center,Gym,Dorms,Cafeteria,Math_Building,Library,Gym"
U0240_5,"Math_Building,Student_Center,Library,Dorms,Cafeteria,Library,Dorms"
U0240_6,"Math_Building,Dorms,Cafeteria,Dorms,Cafeteria,Math_Building"
U0240_7,"Dorms,Cafeteria,Library,Dorms,Dorms,CS_Building,Dorms,Library,Dorms"
U0240_8,"Cafeteria,Library,Cafeteria"
U0240_9,"Dorms,CS_Building,Cafeteria,CS_Building,Cafeteria"
U0241_1,"Dorms,CS_Building,Student_Center"
U0241_10,"Dorms,Cafeteria,Math_Building,Library"
U0241_11,"Dorms,Math_Building,Student_Center,Gym,Cafeteria,Math_Building,Library"
U0241_12,"Dorms,Cafeteria,Math_Building,Dorms,CS_Building,Cafeteria"
U0241_2,"Dorms,Cafeteria,Student_Center"
U0241_3,"Dorms,Library,Cafeteria,Student_Center,Library,Gym,Dorms,Library"
U0241_4,"Dorms,CS_Building,Library,Dorms"
U0241_5,"Dorms,Cafeteria,Library,Cafeteria,Student_Center,Gym,Dorms"
U0241_6,"Dorms,CS_Building,Library,Dorms,Cafeteria,Math_Building,Library"
U0241_7,"Dorms,Cafeteria,Math_Building,Student_Center,Dorms,CS_Building,Cafeteria"
U0241_8,"Dorms,Math_Building,Cafeteria,CS_Building,Cafeteria,Math_Building,Cafeteria,CS_Building,Dorms,CS_Building"
U0241_9,"Dorms,Cafeteria,CS_Building,Student_Center,Library,Gym"
U0242_1,"Dorms,Math_Building,Library,Gym,Dorms,Cafeteria,Student_Center,Dorms,CS_Building,Cafeteria,CS_Building,Dorms,Cafeteria,Math_Building"
U0242_10,"Dorms,Cafeteria,Math_Building"
U0242_11,"Dorms,Math_Building,Dorms,Cafeteria,Library"
U0242_2,"Dorms,Cafeteria,Math_Building,Library,Cafeteria,CS_Building,Student_Center,Dorms"
U0242_3,"Library,Dorms,Cafeteria,Math_Building,Dorms,Cafeteria,Math_Building,Dorms,Cafeteria,CS_Building,Dorms,Cafeteria,Math_Building,Cafeteria,CS_Building"
U0242_4,"Cafeteria,CS_Building,Library,Dorms,Cafeteria,CS_Building"
U0242_5,"Dorms,Cafeteria,Math_Building,Library,Student_Center,Dorms,CS_Building,Cafeteria"
U0242_6,"Dorms,Cafeteria,CS_Building,Library,Cafeteria,Math_Building,Student_Center"
U0242_7,"Dorms,Cafeteria,Library,Cafeteria"
U0242_8,"Gym,Dorms,Cafeteria,Math_Building,Cafeteria,Math_Building"
U0242_9,"Dorms,Library,Dorms,Cafeteria,CS_Building,Library"
U0243_1,"Dorms,Library,Dorms,Math_Building,Library,Dorms,Dorms,Math_Building,Library,Gym"
U0243_10,"Dorms,Cafeteria,CS_Building,Student_Center,Dorms,Cafeteria,Student_Center,Dorms,Cafeteria"
U0243_11,"Dorms,Cafeteria,CS_Building,Library"
U0243_12,"Student_Center,Dorms,Math_Building,Cafeteria,Student_Center"
U0243_2,"Dorms,Cafeteria,Math_Building,Dorms,Library,Gym"
U0243_3,"Dorms,Cafeteria,CS_Building,Library,Dorms,Cafeteria"
U0243_4,"Dorms,Math_Building,Cafeteria"
U0243_5,"Dorms,Cafeteria,Math_Building,Student_Center"
U0243_6,"Dorms,CS_Building,Student_Center,Gym,Cafeteria,Math_Building"
U0243_7,"Student_Center,Gym,Dorms,CS_Building"
U0243_8,"Dorms,Cafeteria,CS_Building,Library"
U0243_9,"Dorms,Cafeteria,CS_Building,Cafeteria,Math_Building,Student_Center,Dorms,CS_Building,Cafeteria,Library,Gym,Dorms,Cafeteria"
U0244_1,"Dorms,CS_Building,Student_Center,Gym"
U0244_10,"Dorms,CS_Building,Cafeteria,Math_Building,Library"
U0244_11,"Dorms,Library,Dorms,Cafeteria,Student_Center,Library,Gym"
U0244_12,"Math_Building,Library,Dorms,Library,Cafeteria,Library,Cafeteria,CS_Building"
U0244_13,"Gym,Cafeteria,Math_Building,Student_Center,Gym,Dorms,Cafeteria"
U0244_14,"Dorms,CS_Building,Student_Center"
U0244_15,"Cafeteria,Math_Building,Library,Gym"
U0244_16,"Student_Center,Gym,Dorms,Cafeteria,Math_Building,Library,Cafeteria"
U0244_2,"Cafeteria,CS_Building,Cafeteria,CS_Building,Dorms,CS_Building"
U0244_3,"Dorms,Math_Building,Student_Center,Gym"
U0244_4,"Dorms,CS_Building,Library,Cafeteria"
U0244_5,"Gym,Cafeteria,CS_Building"
U0244_6,"Dorms,Cafeteria,Math_Building,Dorms,Cafeteria,CS_Building,Student_Center"
U0244_7,"Dorms,Math_Building,Cafeteria"
U0244_8,"Dorms,Cafeteria,Student_Center,Gym,Dorms"
U0244_9,"Dorms,Library,Dorms,Cafeteria,Math_Building"
U0245_1,"Dorms,Cafeteria,CS_Building,Library,Dorms,Cafeteria"
U0245_10,"Gym,Dorms,Library"
U0245_11,"Dorms,Cafeteria,Math_Building,Student_Center,Dorms,Cafeteria"
U0245_12,"Cafeteria,Math_Building,Library,Dorms,Cafeteria,CS_Building,Dorms,Cafeteria,CS_Building,Dorms,Math_Building"
U0245_13,"CS_Building,Student_Center,Gym,Dorms,CS_Building,Student_Center,Library,Dorms"
U0245_14,"Cafeteria,CS_Building,Cafeteria,CS_Building,Student_Center,Library,Gym"
U0245_2,"Gym,Dorms,Math_Building,Cafeteria,CS_Building,Library"
U0245_3,"Dorms,Math_Building,Student_Center"
U0245_4,"Dorms,Cafeteria,Student_Center,Gym,Dorms"
U0245_5,"Dorms,Math_Building,Library,Dorms,Math_Building,Student_Center,Dorms,Cafeteria,Student_Center,Library"
U0245_6,"Dorms,CS_Building,Dorms,Library"
U0245_7,"Dorms,Cafeteria,Math_Building,Cafeteria,Math_Building"
U0245_8,"Dorms,Cafeteria,CS_Building,Student_Center,Dorms,Cafeteria,Student_Center"
U0245_9,"Dorms,Library,Gym,Dorms,CS_Building,Library"
U0246_1,"Dorms,Math_Building,Library"
U0246_10,"Dorms,Math_Building,Student_Center,Gym"
U0246_11,"Dorms,Library,Dorms,Library,Dorms,CS_Building"
U0246_12,"Dorms,Math_Building,Cafeteria,Math_Building"
U0246_2,"Dorms,Math_Building,Dorms,CS_Building"
U0246_3,"Dorms,Cafeteria,CS_Building,Student_Center"
U0246_4,"Dorms,Library,Gym,Dorms,CS_Building"
U0246_5,"Dorms,Cafeteria,Math_Building,Student_Center,Dorms,CS_Building,Dorms"
U0246_6,"Dorms,CS_Building,Library,Gym,Cafeteria,CS_Building,Cafeteria"
U0246_7,"Student_Center,Dorms,CS_Building,Library,Dorms,CS_Building,Library,Cafeteria"
U0246_8,"Dorms,Cafeteria,CS_Building,Library,Gym"
U0246_9,"Dorms,Cafeteria,CS_Building,Student_Center,Gym"
U0247_1,"Dorms,Library,Cafeteria,Math_Building,Dorms,CS_Building,Cafeteria,Library"
U0247_10,"Dorms,Cafeteria,CS_Building,Dorms,Cafeteria"
U0247_2,"Dorms,Math_Building,Dorms,Math_Building,Dorms,Cafeteria,CS_Building"
U0247_3,"Dorms,Math_Building,Student_Center,Dorms"
U0247_4,"CS_Building,Cafeteria,Library,Student_Center,Dorms,Cafeteria"
U0247_5,"Dorms,Cafeteria,Math_Building,Student_Center,Dorms,Cafeteria,CS_Building"
U0247_6,"Dorms,Cafeteria,CS_Building,Student_Center,Dorms,CS_Building,Dorms"
U0247_7,"Dorms,CS_Building,Dorms,Cafeteria,CS_Building,Library,Dorms"
U0247_8,"CS_Building,Library,Gym,Dorms,Library,Student_Center"
U0247_9,"Dorms,Math_Building,Library,Gym,Dorms"
U0248_1,"Dorms,Cafeteria,Library,Dorms,CS_Building,Cafeteria,CS_Building"
U0248_10,"Dorms,CS_Building,Dorms,Cafeteria,Math_Building,Student_Center,Dorms"
U0248_2,"Dorms,Math_Building,Cafeteria,Math_Building"
U0248_3,"Dorms,Cafeteria,CS_Building"
U0248_4,"Dorms,Cafeteria,Math_Building,Library,Gym"
U0248_5,"Dorms,Cafeteria,Math_Building,Dorms,CS_Building,Dorms,Dorms,Math_Building,Student_Center,Dorms"
U0248_6,"Dorms,Library,Dorms,Library,Cafeteria,Math_Building,Library,Cafeteria"
U0248_7,"Dorms,Cafeteria,CS_Building,Student_Center,Dorms,CS_Building"
U0248_8,"Dorms,Math_Building,Library,Dorms,Cafeteria,Gym,Dorms,Cafeteria,CS_Building,Cafeteria,CS_Building,Cafeteria"
U0248_9,"Dorms,Cafeteria,CS_Building"
U0249_1,"Dorms,Math_Building,Library,Gym,Dorms,Cafeteria"
U0249_10,"Dorms,Cafeteria,Math_Building,Library,Dorms,Library,Dorms"
U0249_11,"Dorms,Library,Cafeteria"
U0249_12,"Dorms,CS_Building,Library,Cafeteria,CS_Building,Cafeteria,Library,Dorms,Cafeteria,Library"
U0249_13,"Dorms,Cafeteria,Math_Building,Student_Center,Library,Dorms,Cafeteria,Library"
U0249_2,"Library,Dorms,Cafeteria,CS_Building,Library,Gym,Dorms,Math_Building,Dorms,Math_Building,Student_Center,Dorms,Library,Cafeteria,Math_Building,Student_Center"
U0249_3,"Gym,Cafeteria,Library,Gym,Cafeteria,Math_Building"
U0249_4,"Gym,Dorms,Cafeteria,CS_Building,Student_Center,Gym,Dorms,Math_Building,Dorms,Cafeteria,Library,Student_Center,Dorms,Cafeteria,CS_Building"
U0249_5,"Dorms,Cafeteria,CS_Building,Cafeteria"
U0249_6,"Student_Center,Dorms,Math_Building,Dorms"
U0249_7,"Dorms,Cafeteria,Student_Center,Gym,Dorms"
U0249_8,"Dorms,Cafeteria,Library,Gym,Dorms,Cafeteria"
U0249_9,"Dorms,Cafeteria,Student_Center,Library,Cafeteria,CS_Building,Student_Center,Library"
U0250_1,"CS_Building,Student_Center,Dorms,Math_Building,Library"
U0250_10,"Dorms,Math_Building,Student_Center,Dorms,Library,Gym,Dorms,Math_Building,Library,Cafeteria"
U0250_11,"Dorms,Cafeteria,Student_Center,Gym,Dorms,Cafeteria,CS_Building"
U0250_2,"Gym,Cafeteria,CS_Building,Student_Center,Gym,Dorms,Gym,Dorms,Math_Building,Student_Center"
U0250_3,"Dorms,Math_Building,Student_Center,Gym,Dorms,CS_Building,Student_Center,Dorms"
U0250_4,"Dorms,CS_Building,Student_Center,Cafeteria,Library,Dorms,Math_Building"
U0250_5,"Dorms,Cafeteria,CS_Building,Student_Center,Gym,Library,Dorms,Cafeteria,CS_Building,Student_Center"
U0250_6,"Dorms,CS_Building,Dorms,Library,Cafeteria,Library"
U0250_7,"Dorms,Cafeteria,Math_Building,Dorms,Cafeteria"
U0250_8,"Dorms,CS_Building,Library,Dorms"
U0250_9,"Dorms,Cafeteria,Math_Building,Student_Center,Library,Cafeteria,Library,Dorms"
U0251_1,"Cafeteria,Math_Building,Library"
U0251_10,"Dorms,CS_Building,Library,Dorms"
U0251_11,"Dorms,CS_Building,Library,Dorms,Math_Building,Student_Center,Library"
U0251_12,"Dorms,Math_Building,Cafeteria,CS_Building,Cafeteria,Library,Gym"
U0251_13,"Dorms,Math_Building,Student_Center,Gym,Cafeteria"
U0251_14,"Math_Building,Student_Center,Gym,Dorms,Cafeteria,Math_Building,Cafeteria"
U0251_2,"Dorms,Cafeteria,Student_Center,Gym,Dorms"
U0251_3,"Gym,Dorms,Cafeteria,Student_Center,Library,Dorms,CS_Building,Dorms,Cafeteria,CS_Building,Dorms,Cafeteria"
U0251_4,"Dorms,Cafeteria,Library"
U0251_5,"Dorms,Cafeteria,CS_Building,Student_Center,Dorms,Cafeteria,CS_Building,Library"
U0251_6,"Dorms,Cafeteria,Math_Building,Library,Dorms,Cafeteria,Math_Building,Cafeteria"
U0251_7,"Dorms,CS_Building,Library,Cafeteria"
U0251_8,"Dorms,Cafeteria,Math_Building,Dorms,Math_Building,Dorms"
U0251_9,"Dorms,CS_Building,Cafeteria,CS_Building,Dorms,Cafeteria,Math_Building,Library"
U0252_1,"Dorms,Cafeteria,CS_Building,Student_Center,Gym,Dorms,Cafeteria"
U0252_10,"Dorms,Cafeteria,Library,Cafeteria,CS_Building,Cafeteria,Student_Center,Library"
U0252_11,"Dorms,CS_Building,Student_Center,Gym,Dorms,Cafeteria,Math_Building"
U0252_12,"Dorms,Cafeteria,CS_Building"
U0252_13,"Dorms,CS_Building,Student_Center,Gym,Dorms,Math_Building,Dorms,Math_Building"
U0252_14,"Dorms,CS_Building,Student_Center"
U0252_15,"Gym,Dorms,Cafeteria,CS_Building,Library,Dorms,Math_Building,Library"
U0252_16,"Dorms,Cafeteria,Math_Building,Library"
U0252_17,"Cafeteria,Math_Building,Dorms"
U0252_2,"Dorms,CS_Building,Cafeteria,Math_Building,Dorms,Math_Building,Student_Center"
U0252_3,"Student_Center,Library,Dorms,CS_Building,Library"
U0252_4,"Dorms,CS_Building,Cafeteria"
U0252_5,"Dorms,Cafeteria,CS_Building"
U0252_6,"Dorms,Cafeteria,CS_Building,Cafeteria"
U0252_7,"Dorms,Cafeteria,Math_Building,Cafeteria,Dorms,Library,Cafeteria,CS_Building,Library,Dorms,Math_Building"
U0252_8,"Dorms,Math_Building,Student_Center,Gym,Dorms"
U0252_9,"Dorms,Cafeteria,CS_Building"
U0253_1,"Dorms,Cafeteria,Math_Building,Library,Cafeteria,Math_Building,Gym,Dorms,Cafeteria,CS_Building,Cafeteria,CS_Building,Student_Center"
U0253_10,"Dorms,Cafeteria,Library"
U0253_11,"Gym,Dorms,Cafeteria,Math_Building,Dorms"
U0253_12,"Dorms,Cafeteria,Math_Building"
U0253_13,"Dorms,Cafeteria,Math_Building,Library,Dorms,Cafeteria"
U0253_2,"Dorms,Library,Dorms,Cafeteria"
U0253_3,"Dorms,Cafeteria,Math_Building,Cafeteria"
U0253_4,"Dorms,Cafeteria,Library,Student_Center,Dorms,Math_Building,Cafeteria,Math_Building,Library,Cafeteria"
U0253_5,"Dorms,Cafeteria,Math_Building,Cafeteria,Math_Building,Library"
U0253_6,"Dorms,Cafeteria,CS_Building"
U0253_7,"Math_Building,Student_Center,Dorms"
U0253_8,"Dorms,CS_Building,Student_Center"
U0253_9,"Dorms,Library,Gym,Dorms,Cafeteria"
U0254_1,"Dorms,CS_Building,Library,Student_Center,Dorms"
U0254_10,"Dorms,Cafeteria,CS_Building,Cafeteria,CS_Building,Library"
U0254_11,"Dorms,Library,Dorms,Math_Building,Library"
U0254_2,"Student_Center,Gym,Dorms,Math_Building,Dorms,Cafeteria,Student_Center,Dorms"
U0254_3,"Dorms,Math_Building,Library,Dorms,Math_Building"
U0254_4,"Dorms,Cafeteria,Student_Center,Library,Cafeteria,Math_Building,Cafeteria"
U0254_5,"Dorms,CS_Building,Student_Center,Library,Student_Center,Library,Dorms,Math_Building,Student_Center,Gym"
U0254_6,"Dorms,Cafeteria,CS_Building,Library,Dorms,Cafeteria"
U0254_7,"Dorms,CS_Building,Library,Gym,Dorms"
U0254_8,"Dorms,CS_Building,Library,Dorms,Cafeteria,Math_Building,Dorms,Cafeteria"
U0254_9,"Library,Dorms,Cafeteria,Math_Building"
U0255_1,"Dorms,Math_Building,Dorms,Cafeteria,CS_Building,Library,Cafeteria,Library"
U0255_10,"Dorms,Math_Building,Cafeteria,Math_Building,Student_Center,Library,Dorms,Library"
U0255_11,"Dorms,Cafeteria,CS_Building,Student_Center,Library"
U0255_12,"Dorms,Cafeteria,CS_Building,Library"
U0255_13,"Dorms,CS_Building,Library,Cafeteria,CS_Building,Cafeteria,Math_Building,Dorms"
U0255_14,"Library,Dorms,Math_Building,Cafeteria,CS_Building,Student_Center,Library"
U0255_2,"Dorms,Cafeteria,Math_Building,Dorms,Cafeteria,Math_Building"
U0255_3,"Student_Center,Dorms,Math_Building,Cafeteria,CS_Building"
U0255_4,"Dorms,CS_Building,Student_Center,Library,Cafeteria,Math_Building,Library,Dorms,Cafeteria,Math_Building,Library,Cafeteria,CS_Building"
U0255_5,"Dorms,Cafeteria,Math_Building,Cafeteria,Math_Building,Student_Center,Dorms,Library"
U0255_6,"Student_Center,Library,Student_Center"
U0255_7,"Dorms,Cafeteria,CS_Building,Library,Dorms,CS_Building,Cafeteria"
U0255_8,"Math_Building,Dorms,Math_Building,Library,Dorms"
U0255_9,"Student_Center,Library,Cafeteria,CS_Building,Cafeteria,CS_Building"
U0256_1,"Dorms,Cafeteria,CS_Building,Library"
U0256_10,"Dorms,Math_Building,Library,Dorms,Math_Building"
U0256_11,"Dorms,Cafeteria,CS_Building,Library,Cafeteria,CS_Building,Student_Center"
U0256_12,"Dorms,Cafeteria,Library,Dorms,CS_Building,Dorms,CS_Building"
U0256_13,"Student_Center,Dorms,Cafeteria,Math_Building,Student_Center,Dorms,CS_Building,Library"
U0256_14,"CS_Building,Student_Center,Library,Dorms,Library,Dorms,Library"
U0256_15,"Dorms,CS_Building,Student_Center,Gym,Dorms,Math_Building,Library,Gym"
U0256_2,"Dorms,Library,Dorms,CS_Building,Student_Center,Library,Student_Center"
U0256_3,"Dorms,Math_Building,Student_Center,Gym,Cafeteria,Student_Center"
U0256_4,"Dorms,Cafeteria,CS_Building,Student_Center,Library,Cafeteria"
U0256_5,"Dorms,Cafeteria,Library"
U0256_6,"Dorms,Cafeteria,Math_Building,Cafeteria,CS_Building,Cafeteria,Math_Building,Dorms"
U0256_7,"Gym,Dorms,Library,Gym,Cafeteria,Library,Gym,Dorms"
U0256_8,"Dorms,Library,Gym,Dorms,Cafeteria,Math_Building,Student_Center,Dorms"
U0256_9,"CS_Building,Cafeteria,CS_Building,Student_Center,Gym,Dorms,Cafeteria,CS_Building"
U0257_1,"Dorms,Cafeteria,CS_Building,Student_Center,Gym,Dorms"
U0257_10,"Dorms,Math_Building,Cafeteria"
U0257_11,"Cafeteria,Library,Cafeteria,CS_Building"
U0257_2,"Math_Building,Cafeteria,Student_Center,Library,Dorms,CS_Building,Dorms,Library,Dorms,Cafeteria,Library,Student_Center"
U0257_3,"Dorms,CS_Building,Cafeteria"
U0257_4,"Library,Dorms,CS_Building,Library,Dorms,Library,Dorms"
U0257_5,"Dorms,Math_Building,Cafeteria,Library"
U0257_6,"Dorms,CS_Building,Student_Center,Library,Cafeteria,CS_Building,Library"
U0257_7,"Cafeteria,Student_Center,Gym,Dorms,Cafeteria"
U0257_8,"Dorms,Cafeteria,Library,Student_Center,Dorms"
U0257_9,"Dorms,Cafeteria,CS_Building,Cafeteria,Math_Building,Library,Dorms,Cafeteria,CS_Building,Library"
U0258_1,"Dorms,Cafeteria,Library,Dorms,Cafeteria,CS_Building,Library"
U0258_10,"Dorms,Cafeteria,Math_Building,Student_Center,Gym"
U0258_11,"Dorms,CS_Building,Cafeteria,Math_Building,Student_Center"
U0258_12,"Gym,Dorms,Math_Building,Cafeteria,CS_Building,Cafeteria,Math_Building,Dorms,Cafeteria,CS_Building,Student_Center"
U0258_2,"Dorms,Cafeteria,Library,Dorms,Math_Building,Student_Center,Dorms"
U0258_3,"Dorms,Math_Building,Student_Center,Dorms,Library"
U0258_4,"CS_Building,Dorms,Cafeteria"
U0258_5,"Dorms,CS_Building,Student_Center,Dorms"
U0258_6,"Gym,Dorms,Math_Building,Student_Center,Dorms"
U0258_7,"Dorms,CS_Building,Library,Cafeteria,Math_Building,Student_Center,Dorms"
U0258_8,"Dorms,CS_Building,Library"
U0258_9,"Dorms,Cafeteria,CS_Building,Cafeteria,Math_Building,Student_Center"
U0259_1,"Math_Building,Student_Center,Gym,Dorms,CS_Building"
U0259_10,"Student_Center,Dorms,Cafeteria,Math_Building"
U0259_11,"Student_Center,Library,Gym"
U0259_12,"Dorms,Cafeteria,Library,Dorms,Cafeteria,Library"
U0259_13,"Dorms,Library,Cafeteria,Dorms,Cafeteria,Student_Center,Dorms,Cafeteria,Library,Student_Center,Library,Cafeteria,Math_Building,Dorms,CS_Building,Library"
U0259_2,"Dorms,Cafeteria,Student_Center,Gym"
U0259_3,"Dorms,Cafeteria,CS_Building,Library,Dorms,Cafeteria,Math_Building"
U0259_4,"Math_Building,Library,Gym,Dorms,Math_Building"
U0259_5,"Student_Center,Dorms,Cafeteria"
U0259_6,"Math_Building,Cafeteria,Math_Building,Library"
U0259_7,"Dorms,Cafeteria,Student_Center,Gym,Dorms"
U0259_8,"Dorms,Cafeteria,CS_Building,Gym,Dorms,Library,Cafeteria"
U0259_9,"Dorms,Math_Building,Student_Center"
U0260_1,"Dorms,Math_Building,Student_Center,Gym,Dorms"
U0260_10,"Dorms,Cafeteria,Math_Building"
U0260_11,"Gym,Dorms,CS_Building"
U0260_12,"Dorms,Library,Gym,Dorms,Cafeteria,CS_Building,Student_Center"
U0260_13,"Dorms,Cafeteria,CS_Building,Student_Center,Math_Building,Cafeteria,Library,Cafeteria,Math_Building,Library,Dorms"
U0260_14,"Dorms,Cafeteria,CS_Building,Cafeteria,CS_Building,Student_Center,Gym"
U0260_15,"Student_Center,Gym,Cafeteria,CS_Building,Library,Gym,Dorms,Cafeteria,Dorms,Cafeteria,Library,Dorms,Library,Student_Center,Gym,Dorms"
U0260_2,"Dorms,Library,Dorms,CS_Building,Library,Cafeteria"
U0260_3,"Dorms,Math_Building,Cafeteria"
U0260_4,"Dorms,Cafeteria,Student_Center,Dorms,Math_Building"
U0260_5,"CS_Building,Dorms,Library,Cafeteria,Library,Cafeteria,CS_Building,Student_Center"
U0260_6,"Math_Building,Student_Center,Library,Cafeteria"
U0260_7,"Dorms,CS_Building,Student_Center,Library,Dorms"
U0260_8,"Dorms,Cafeteria,CS_Building,Student_Center,Library,Dorms"
U0260_9,"Math_Building,Student_Center,Dorms"
U0261_1,"Dorms,Cafeteria,Math_Building,Student_Center,Dorms,CS_Building,Student_Center,Dorms,Cafeteria,CS_Building,Student_Center"
U0261_10,"Dorms,CS_Building,Cafeteria,Math_Building,Library,Dorms"
U0261_11,"Dorms,CS_Building,Student_Center,Dorms,Library"
U0261_12,"Dorms,Math_Building,Cafeteria,Math_Building,Cafeteria"
U0261_2,"Dorms,Math_Building,Library,Dorms,Library,Cafeteria,CS_Building,Library"
U0261_3,"Dorms,Cafeteria,CS_Building,Student_Center,Dorms,CS_Building,Student_Center"
U0261_4,"Dorms,Cafeteria,Math_Building,Student_Center,Library,Dorms,CS_Building"
U0261_5,"Dorms,Cafeteria,CS_Building,Student_Center,Library,Gym,Dorms,Math_Building"
U0261_6,"CS_Building,Library,Gym,Dorms,Cafeteria,CS_Building,Dorms,Cafeteria"
U0261_7,"Dorms,CS_Building,Library"
U0261_8,"Dorms,Cafeteria,Math_Building,Student_Center"
U0261_9,"Dorms,Math_Building,Cafeteria,Library,Cafeteria"
U0262_1,"Dorms,Library,Gym,Dorms,Library,Dorms,Cafeteria,Student_Center"
U0262_10,"Dorms,Cafeteria,Library,Dorms,CS_Building,Student_Center,Dorms,CS_Building"
U0262_11,"Dorms,Cafeteria,Math_Building,Dorms,Cafeteria"
U0262_12,"Dorms,Cafeteria,Library,Cafeteria,Math_Building"
U0262_13,"Dorms,Cafeteria,Library,Dorms,Math_Building,Student_Center,Library,Gym"
U0262_14,"Dorms,Cafeteria,CS_Building,Library,Dorms,Library,Gym,Dorms,Library,Dorms,Cafeteria"
U0262_2,"Dorms,CS_Building,Library,Dorms,Math_Building,Cafeteria,Math_Building"
U0262_3,"Dorms,CS_Building,Dorms,Cafeteria,CS_Building"
U0262_4,"Dorms,Library,Dorms"
U0262_5,"Dorms,CS_Building,Student_Center,Gym,Dorms,Cafeteria"
U0262_6,"CS_Building,Library,Dorms,Cafeteria,CS_Building"
U0262_7,"Dorms,Math_Building,Library"
U0262_8,"Dorms,Cafeteria,Math_Building,Cafeteria,Library,Gym,Dorms"
U0262_9,"Dorms,Cafeteria,Student_Center,Library,Cafeteria,CS_Building"
U0263_1,"Dorms,Math_Building,Student_Center,Library,Cafeteria,Math_Building"
U0263_10,"Dorms,Cafeteria,Math_Building,Dorms"
U0263_11,"Dorms,CS_Building,Dorms"
U0263_12,"Dorms,Cafeteria,Library,Gym"
U0263_13,"Dorms,Math_Building,Student_Center,Gym,Cafeteria,Math_Building,Cafeteria,Math_Building"
U0263_14,"Dorms,Math_Building,Library,Gym,Dorms"
U0263_15,"Library,Gym,Dorms,Cafeteria"
U0263_2,"Dorms,Cafeteria,Library,Cafeteria,Student_Center,Dorms,Library,Dorms"
U0263_3,"Dorms,Cafeteria,Math_Building,Dorms,Cafeteria"
U0263_4,"Cafeteria,CS_Building,Library,Cafeteria,Math_Building"
U0263_5,"Dorms,CS_Building,Cafeteria,Math_Building,Library"
U0263_6,"Dorms,Cafeteria,CS_Building,Library,Student_Center,Gym,Dorms,Dorms,Cafeteria,Student_Center,Gym,Dorms,Cafeteria,Math_Building,Student_Center"
U0263_7,"Dorms,CS_Building,Library,Dorms,Cafeteria,Library,Dorms,CS_Building"
U0263_8,"Dorms,Cafeteria,CS_Building,Library,Cafeteria"
U0263_9,"Dorms,Math_Building,Student_Center,Dorms,Math_Building,Cafeteria,Math_Building"
U0264_1,"Dorms,Library,Cafeteria,Math_Building,Dorms,Math_Building,Cafeteria,CS_Building"
U0264_10,"Dorms,Cafeteria,Math_Building,Cafeteria,Math_Building,Cafeteria"
U0264_11,"Cafeteria,CS_Building,Student_Center,Gym"
U0264_12,"Math_Building,Cafeteria,CS_Building"
U0264_2,"Cafeteria,Library,Gym,Dorms"
U0264_3,"Cafeteria,Student_Center,Gym,Dorms,Library,Student_Center,Gym,Dorms"
U0264_4,"Dorms,Cafeteria,CS_Building"
U0264_5,"Dorms,CS_Building,Library,Student_Center,Library,Dorms,Cafeteria"
U0264_6,"Dorms,Math_Building,Student_Center,Library,Dorms,CS_Building,Student_Center"
U0264_7,"Dorms,Cafeteria,Math_Building,Cafeteria,Math_Building"
U0264_8,"Dorms,Cafeteria,Math_Building,Student_Center,Dorms,CS_Building,Library"
U0264_9,"Dorms,Cafeteria,Student_Center,Dorms,Cafeteria,Student_Center,Dorms,CS_Building,Dorms,Cafeteria,Math_Building"
U0265_1,"Dorms,CS_Building,Cafeteria,Math_Building,Student_Center,Gym,Dorms,Math_Building"
U0265_10,"Dorms,Cafeteria,Math_Building,Cafeteria,Math_Building,Cafeteria,Math_Building,Dorms"
U0265_11,"Dorms,Cafeteria,CS_Building,Library"
U0265_12,"Dorms,Cafeteria,Math_Building,Student_Center,Dorms,Cafeteria,CS_Building,Student_Center"
U0265_13,"Dorms,CS_Building,Student_Center,Dorms,Math_Building"
U0265_2,"Cafeteria,Math_Building,Dorms,Math_Building,Student_Center,Dorms,Math_Building,Library,Student_Center,Dorms,CS_Building,Cafeteria,Library,Dorms"
U0265_3,"Dorms,Cafeteria,Library"
U0265_4,"Dorms,Library,Cafeteria"
U0265_5,"Dorms,Cafeteria,Library,Gym,Dorms,Cafeteria"
U0265_6,"Dorms,Cafeteria,Math_Building,Student_Center,Library,Dorms,Library,Cafeteria"
U0265_7,"Dorms,CS_Building,Library,Dorms,Cafeteria"
U0265_8,"CS_Building,Student_Center,Dorms,Cafeteria,Math_Building,Student_Center"
U0265_9,"Dorms,Cafeteria,Math_Building,Cafeteria,Student_Center,Dorms"
U0266_1,"Math_Building,Dorms,CS_Building"
U0266_10,"CS_Building,Cafeteria,Math_Building,Library,Cafeteria"
U0266_11,"Dorms,Math_Building,Library,Gym,Dorms,CS_Building"
U0266_12,"Dorms,Math_Building,Library,Gym,Dorms"
U0266_13,"Dorms,Cafeteria,CS_Building,Library,Cafeteria,Math_Building,Library"
U0266_14,"Dorms,CS_Building,Student_Center,Dorms,Cafeteria,CS_Building,Cafeteria,CS_Building"
U0266_15,"Dorms,Cafeteria,Student_Center,Dorms,Cafeteria,Math_Building"
U0266_16,"Dorms,CS_Building,Library,Dorms,Library,Cafeteria,CS_Building"
U0266_17,"Math_Building,Dorms,Math_Building,Dorms,Cafeteria,Math_Building,Dorms,Math_Building,Cafeteria,Student_Center,Dorms,Cafeteria,CS_Building,Student_Center"
U0266_2,"Dorms,Cafeteria,Student_Center,Dorms,Cafeteria,CS_Building"
U0266_3,"Dorms,Cafeteria,Library,Student_Center,Gym,Dorms,CS_Building,Library"
U0266_4,"Dorms,Math_Building,Student_Center,Gym,Cafeteria,CS_Building,Student_Center,Dorms"
U0266_5,"Dorms,Cafeteria,Student_Center,Library"
U0266_6,"Dorms,Math_Building,Cafeteria,Library,Cafeteria,Math_Building,Student_Center,Library"
U0266_7,"Dorms,Cafeteria,Student_Center,Dorms,Cafeteria,CS_Building"
U0266_8,"Dorms,Cafeteria,Math_Building"
U0266_9,"Dorms,Cafeteria,CS_Building,Student_Center,Dorms,Library,Dorms,Cafeteria"
U0267_1,"Dorms,Math_Building,Library,Cafeteria,Math_Building,Cafeteria"
U0267_10,"Dorms,Cafeteria,Library,Dorms,Cafeteria,CS_Building,Library,Dorms,CS_Building,Dorms,Cafeteria,Student_Center"
U0267_11,"Math_Building,Library,Cafeteria"
U0267_2,"Dorms,Math_Building,Student_Center,Dorms,Cafeteria,Student_Center,Dorms,Library,Dorms,Cafeteria,CS_Building"
U0267_3,"Gym,Dorms,CS_Building,Cafeteria,CS_Building,Library,Cafeteria"
U0267_4,"Dorms,Cafeteria,Student_Center,Library,Gym,Dorms,Cafeteria"
U0267_5,"Library,Cafeteria,Math_Building,Student_Center"
U0267_6,"Library,Student_Center,Dorms,Math_Building,Cafeteria,CS_Building,Dorms"
U0267_7,"Dorms,Math_Building,Student_Center,Dorms,Cafeteria"
U0267_8,"Gym,Dorms,Cafeteria,Dorms,Cafeteria,Math_Building,Cafeteria,Library,Gym,Cafeteria,Library"
U0267_9,"Dorms,Cafeteria,Math_Building,Dorms,CS_Building"
U0268_1,"Dorms,Cafeteria,CS_Building,Library,Cafeteria,Library,Dorms"
U0268_10,"Dorms,Cafeteria,Math_Building,Cafeteria,CS_Building"
U0268_11,"Dorms,Math_Building,Library,Dorms,CS_Building"
U0268_12,"CS_Building,Library,Student_Center,Library,Library,Dorms,Cafeteria,CS_Building,Dorms,CS_Building,Library,Dorms,Math_Building,Cafeteria,CS_Building"
U0268_2,"Cafeteria,Student_Center,Library,Gym,Dorms,Library"
U0268_3,"Dorms,Math_Building,Cafeteria,CS_Building,Library,Dorms"
U0268_4,"Dorms,CS_Building,Dorms,Library,Dorms,Cafeteria,CS_Building,Student_Center"
U0268_5,"Dorms,Math_Building,Student_Center,Library"
U0268_6,"Dorms,CS_Building,Student_Center,Gym,Dorms,Library"
U0268_7,"Gym,Dorms,Library,Dorms,Cafeteria,CS_Building,Student_Center"
U0268_8,"Dorms,Cafeteria,CS_Building,Cafeteria"
U0268_9,"Dorms,CS_Building,Student_Center"
U0269_1,"Dorms,Library,Gym,Dorms,Math_Building,Library,Cafeteria,CS_Building"
U0269_10,"Dorms,CS_Building,Cafeteria,CS_Building,Dorms,Dorms,Cafeteria,Math_Building,Student_Center"
U0269_2,"Dorms,Math_Building,Student_Center"
U0269_3,"Gym,Cafeteria,Library,Cafeteria,Student_Center,Gym,Dorms,Math_Building"
U0269_4,"Gym,Dorms,Math_Building"
U0269_5,"Student_Center,Dorms,Cafeteria,Library,Dorms"
U0269_6,"Dorms,Cafeteria,Math_Building,Student_Center"
U0269_7,"Dorms,Cafeteria,Student_Center,Gym,Cafeteria,Dorms,CS_Building,Library,Cafeteria,CS_Building"
U0269_8,"Dorms,CS_Building,Dorms,Cafeteria,Math_Building,Cafeteria,CS_Building,Dorms,CS_Building,Library,Student_Center,Library,Dorms,CS_Building"
U0269_9,"Dorms,Cafeteria,Library,Student_Center"
U0270_1,"Dorms,Math_Building,Student_Center,Gym,Dorms,CS_Building,Cafeteria"
U0270_10,"Dorms,Library,Cafeteria,Math_Building,Library,Gym"
U0270_11,"Dorms,CS_Building,Student_Center,Gym,Dorms,CS_Building"
U0270_12,"Dorms,CS_Building,Library,Dorms,Cafeteria"
U0270_13,"Dorms,CS_Building,Library,Dorms,Math_Building,Student_Center,Dorms,Math_Building"
U0270_14,"Dorms,Cafeteria,Math_Building,Cafeteria,Math_Building,Cafeteria,Math_Building,Cafeteria"
U0270_15,"Dorms,Math_Building,Dorms,Cafeteria,Library"
U0270_2,"Dorms,Math_Building,Dorms,Cafeteria,Library,Cafeteria,CS_Building,Library"
U0270_3,"Dorms,Cafeteria,CS_Building,Library,Dorms,Math_Building,Student_Center"
U0270_4,"CS_Building,Library,Cafeteria,CS_Building,Student_Center,Library,Cafeteria,Library"
U0270_5,"Dorms,Cafeteria,CS_Building,Cafeteria,CS_Building"
U0270_6,"Cafeteria,CS_Building,Dorms,CS_Building"
U0270_7,"Dorms,Cafeteria,CS_Building,Library,Dorms"
U0270_8,"Dorms,Cafeteria,CS_Building"
U0270_9,"Dorms,Cafeteria,Student_Center,Dorms,Cafeteria,CS_Building"
U0271_1,"Dorms,Cafeteria,Student_Center,Dorms,Cafeteria,Math_Building"
U0271_10,"Dorms,Cafeteria,Math_Building,Cafeteria,Library"
U0271_2,"Math_Building,Cafeteria,CS_Building"
U0271_3,"Dorms,Cafeteria,Math_Building,Student_Center"
U0271_4,"Dorms,CS_Building,Library,Gym,Dorms,Cafeteria,Library,Cafeteria,Gym,Dorms,CS_Building,Library,Student_Center,Dorms,CS_Building,Cafeteria"
U0271_5,"Dorms,CS_Building,Student_Center"
U0271_6,"Library,Gym,Dorms,Math_Building,Student_Center"
U0271_7,"Dorms,Cafeteria,Library,Cafeteria,Library,Dorms,CS_Building,Math_Building,Library,Dorms,Cafeteria,Math_Building,Cafeteria,CS_Building,Dorms,CS_Building,Library,Student_Center,Library,Cafeteria,CS_Building,Student_Center"
U0271_8,"Library,Cafeteria,CS_Building"
U0271_9,"Dorms,CS_Building,Library,Dorms,Library,Student_Center,Gym,Cafeteria"
U0272_1,"Library,Dorms,CS_Building,Student_Center,Library,Cafeteria,Student_Center,Library"
U0272_10,"Dorms,Cafeteria,Math_Building"
U0272_11,"Dorms,Library,Dorms,CS_Building,Cafeteria,Student_Center,Library,Dorms"
U0272_12,"Dorms,Cafeteria,Math_Building,Dorms,Cafeteria,Math_Building,Dorms"
U0272_13,"Math_Building,Student_Center,Gym,Cafeteria"
U0272_14,"Gym,Dorms,Cafeteria,Math_Building,Library,Cafeteria,Library,Gym"
U0272_2,"Dorms,Cafeteria,Math_Building,Library,Cafeteria"
U0272_3,"Dorms,Cafeteria,Math_Building"
U0272_4,"Dorms,Math_Building,Library,Cafeteria"
U0272_5,"Dorms,Cafeteria,CS_Building,Library,Gym,Cafeteria"
U0272_6,"CS_Building,Student_Center,Library,Student_Center,Dorms,Math_Building,Library,Dorms"
U0272_7,"Library,Gym,Dorms,CS_Building,Student_Center,Library,Gym"
U0272_8,"Math_Building,Student_Center,Dorms"
U0272_9,"Dorms,Math_Building,Cafeteria"
U0273_1,"Dorms,Cafeteria,CS_Building,Gym,Dorms,Math_Building,Dorms"
U0273_10,"Dorms,Cafeteria,CS_Building"
U0273_11,"Dorms,Cafeteria,Student_Center,Dorms,CS_Building,Dorms,Cafeteria"
U0273_12,"CS_Building,Library,Dorms,Cafeteria"
U0273_13,"Dorms,Cafeteria,CS_Building,Dorms,Cafeteria"
U0273_14,"Dorms,Library,Dorms"
U0273_15,"Dorms,Math_Building,Student_Center,Dorms"
U0273_16,"Dorms,Math_Building,Library,Dorms"
U0273_17,"Dorms,Cafeteria,Math_Building,Library"
U0273_2,"Dorms,CS_Building,Library,Dorms"
U0273_3,"Dorms,Cafeteria,Library,Cafeteria,Library,Cafeteria,Math_Building"
U0273_4,"Dorms,Cafeteria,Math_Building,Library,Gym"
U0273_5,"Student_Center,Gym,Cafeteria"
U0273_6,"CS_Building,Library,Dorms,Cafeteria"
U0273_7,"Dorms,Math_Building,Library,Dorms,Cafeteria,CS_Building,Student_Center"
U0273_8,"Dorms,Math_Building,Library,Student_Center,Dorms,Cafeteria,Math_Building"
U0273_9,"Dorms,Cafeteria,CS_Building,Student_Center,Gym,Dorms,CS_Building"
U0274_1,"Student_Center,Library,Cafeteria"
U0274_10,"Gym,Dorms,Math_Building"
U0274_11,"Dorms,Cafeteria,CS_Building"
U0274_12,"Dorms,CS_Building,Dorms,CS_Building,Dorms"
U0274_2,"Dorms,Cafeteria,CS_Building,Student_Center,Library,Cafeteria"
U0274_3,"Dorms,Library,Cafeteria,Library,Gym,Dorms,Math_Building,Dorms"
U0274_4,"Dorms,Math_Building,Student_Center,Dorms,Cafeteria,CS_Building,Student_Center,Dorms"
U0274_5,"Dorms,Cafeteria,Math_Building,Student_Center,Dorms,Cafeteria,Library,Cafeteria,Math_Building,Library,Dorms,CS_Building,Student_Center,Library,Dorms,Math_Building,Cafeteria,Math_Building"
U0274_6,"Dorms,Math_Building,Student_Center,Dorms,CS_Building,Library,Dorms,CS_Building,Student_Center,Library,Dorms"
U0274_7,"Dorms,Cafeteria,Math_Building"
U0274_8,"Dorms,Math_Building,Library,Cafeteria,Math_Building,Student_Center,Dorms,Cafeteria"
U0274_9,"Dorms,Cafeteria,CS_Building,Student_Center,Gym,Dorms"
U0275_1,"Dorms,Math_Building,Library,Cafeteria,Library,Dorms"
U0275_10,"Dorms,Cafeteria,Math_Building,Cafeteria"
U0275_11,"Dorms,CS_Building,Dorms,Math_Building,Dorms"
U0275_12,"Dorms,CS_Building,Library,Student_Center"
U0275_13,"Dorms,Cafeteria,CS_Building,Library,Student_Center,Dorms,Library"
U0275_14,"Dorms,Math_Building,Student_Center,Dorms,Cafeteria,Math_Building,Library,Cafeteria"
U0275_15,"Dorms,Cafeteria,Math_Building,Student_Center,Gym,Cafeteria,CS_Building,Cafeteria,CS_Building,Library,Gym"
U0275_2,"Library,Dorms,Cafeteria,Math_Building,Library,Gym,Dorms,CS_Building"
U0275_3,"Dorms,Math_Building,Cafeteria,Dorms,Cafeteria,CS_Building,Student_Center,Library,Cafeteria,Library,Gym,Dorms,Cafeteria,Math_Building,Student_Center,Dorms"
U0275_4,"Dorms,Cafeteria,Math_Building"
U0275_5,"Dorms,Cafeteria,CS_Building,Library,Gym,Dorms"
U0275_6,"Cafeteria,Library,Gym,Dorms,Cafeteria,Library,Gym"
U0275_7,"Dorms,Cafeteria,CS_Building,Student_Center,Gym,Dorms,Math_Building"
U0275_8,"Dorms,Cafeteria,Math_Building,Cafeteria,Math_Building"
U0275_9,"Dorms,Cafeteria,CS_Building,Math_Building,Library,Dorms,Math_Building,Student_Center,Gym,Dorms"
U0276_1,"Dorms,Cafeteria,CS_Building,Cafeteria,Math_Building,Dorms"
U0276_10,"CS_Building,Cafeteria,Library,Gym,Dorms,Library,Student_Center,Library"
U0276_2,"Dorms,Cafeteria,CS_Building,Library,Dorms,CS_Building,Library,Cafeteria,Dorms,Math_Building,Dorms,Cafeteria,CS_Building,Library,Gym,Cafeteria"
U0276_3,"Dorms,Cafeteria,CS_Building,Student_Center,Library"
U0276_4,"CS_Building,Dorms,Cafeteria,Library,Dorms,Cafeteria,Library,Student_Center"
U0276_5,"Dorms,Math_Building,Cafeteria,CS_Building,Cafeteria,Library,Dorms,Dorms,Math_Building,Dorms,Cafeteria,Library"
U0276_6,"Dorms,Cafeteria,Library,Cafeteria,CS_Building,Student_Center,Gym,Dorms"
U0276_7,"Dorms,CS_Building,Cafeteria,Library,Gym,Dorms,Math_Building,Library,Dorms,Cafeteria,Library"
U0276_8,"Dorms,Cafeteria,Library,Gym,Cafeteria,CS_Building,Library"
U0276_9,"Dorms,Cafeteria,CS_Building,Library,Cafeteria,Math_Building,Student_Center"
U0277_1,"Student_Center,Dorms,Math_Building,Student_Center,Gym,Dorms,Library,Gym"
U0277_10,"Dorms,Cafeteria,Math_Building,Student_Center,Gym,Dorms,Dorms,Math_Building,Library,Dorms,Cafeteria"
U0277_11,"Dorms,CS_Building,Student_Center,Dorms,Cafeteria,CS_Building,Student_Center,Library,Dorms,Cafeteria"
U0277_2,"Dorms,Cafeteria,CS_Building,Cafeteria,Library,Cafeteria,Cafeteria,Math_Building,Library,Dorms,Library,Dorms,Math_Building"
U0277_3,"Dorms,Math_Building,Dorms,Cafeteria,CS_Building,Student_Center"
U0277_4,"CS_Building,Library,Dorms,Cafeteria,Math_Building,Student_Center"
U0277_5,"Dorms,Cafeteria,Math_Building,Dorms,Cafeteria,Math_Building,Cafeteria"
U0277_6,"Dorms,Cafeteria,Math_Building,Student_Center,Dorms"
U0277_7,"Dorms,CS_Building,Cafeteria,CS_Building,Dorms,Math_Building,Dorms,Cafeteria"
U0277_8,"Dorms,CS_Building,Cafeteria,Library,Cafeteria,Student_Center,Gym,Dorms"
U0277_9,"CS_Building,Cafeteria,Math_Building,Dorms"
U0278_1,"Math_Building,Student_Center,Dorms,Cafeteria,CS_Building"
U0278_10,"Dorms,Math_Building,Student_Center"
U0278_11,"Dorms,Library,Dorms,Library,Cafeteria,Library"
U0278_12,"Dorms,Math_Building,Library,Cafeteria,CS_Building,Dorms,Cafeteria"
U0278_13,"Student_Center,Dorms,Cafeteria"
U0278_14,"Dorms,CS_Building,Cafeteria,CS_Building,Dorms,Cafeteria,Math_Building,Cafeteria"
U0278_15,"Dorms,Cafeteria,CS_Building"
U0278_2,"Dorms,Cafeteria,CS_Building,Library"
U0278_3,"Dorms,CS_Building,Student_Center,Dorms,Library,Gym"
U0278_4,"Dorms,Cafeteria,Math_Building"
U0278_5,"Dorms,Math_Building,Library,Dorms,Cafeteria,Math_Building,Student_Center,Dorms"
U0278_6,"Dorms,Library,Gym,Dorms,CS_Building,Library,Cafeteria,CS_Building"
U0278_7,"Dorms,Math_Building,Student_Center"
U0278_8,"Dorms,Cafeteria,CS_Building,Cafeteria,CS_Building,Student_Center"
U0278_9,"Dorms,Cafeteria,CS_Building,Student_Center,Dorms"
U0279_1,"Dorms,Library,Student_Center,Gym,Dorms,Cafeteria"
U0279_10,"Dorms,Cafeteria,Math_Building,Dorms,CS_Building,Library,Cafeteria,Math_Building"
U0279_11,"Dorms,CS_Building,Student_Center"
U0279_12,"Dorms,Cafeteria,Library,Dorms,Math_Building,Library,Dorms,Cafeteria"
U0279_2,"Student_Center,Gym,Dorms,CS_Building,Cafeteria,Math_Building,Library,Gym"
U0279_3,"Dorms,Math_Building,Student_Center"
U0279_4,"Dorms,Cafeteria,Library,Dorms,Cafeteria"
U0279_5,"Dorms,CS_Building,Library,Dorms,Cafeteria,CS_Building"
U0279_6,"CS_Building,Library,Dorms,Cafeteria,CS_Building"
U0279_7,"Math_Building,Library,Dorms,Cafeteria,Library,Student_Center,Library,Gym"
U0279_8,"CS_Building,Library,Dorms,Cafeteria,CS_Building,Library,Dorms,Student_Center,Dorms,Cafeteria,Math_Building,Student_Center,Dorms,Cafeteria"
U0279_9,"Dorms,Cafeteria,Library"
U0280_1,"Cafeteria,Math_Building,Dorms,Cafeteria"
U0280_10,"Student_Center,Gym,Dorms,Cafeteria,Library,Dorms,Cafeteria,Math_Building"
U0280_11,"Dorms,CS_Building,Library,Dorms"
U0280_12,"Math_Building,Cafeteria,Library,Dorms"
U0280_13,"Dorms,Cafeteria,CS_Building,Library,Gym"
U0280_14,"Dorms,Cafeteria,CS_Building,Library,Gym,CS_Building,Library,Dorms,Cafeteria,CS_Building,Library,Dorms,Cafeteria"
U0280_2,"Dorms,CS_Building,Library,Gym,Dorms"
U0280_3,"Dorms,Cafeteria,Math_Building,Dorms,Cafeteria"
U0280_4,"Dorms,Math_Building,Dorms,Cafeteria,CS_Building,Student_Center"
U0280_5,"Dorms,Cafeteria,CS_Building,Student_Center,Dorms,CS_Building,Student_Center"
U0280_6,"Dorms,Cafeteria,CS_Building,Library,Dorms,CS_Building,Library,Gym"
U0280_7,"Dorms,Cafeteria,CS_Building,Cafeteria,Library,Student_Center,Dorms"
U0280_8,"Dorms,Cafeteria,Math_Building,Student_Center,Library,Dorms,Cafeteria,Library"
U0280_9,"Dorms,Library,Cafeteria,Math_Building,Student_Center"
U0281_1,"Math_Building,Library,Dorms,CS_Building,Library"
U0281_10,"Dorms,Cafeteria,Student_Center,Gym,Dorms,Cafeteria,Library"
U0281_11,"Dorms,CS_Building,Student_Center,Gym,Dorms,CS_Building"
U0281_12,"Dorms,Math_Building,Cafeteria,Library,Gym"
U0281_13,"CS_Building,Library,Dorms,Math_Building"
U0281_2,"Cafeteria,CS_Building,Library,Cafeteria"
U0281_3,"Dorms,Cafeteria,CS_Building,Cafeteria"
U0281_4,"Dorms,Math_Building,Library,Dorms,Cafeteria"
U0281_5,"Dorms,Library,Gym,Dorms,Cafeteria,CS_Building,Library"
U0281_6,"Dorms,Cafeteria,CS_Building,Student_Center,Library,Gym,Dorms,Cafeteria"
U0281_7,"Gym,Dorms,Cafeteria,Library,Dorms"
U0281_8,"Student_Center,Library,Dorms,CS_Building,Library,Cafeteria,Student_Center,Dorms"
U0281_9,"Dorms,Cafeteria,Math_Building,Library,Gym,Dorms"
U0282_1,"Dorms,CS_Building,Library,Cafeteria"
U0282_10,"Dorms,Math_Building,Dorms,Cafeteria,CS_Building,Student_Center,Library"
U0282_11,"Dorms,Math_Building,Dorms,CS_Building,Student_Center"
U0282_12,"Dorms,Cafeteria,CS_Building,Cafeteria,Library"
U0282_2,"Dorms,CS_Building,Student_Center,Gym"
U0282_3,"Dorms,Cafeteria,Library"
U0282_4,"Cafeteria,CS_Building,Cafeteria,Library,Dorms"
U0282_5,"Dorms,Cafeteria,CS_Building,Cafeteria,Math_Building,Library,Dorms,CS_Building"
U0282_6,"Dorms,CS_Building,Library,Dorms,CS_Building,Library"
U0282_7,"Dorms,Math_Building,Cafeteria,Math_Building,Dorms,Cafeteria,Math_Building,Library"
U0282_8,"Dorms,Cafeteria,Math_Building,Library,Cafeteria,Student_Center,Gym,Dorms,Math_Building,Cafeteria,CS_Building"
U0282_9,"Dorms,Cafeteria,Math_Building,Student_Center,Gym,Dorms"
U0283_1,"Dorms,Math_Building,Student_Center,Library,Dorms,Cafeteria,CS_Building,Dorms"
U0283_10,"Dorms,Cafeteria,Math_Building,Cafeteria,Library,Dorms,Dorms,Math_Building,Dorms"
U0283_11,"Student_Center,Gym,Dorms"
U0283_12,"Dorms,Cafeteria,Math_Building,Library,Cafeteria"
U0283_13,"Math_Building,Cafeteria,Student_Center,Library,Dorms,Cafeteria,Math_Building"
U0283_2,"Dorms,Cafeteria,Math_Building,Library"
U0283_3,"Dorms,Cafeteria,Math_Building,Student_Center,Gym,Dorms"
U0283_4,"Dorms,Library,Cafeteria,Math_Building,Dorms,CS_Building,Cafeteria,CS_Building"
U0283_5,"Dorms,Cafeteria,Student_Center,Gym,Dorms,Cafeteria"
U0283_6,"Dorms,Cafeteria,CS_Building,Cafeteria,Library,Gym"
U0283_7,"Dorms,Math_Building,Cafeteria,Math_Building,Student_Center,Dorms,Dorms,Library,Dorms,Library,Cafeteria,Library,Gym"
U0283_8,"Dorms,Library,Dorms,Cafeteria,CS_Building,Student_Center,Gym"
U0283_9,"Dorms,CS_Building,Cafeteria,CS_Building,Library,Dorms,Cafeteria,CS_Building"
U0284_1,"Dorms,Math_Building,Student_Center,Library,Dorms,Math_Building,Dorms,Cafeteria"
U0284_10,"Dorms,Math_Building,Student_Center,Library,Dorms"
U0284_11,"Dorms,Cafeteria,CS_Building,Library,Dorms"
U0284_12,"Dorms,Math_Building,Library,Cafeteria,CS_Building,Library,Cafeteria,CS_Building"
U0284_13,"Gym,Dorms,Math_Building,Dorms,Cafeteria,CS_Building,Student_Center,Gym,Dorms,Cafeteria,Math_Building,Cafeteria,Library"
U0284_2,"Dorms,Math_Building,Dorms,Cafeteria,CS_Building"
U0284_3,"Math_Building,Student_Center,Library"
U0284_4,"Dorms,Cafeteria,Math_Building,Dorms,Library,Dorms,Dorms,Cafeteria,Math_Building,Library"
U0284_5,"Dorms,Library,Gym,Dorms,Math_Building,Dorms,Cafeteria,Library"
U0284_6,"Dorms,Math_Building,Library"
U0284_7,"Gym,Dorms,Cafeteria,CS_Building,Student_Center,Gym,Dorms,Math_Building,Dorms,CS_Building,Student_Center,Dorms,Cafeteria,CS_Building,Library"
U0284_8,"Library,Dorms,Math_Building,Student_Center,Gym"
U0284_9,"Dorms,Cafeteria,Math_Building"
U0285_1,"Dorms,CS_Building,Library,Cafeteria,Math_Building"
U0285_2,"Dorms,Math_Building,Cafeteria,Library,Dorms,Cafeteria"
U0285_3,"Gym,Dorms,CS_Building,Library,Dorms,CS_Building,Library"
U0285_4,"Library,Dorms,Math_Building,Cafeteria,CS_Building"
U0285_5,"Cafeteria,Library,Cafeteria"
U0285_6,"Dorms,Cafeteria,Math_Building,Dorms,CS_Building,Student_Center,Dorms,Cafeteria,Math_Building,Student_Center,Dorms,Library,Dorms,CS_Building"
U0285_7,"CS_Building,Student_Center,Library,Dorms,Library,Dorms,CS_Building"
U0285_8,"Dorms,Cafeteria,Library"
U0285_9,"Dorms,CS_Building,Cafeteria,Library,Dorms,Math_Building"
U0286_1,"Dorms,CS_Building,Library"
U0286_10,"Dorms,Math_Building,Student_Center"
U0286_11,"Gym,Dorms,Math_Building,Library,Cafeteria,CS_Building"
U0286_12,"Dorms,Cafeteria,CS_Building,Dorms"
U0286_2,"Dorms,Cafeteria,CS_Building,Library,Dorms"
U0286_3,"Dorms,Math_Building,Library"
U0286_4,"Dorms,Cafeteria,CS_Building,Dorms,Library,Cafeteria,Library,Cafeteria,Library"
U0286_5,"Dorms,Library,Dorms"
U0286_6,"Cafeteria,Math_Building,Student_Center,Dorms"
U0286_7,"Dorms,Math_Building,Library,Dorms,CS_Building"
U0286_8,"Dorms,Cafeteria,Math_Building"
U0286_9,"Dorms,Cafeteria,Math_Building,Dorms,Cafeteria,CS_Building,Student_Center,Dorms,Dorms,Library,Student_Center,Dorms,CS_Building,Dorms,Cafeteria,CS_Building,Library,Cafeteria"
U0287_1,"Dorms,CS_Building,Cafeteria,Student_Center,Library,Dorms,Math_Building,Dorms,Cafeteria,CS_Building,Student_Center,Gym,Dorms,Math_Building"
U0287_10,"Gym,Cafeteria,Math_Building"
U0287_2,"Dorms,Cafeteria,Library,Cafeteria,Math_Building,Dorms,CS_Building,Cafeteria"
U0287_3,"CS_Building,Cafeteria,CS_Building,CS_Building,Student_Center,Library,Cafeteria"
U0287_4,"Dorms,CS_Building,Student_Center,Library"
U0287_5,"Dorms,Library,Student_Center,Dorms,Cafeteria,Math_Building,Library"
U0287_6,"Gym,Dorms,Cafeteria,Math_Building,Student_Center"
U0287_7,"Dorms,Math_Building,Dorms,Math_Building,Student_Center"
U0287_8,"Student_Center,Dorms,Cafeteria,CS_Building,Cafeteria,Student_Center"
U0287_9,"Dorms,Math_Building,Student_Center"
U0288_1,"Dorms,Cafeteria,Math_Building,Student_Center,Gym,Dorms,CS_Building"
U0288_10,"Dorms,Cafeteria,Math_Building"
U0288_2,"Dorms,Cafeteria,Math_Building"
U0288_3,"CS_Building,Library,Student_Center,Dorms,CS_Building,Dorms,Library,Cafeteria,Library,Cafeteria"
U0288_4,"Dorms,Cafeteria,Math_Building,Student_Center"
U0288_5,"Dorms,CS_Building,Student_Center,Dorms,Math_Building,Student_Center,Library,Cafeteria,CS_Building,Student_Center,Library,Cafeteria,CS_Building,Cafeteria,Dorms,Cafeteria,Math_Building"
U0288_6,"Dorms,Math_Building,Dorms"
U0288_7,"Dorms,Math_Building,Cafeteria,CS_Building,Dorms"
U0288_8,"Dorms,Cafeteria,Math_Building,Cafeteria,Math_Building,Dorms,CS_Building"
U0288_9,"Dorms,Cafeteria,Math_Building,Student_Center,Gym,Dorms"
U0289_1,"Dorms,Math_Building,Student_Center,Dorms,Cafeteria"
U0289_10,"Dorms,Math_Building,Dorms,Cafeteria,Math_Building"
U0289_11,"Dorms,Cafeteria,Student_Center,Library"
U0289_12,"Library,Gym,Dorms,Cafeteria"
U0289_2,"Dorms,Math_Building,Library,Dorms,CS_Building,Dorms,Library,Student_Center"
U0289_3,"Dorms,Math_Building,Cafeteria,Library,Student_Center,Library,Dorms,Cafeteria"
U0289_4,"Dorms,Math_Building,Dorms,Cafeteria,CS_Building"
U0289_5,"Dorms,Cafeteria,CS_Building,Cafeteria,CS_Building,Library,Cafeteria,CS_Building"
U0289_6,"Dorms,Cafeteria,Math_Building,Library"
U0289_7,"Cafeteria,CS_Building,Library,Cafeteria,Math_Building,Student_Center"
U0289_8,"Dorms,Library,Student_Center,Library"
U0289_9,"Dorms,CS_Building,Library,Gym"
U0290_1,"Dorms,CS_Building,Student_Center,Library,Cafeteria,Math_Building"
U0290_10,"Dorms,Library,Dorms"
U0290_11,"Dorms,CS_Building,Student_Center,Library,Dorms,Cafeteria"
U0290_12,"Dorms,CS_Building,Library,Cafeteria,CS_Building"
U0290_13,"Dorms,Cafeteria,Math_Building,Library,Gym"
U0290_2,"Dorms,Library,Cafeteria"
U0290_3,"Math_Building,Dorms,Library"
U0290_4,"Dorms,Cafeteria,Math_Building,Dorms,Math_Building,Library,Cafeteria"
U0290_5,"Dorms,Cafeteria,Math_Building"
U0290_6,"Dorms,Math_Building,Student_Center,Gym"
U0290_7,"Dorms,Cafeteria,Math_Building,Library,Cafeteria,CS_Building,Dorms,Library"
U0290_8,"Dorms,Cafeteria,CS_Building,Library,Cafeteria,CS_Building"
U0290_9,"Dorms,CS_Building,Library,Gym,Dorms,Cafeteria"
U0291_1,"Dorms,Cafeteria,Math_Building,Dorms,Cafeteria,Student_Center"
U0291_10,"CS_Building,Library,Gym"
U0291_11,"Dorms,CS_Building,Library,Cafeteria,Library,Gym"
U0291_12,"Library,Cafeteria,Library,Gym,Dorms,CS_Building,Library"
U0291_13,"Dorms,Math_Building,Student_Center,Library,Dorms,Math_Building,Cafeteria"
U0291_14,"Math_Building,Student_Center,Library"
U0291_15,"Dorms,Cafeteria,Math_Building,Cafeteria"
U0291_16,"Dorms,Cafeteria,CS_Building,Library,Dorms,Cafeteria"
U0291_17,"Dorms,Math_Building,Cafeteria,CS_Building,Cafeteria,Math_Building"
U0291_2,"Dorms,CS_Building,Library,Gym,Dorms,Math_Building"
U0291_3,"Dorms,CS_Building,Library,Cafeteria,CS_Building,Cafeteria,CS_Building"
U0291_4,"Dorms,Cafeteria,Library,Dorms,Library,Gym,Cafeteria,CS_Building"
U0291_5,"Dorms,Cafeteria,Math_Building"
U0291_6,"Dorms,Cafeteria,CS_Building,Student_Center,Dorms,Cafeteria,CS_Building,Student_Center"
U0291_7,"Dorms,CS_Building,Library"
U0291_8,"Dorms,Math_Building,Cafeteria,Math_Building,Math_Building,Library,Gym,Dorms,CS_Building"
U0291_9,"Dorms,Cafeteria,Math_Building,Dorms,Cafeteria,CS_Building"
U0292_1,"Dorms,Cafeteria,Library,Gym,Dorms"
U0292_10,"Dorms,CS_Building,Student_Center,Gym,Dorms,Cafeteria"
U0292_11,"Gym,Dorms,Cafeteria,Math_Building,Cafeteria,CS_Building"
U0292_12,"Dorms,Math_Building,Cafeteria,CS_Building,Cafeteria,Math_Building,Student_Center"
U0292_13,"Math_Building,Library,Gym,Dorms,CS_Building,Cafeteria,CS_Building,Library"
U0292_14,"Dorms,Cafeteria,Math_Building,Cafeteria,CS_Building,Library,Cafeteria,Student_Center"
U0292_2,"Cafeteria,Library,Dorms,Math_Building,Cafeteria"
U0292_3,"CS_Building,Library,Cafeteria,CS_Building,Library"
U0292_4,"Dorms,CS_Building,Student_Center,Library"
U0292_5,"Math_Building,Dorms,Cafeteria,Math_Building"
U0292_6,"Student_Center,Dorms,CS_Building,Student_Center,Gym,Dorms,Cafeteria,Library"
U0292_7,"Library,Cafeteria,CS_Building,Dorms,Cafeteria,Math_Building,Cafeteria"
U0292_8,"Dorms,Math_Building,Student_Center,Gym"
U0292_9,"Dorms,Cafeteria,CS_Building"
U0293_1,"Dorms,CS_Building,Library"
U0293_10,"Dorms,Cafeteria,CS_Building,Library,Cafeteria"
U0293_11,"Dorms,Cafeteria,Library,Cafeteria,CS_Building"
U0293_12,"Dorms,Cafeteria,CS_Building"
U0293_13,"Dorms,Library,Dorms,Cafeteria,CS_Building,Cafeteria"
U0293_14,"Dorms,Math_Building,Library,Cafeteria,CS_Building,Cafeteria,CS_Building,Student_Center"
U0293_2,"Dorms,Cafeteria,Student_Center,Gym"
U0293_3,"Dorms,CS_Building,Student_Center,Dorms"
U0293_4,"Dorms,CS_Building,Library,Cafeteria,Math_Building,Dorms,Library,Cafeteria,CS_Building,Student_Center,Gym"
U0293_5,"CS_Building,Cafeteria,Math_Building,Library,Cafeteria,CS_Building"
U0293_6,"Dorms,Cafeteria,Library,Gym,Dorms"
U0293_7,"Dorms,CS_Building,Dorms,Library,Cafeteria,CS_Building,Library"
U0293_8,"Gym,Dorms,Library,Cafeteria,Math_Building"
U0293_9,"Dorms,CS_Building,Library"
U0294_1,"Math_Building,Student_Center,Dorms,CS_Building,Library,Student_Center,Dorms"
U0294_10,"Dorms,Math_Building,Library,Cafeteria,Library,Dorms"
U0294_11,"Dorms,Cafeteria,Library,Cafeteria,Dorms,Cafeteria,CS_Building,Student_Center"
U0294_12,"Student_Center,Library,Cafeteria"
U0294_13,"Dorms,Cafeteria,Math_Building,Cafeteria"
U0294_14,"Dorms,Math_Building,Library,Dorms,CS_Building"
U0294_2,"Dorms,Cafeteria,Library,Cafeteria,Math_Building,Library,Dorms,CS_Building,Library,Dorms,Math_Building"
U0294_3,"Dorms,Cafeteria,Math_Building,Dorms,Math_Building"
U0294_4,"Dorms,CS_Building,Dorms,Cafeteria,Library,Dorms,Cafeteria,CS_Building"
U0294_5,"Student_Center,Dorms,Math_Building,Cafeteria,Library,Dorms,Cafeteria,CS_Building"
U0294_6,"Dorms,CS_Building,Student_Center,Gym,Dorms,Math_Building,Dorms"
U0294_7,"Dorms,Cafeteria,Student_Center,Library,Cafeteria"
U0294_8,"Dorms,CS_Building,Cafeteria"
U0294_9,"Library,Student_Center,Gym"
U0295_1,"Dorms,Math_Building,Cafeteria,Math_Building,Student_Center,Gym,Dorms,Cafeteria"
U0295_10,"Math_Building,Student_Center,Gym,Dorms,Cafeteria,CS_Building,Cafeteria,CS_Building"
U0295_11,"Dorms,Library,Dorms"
U0295_12,"Dorms,Cafeteria,CS_Building,Student_Center"
U0295_13,"Dorms,Cafeteria,Library,Cafeteria,CS_Building,Dorms,Cafeteria,Library,Dorms,Cafeteria,Math_Building,Student_Center"
U0295_14,"Dorms,Cafeteria,Math_Building,Library,Dorms"
U0295_2,"Dorms,Cafeteria,CS_Building,Dorms,Cafeteria,Library,Cafeteria,Math_Building,Dorms"
U0295_3,"Dorms,CS_Building,Dorms,Library,Gym"
U0295_4,"Gym,Dorms,Cafeteria,Library"
U0295_5,"Dorms,CS_Building,Library,Dorms,CS_Building,Library,Gym"
U0295_6,"Dorms,CS_Building,Library,Cafeteria,Math_Building,Student_Center,Dorms"
U0295_7,"Dorms,Cafeteria,Math_Building"
U0295_8,"Dorms,Math_Building,Dorms"
U0295_9,"Math_Building,Student_Center,Dorms"
U0296_1,"Dorms,Cafeteria,Student_Center,Dorms,Cafeteria,Student_Center,Gym,Dorms,Cafeteria,CS_Building,Library,Dorms"
U0296_10,"Dorms,Library,Cafeteria"
U0296_11,"Dorms,Cafeteria,Student_Center,Library,Gym"
U0296_12,"Dorms,Cafeteria,CS_Building"
U0296_2,"Dorms,CS_Building,Student_Center,Gym,Dorms,Library"
U0296_3,"Dorms,Math_Building,Student_Center,Library"
U0296_4,"Dorms,Cafeteria,Math_Building,Cafeteria,Library,Dorms"
U0296_5,"Dorms,Cafeteria,Student_Center,Dorms,Math_Building"
U0296_6,"Dorms,Cafeteria,CS_Building,Student_Center,Dorms,Cafeteria"
U0296_7,"Dorms,Cafeteria,CS_Building,Library,Gym,Dorms,Cafeteria,Student_Center"
U0296_8,"Dorms,Library,Cafeteria,Math_Building,Student_Center,Library,Dorms,Cafeteria"
U0296_9,"Student_Center,Library,Cafeteria,Math_Building,Cafeteria,CS_Building,Library"
U0297_1,"Student_Center,Dorms,Cafeteria,Student_Center,Dorms,Cafeteria,CS_Building"
U0297_10,"Dorms,Cafeteria,Student_Center,Dorms,Cafeteria,Library,Gym,Dorms"
U0297_11,"Dorms,CS_Building,Library,Cafeteria,Library,Cafeteria,CS_Building"
U0297_12,"CS_Building,Student_Center,Gym,Dorms,CS_Building"
U0297_13,"Dorms,CS_Building,Library,Dorms"
U0297_14,"Dorms,Cafeteria,CS_Building,Student_Center,Library"
U0297_15,"Dorms,Math_Building,Student_Center,Gym,Dorms"
U0297_16,"Math_Building,Library,Dorms,Math_Building,Student_Center,Dorms,CS_Building"
U0297_2,"Library,Cafeteria,CS_Building,Cafeteria,Library,Gym"
U0297_3,"Student_Center,Library,Gym,Dorms"
U0297_4,"Dorms,Cafeteria,CS_Building"
U0297_5,"Dorms,Cafeteria,Math_Building,Student_Center"
U0297_6,"CS_Building,Student_Center,Gym,Dorms,CS_Building"
U0297_7,"Dorms,Library,Dorms,Cafeteria,CS_Building"
U0297_8,"Dorms,CS_Building,Cafeteria,CS_Building,Library,Cafeteria,CS_Building,Dorms"
U0297_9,"Dorms,Cafeteria,CS_Building,Dorms,Cafeteria,Math_Building,Dorms,CS_Building"
U0298_1,"Dorms,CS_Building,Library,Dorms,Math_Building,Cafeteria,Math_Building,Student_Center"
U0298_10,"Dorms,Cafeteria,CS_Building,Cafeteria,CS_Building,Library"
U0298_11,"Dorms,Math_Building,Dorms,Cafeteria,Library,Dorms,Cafeteria,Library"
U0298_12,"Dorms,CS_Building,Dorms,CS_Building,Library,Gym,Dorms"
U0298_13,"Library,Cafeteria,CS_Building,Student_Center,Library,Dorms,Math_Building,Student_Center,Cafeteria,Library,Gym,Dorms,Cafeteria"
U0298_2,"Dorms,Math_Building,Library,Dorms,Cafeteria,CS_Building"
U0298_3,"Dorms,Cafeteria,Library"
U0298_4,"Dorms,Cafeteria,Math_Building,Cafeteria,CS_Building,Student_Center"
U0298_5,"Dorms,CS_Building,Library,Dorms,Cafeteria,Math_Building,Student_Center,Library"
U0298_6,"CS_Building,Student_Center,Gym"
U0298_7,"Dorms,Library,Cafeteria,CS_Building,Student_Center,Dorms,Cafeteria,Math_Building"
U0298_8,"Dorms,Cafeteria,Student_Center,Dorms,Cafeteria,CS_Building,Cafeteria,Dorms,Cafeteria,CS_Building,Cafeteria,CS_Building,Dorms"
U0298_9,"Dorms,Cafeteria,Library,Dorms,Cafeteria,CS_Building,Cafeteria"
U0299_1,"Dorms,Cafeteria,CS_Building,Student_Center,Dorms,Library,Gym,Dorms,Cafeteria,Library"
U0299_10,"Dorms,CS_Building,Library,Student_Center,Dorms"
U0299_11,"Cafeteria,CS_Building,Library"
U0299_2,"CS_Building,Dorms,Cafeteria,CS_Building,Dorms,Cafeteria,Library,Cafeteria"
U0299_3,"Dorms,Cafeteria,Math_Building,Student_Center,Gym"
U0299_4,"Dorms,Cafeteria,CS_Building,Cafeteria,Math_Building,Student_Center,Dorms"
U0299_5,"Gym,Dorms,Cafeteria,Library,Cafeteria"
U0299_6,"Dorms,Math_Building,Dorms"
U0299_7,"Dorms,Cafeteria,Math_Building,Library,Cafeteria,Math_Building"
U0299_8,"Dorms,Cafeteria,CS_Building,Student_Center,Dorms,CS_Building,Library,Dorms,CS_Building,Cafeteria"
U0299_9,"Dorms,Math_Building,Library,Gym,Dorms,Math_Building,Student_Center,Dorms"
U0300_1,"Student_Center,Library,Gym,Dorms,Library,Dorms,Library,Cafeteria"
U0300_10,"Dorms,Library,Gym,Dorms"
U0300_2,"Dorms,CS_Building,Library,Cafeteria,Math_Building,Library"
U0300_3,"Dorms,CS_Building,Cafeteria,Student_Center,Dorms,Dorms,Cafeteria,Library,Student_Center,Gym,Cafeteria"
U0300_4,"Dorms,Library,Dorms"
U0300_5,"Dorms,Math_Building,Library,Cafeteria"
U0300_6,"Math_Building,Cafeteria,Math_Building,Library"
U0300_7,"Dorms,Cafeteria,Library,Gym,Dorms,Cafeteria,Student_Center,Dorms,Cafeteria,Math_Building,Cafeteria"
U0300_8,"Dorms,CS_Building,Dorms"
U0300_9,"Dorms,Cafeteria,Math_Building"
U0301_1,"Dorms,Cafeteria,CS_Building,Student_Center,Library,Student_Center,Dorms"
U0301_10,"Dorms,Cafeteria,CS_Building,Library,Dorms,CS_Building,Library,Gym"
U0301_11,"Library,Cafeteria,Library"
U0301_2,"Dorms,Cafeteria,CS_Building,Student_Center,Dorms"
U0301_3,"Dorms,CS_Building,Library"
U0301_4,"Math_Building,Library,Gym,Dorms,Cafeteria,Math_Building"
U0301_5,"Dorms,Math_Building,Library"
U0301_6,"Dorms,CS_Building,Cafeteria,CS_Building,Student_Center"
U0301_7,"Dorms,Cafeteria,Math_Building"
U0301_8,"Dorms,Cafeteria,CS_Building,Student_Center"
U0301_9,"Student_Center,Library,Student_Center,Dorms,CS_Building"
U0302_1,"Dorms,CS_Building,Library,Dorms"
U0302_10,"Dorms,Library,Student_Center,Gym,Dorms,Cafeteria,CS_Building,Library"
U0302_11,"Dorms,Cafeteria,Math_Building,Dorms,Library"
U0302_12,"Dorms,Cafeteria,Library"
U0302_13,"Dorms,Math_Building,Dorms,Cafeteria,CS_Building,Student_Center,Library,Dorms"
U0302_2,"Math_Building,Student_Center,Dorms,Math_Building,Dorms,Cafeteria,CS_Building,Library"
U0302_3,"Dorms,Library,Gym,Cafeteria,CS_Building,Library,Dorms,Library"
U0302_4,"Student_Center,Dorms,Cafeteria"
U0302_5,"Dorms,Cafeteria,Library,Cafeteria"
U0302_6,"Dorms,Library,Gym,Cafeteria"
U0302_7,"Dorms,Library,Dorms,Math_Building,Library,Dorms"
U0302_8,"Dorms,Cafeteria,Student_Center,Gym"
U0302_9,"Cafeteria,Math_Building,Cafeteria,CS_Building,Cafeteria,Dorms,CS_Building,Dorms,Cafeteria"
U0303_1,"Dorms,Library,Cafeteria,Student_Center,Library,Gym"
U0303_10,"CS_Building,Library,Dorms,CS_Building,Student_Center"
U0303_11,"Dorms,Cafeteria,CS_Building,Student_Center,Dorms,Math_Building,Cafeteria"
U0303_12,"Dorms,Cafeteria,CS_Building,Student_Center,Dorms,Cafeteria"
U0303_13,"Dorms,Library,Dorms,Math_Building,Library"
U0303_14,"Dorms,Cafeteria,Student_Center,Dorms,Dorms,Cafeteria,Library,Dorms,CS_Building"
U0303_15,"Dorms,Cafeteria,Math_Building,Student_Center"
U0303_2,"Dorms,Cafeteria,CS_Building,Library,Cafeteria"
U0303_3,"Gym,Dorms,Library,Dorms,Cafeteria,Math_Building,Dorms,CS_Building,Library,Student_Center"
U0303_4,"Dorms,CS_Building,Student_Center,Dorms,Cafeteria,Student_Center,Gym,Dorms"
U0303_5,"Dorms,Cafeteria,CS_Building,Student_Center,Dorms,Cafeteria,Math_Building"
U0303_6,"Dorms,Math_Building,Student_Center,Gym,Dorms,Gym,Dorms,Math_Building,Student_Center,Library,Student_Center"
U0303_7,"Dorms,CS_Building,Cafeteria"
U0303_8,"Dorms,CS_Building,Dorms,Cafeteria"
U0303_9,"CS_Building,Student_Center,Dorms"
U0304_1,"Dorms,Cafeteria,CS_Building,Cafeteria,Math_Building,Dorms,CS_Building"
U0304_10,"Cafeteria,Library,Gym"
U0304_2,"Student_Center,Dorms,Math_Building,Cafeteria,Math_Building,Library,Student_Center,Dorms"
U0304_3,"Dorms,Library,Gym"
U0304_4,"Dorms,Library,Cafeteria"
U0304_5,"Student_Center,Library,Cafeteria"
U0304_6,"Dorms,Math_Building,Student_Center,Dorms,Cafeteria,Math_Building,Dorms,Math_Building"
U0304_7,"Cafeteria,CS_Building,Library,Dorms,CS_Building,Library"
U0304_8,"Math_Building,Dorms,Cafeteria,CS_Building,Dorms,Cafeteria,Library,Cafeteria,Dorms,Cafeteria,Math_Building"
U0304_9,"Dorms,Cafeteria,Math_Building,Student_Center,Dorms"
U0305_1,"Dorms,Cafeteria,Math_Building,Dorms,Cafeteria,Math_Building,Student_Center"
U0305_10,"Dorms,Cafeteria,Math_Building,Dorms,Math_Building"
U0305_2,"Dorms,Cafeteria,Student_Center,Gym,Dorms"
U0305_3,"Dorms,Cafeteria,Math_Building"
U0305_4,"Dorms,CS_Building,Cafeteria,Math_Building,Student_Center,Library,Gym,Dorms"
U0305_5,"Dorms,Math_Building,Cafeteria,Dorms,Cafeteria,Math_Building,Student_Center,Library,Gym,Dorms"
U0305_6,"Dorms,Math_Building,Library,Cafeteria,CS_Building,Cafeteria,Math_Building,Dorms"
U0305_7,"CS_Building,Cafeteria,CS_Building,Library,Dorms,Cafeteria,CS_Building,Library"
U0305_8,"Dorms,Math_Building,Student_Center,Gym,Cafeteria,CS_Building,Student_Center"
U0305_9,"Dorms,Math_Building,Dorms"
U0306_1,"Dorms,CS_Building,Library,Student_Center,Gym,Dorms,Cafeteria,Math_Building"
U0306_10,"Dorms,Cafeteria,CS_Building,Library,Student_Center"
U0306_11,"Dorms,Cafeteria,CS_Building,Library,Dorms,CS_Building,Student_Center"
U0306_12,"Dorms,Cafeteria,Library,Cafeteria,Library,Cafeteria,CS_Building,Student_Center"
U0306_13,"Dorms,Cafeteria,Math_Building,Student_Center,Dorms"
U0306_14,"Dorms,Library,Cafeteria,Math_Building,Dorms"
U0306_15,"Dorms,Cafeteria,CS_Building,Library"
U0306_16,"Library,Dorms,Math_Building,Cafeteria,Student_Center,Dorms,Cafeteria"
U0306_17,"Cafeteria,CS_Building,Library,Dorms,Math_Building,Dorms"
U0306_2,"Dorms,Cafeteria,CS_Building,Student_Center"
U0306_3,"Dorms,Cafeteria,Math_Building"
U0306_4,"Dorms,CS_Building,Student_Center,Library,Dorms,Cafeteria,CS_Building,Library"
U0306_5,"Dorms,Math_Building,Student_Center,Gym,Cafeteria,Student_Center,Dorms"
U0306_6,"Dorms,CS_Building,Cafeteria"
U0306_7,"Math_Building,Cafeteria,Math_Building,Dorms"
U0306_8,"Dorms,Cafeteria,CS_Building,Cafeteria,Math_Building,Student_Center"
U0306_9,"Dorms,Math_Building,Library,Dorms,Math_Building"
U0307_1,"Dorms,Math_Building,Dorms,Cafeteria,CS_Building,Dorms,CS_Building,Dorms"
U0307_10,"Dorms,CS_Building,Cafeteria,Math_Building"
U0307_2,"Dorms,Cafeteria,CS_Building"
U0307_3,"Dorms,Cafeteria,CS_Building,Student_Center"
U0307_4,"Cafeteria,CS_Building,Student_Center,Dorms,Cafeteria"
U0307_5,"Dorms,CS_Building,Library,Cafeteria,Library,Dorms,Cafeteria,Math_Building"
U0307_6,"Dorms,Cafeteria,Math_Building,Cafeteria"
U0307_7,"Dorms,Cafeteria,Math_Building,Cafeteria,CS_Building,Library"
U0307_8,"Library,Dorms,Math_Building,Library,Dorms,Math_Building,Student_Center"
U0307_9,"Dorms,Cafeteria,CS_Building,Library,Dorms,Library"
U0308_1,"Dorms,Cafeteria,Math_Building,Library,Dorms"
U0308_10,"Dorms,Cafeteria,Student_Center,Dorms,CS_Building,Dorms,Cafeteria,Library,Student_Center,Library,Dorms,Math_Building,Student_Center"
U0308_11,"Dorms,CS_Building,Library,Cafeteria"
U0308_12,"Dorms,Cafeteria,CS_Building"
U0308_13,"Dorms,Cafeteria,Library"
U0308_14,"Cafeteria,Math_Building,Student_Center,Dorms,Cafeteria"
U0308_15,"CS_Building,Cafeteria,CS_Building,Cafeteria,Library,Dorms,Cafeteria"
U0308_2,"Dorms,Cafeteria,CS_Building,Library,Dorms"
U0308_3,"Dorms,CS_Building,Library,Dorms,Cafeteria"
U0308_4,"Dorms,Cafeteria,Library,Gym,Dorms,Cafeteria"
U0308_5,"Dorms,CS_Building,Student_Center,Dorms,Cafeteria,CS_Building"
U0308_6,"Dorms,Library,Cafeteria,CS_Building,Cafeteria"
U0308_7,"Gym,Dorms,Cafeteria"
U0308_8,"Dorms,Cafeteria,CS_Building,Library,Cafeteria,Student_Center"
U0308_9,"Dorms,Cafeteria,Student_Center,Library"
U0309_1,"Library,Dorms,Cafeteria,Math_Building,Library"
U0309_10,"Dorms,Cafeteria,CS_Building,Library"
U0309_2,"Dorms,Cafeteria,CS_Building,Library,Cafeteria,CS_Building"
U0309_3,"Dorms,Math_Building,Student_Center,Dorms,Math_Building,Cafeteria,CS_Building"
U0309_4,"Dorms,Cafeteria,Math_Building,Dorms,Cafeteria"
U0309_5,"Library,Dorms,CS_Building,Student_Center,Gym,Dorms,CS_Building"
U0309_6,"Dorms,Cafeteria,CS_Building,Library,Dorms"
U0309_7,"CS_Building,Student_Center,Library,Cafeteria,Math_Building,Student_Center"
U0309_8,"Dorms,Library,Gym,Dorms"
U0309_9,"Dorms,Cafeteria,CS_Building,Library,Dorms,CS_Building,Student_Center"
U0310_1,"Dorms,Library,Dorms,Library,Dorms"
U0310_10,"Dorms,Math_Building,Dorms,Math_Building,Student_Center,Dorms,Math_Building,Dorms"
U0310_11,"Dorms,Cafeteria,CS_Building,Library,Dorms,Library,Cafeteria"
U0310_12,"Student_Center,Gym,Dorms,Math_Building,Library,Student_Center,Dorms"
U0310_13,"Dorms,Cafeteria,Math_Building,Student_Center,Library"
U0310_2,"Dorms,Cafeteria,Library,Dorms,Library,Dorms,Cafeteria,Math_Building,Library"
U0310_3,"Dorms,Math_Building,Student_Center,Library,Cafeteria"
U0310_4,"Cafeteria,CS_Building,Student_Center"
U0310_5,"Dorms,CS_Building,Cafeteria,CS_Building,Library,Cafeteria"
U0310_6,"CS_Building,Cafeteria,CS_Building,Library,Dorms,Math_Building,Cafeteria,CS_Building"
U0310_7,"CS_Building,Cafeteria,CS_Building,Student_Center,Dorms,Cafeteria"
U0310_8,"CS_Building,Dorms,Cafeteria,CS_Building"
U0310_9,"Dorms,Cafeteria,CS_Building,Library,Dorms,Cafeteria,Math_Building"
U0311_1,"Dorms,Library,Dorms"
U0311_10,"Gym,Cafeteria,Student_Center,Gym,Dorms,Cafeteria,CS_Building"
U0311_11,"Dorms,Cafeteria,Math_Building,Library,Dorms,Math_Building"
U0311_12,"Library,Student_Center,Dorms,CS_Building,Library,Dorms,CS_Building,Library"
U0311_13,"Gym,Dorms,Math_Building"
U0311_14,"Dorms,Cafeteria,Math_Building,Library,Student_Center"
U0311_15,"Dorms,Cafeteria,CS_Building,Student_Center,Dorms,Library,Gym,Dorms"
U0311_16,"Dorms,Math_Building,Student_Center,Library,Cafeteria"
U0311_2,"Gym,Dorms,Math_Building,Student_Center,Gym"
U0311_3,"Dorms,Cafeteria,CS_Building,Cafeteria,Math_Building"
U0311_4,"Dorms,Cafeteria,Math_Building,Dorms,Cafeteria,CS_Building,Cafeteria"
U0311_5,"Dorms,CS_Building,Student_Center"
U0311_6,"Math_Building,Dorms,CS_Building,Library,Cafeteria"
U0311_7,"Dorms,CS_Building,Cafeteria,Math_Building"
U0311_8,"Math_Building,Student_Center,Dorms,Math_Building,Cafeteria,CS_Building,Student_Center"
U0311_9,"Dorms,CS_Building,Student_Center,Dorms,Math_Building,Student_Center,Gym"
U0312_1,"Dorms,CS_Building,Student_Center,Dorms,Cafeteria,Math_Building"
U0312_10,"Dorms,Math_Building,Library,Cafeteria,Library"
U0312_11,"Dorms,Library,Cafeteria,CS_Building,Library,Gym,Dorms"
U0312_2,"Dorms,Cafeteria,Library,Cafeteria"
U0312_3,"Dorms,Math_Building,Cafeteria,CS_Building,Library,Cafeteria,Library"
U0312_4,"CS_Building,Library,Cafeteria,Math_Building,Cafeteria,CS_Building,Student_Center,Dorms"
U0312_5,"Math_Building,Library,Cafeteria,CS_Building,Cafeteria,Library,Dorms,Cafeteria"
U0312_6,"Dorms,CS_Building,Cafeteria,Dorms,CS_Building,Library,Dorms,Cafeteria"
U0312_7,"CS_Building,Library,Cafeteria,CS_Building,Student_Center,Library,Gym,Cafeteria"
U0312_8,"Dorms,Cafeteria,Math_Building,Student_Center,Gym"
U0312_9,"Dorms,Cafeteria,CS_Building,Dorms,Math_Building,Student_Center,Gym,Dorms"
U0313_1,"Dorms,Cafeteria,Library,Cafeteria,CS_Building,Student_Center"
U0313_10,"Student_Center,Dorms,CS_Building,Dorms,Cafeteria,Math_Building,Cafeteria"
U0313_2,"Dorms,Cafeteria,CS_Building,Cafeteria,CS_Building,Library"
U0313_3,"Dorms,Library,Cafeteria,Library,Gym,Dorms,Cafeteria,Math_Building,Dorms,Math_Building,Dorms,Cafeteria,Math_Building,Library,Dorms"
U0313_4,"Student_Center,Dorms,Cafeteria,CS_Building,Student_Center,Gym"
U0313_5,"Cafeteria,Library,Cafeteria,CS_Building,Library,Dorms,Dorms,Math_Building,Student_Center"
U0313_6,"Dorms,Cafeteria,CS_Building"
U0313_7,"Dorms,CS_Building,Student_Center,Dorms"
U0313_8,"Math_Building,Student_Center,Dorms,CS_Building,Cafeteria,CS_Building,Student_Center,Dorms,Dorms,Library,Dorms,Cafeteria,CS_Building,Library,Cafeteria,Math_Building"
U0313_9,"Dorms,Cafeteria,Library"
U0314_1,"Dorms,Cafeteria,CS_Building,Cafeteria,Student_Center,Gym"
U0314_10,"Dorms,Cafeteria,Math_Building,Dorms"
U0314_11,"Dorms,CS_Building,Library,Gym"
U0314_12,"Dorms,Library,Cafeteria,Math_Building,Library,Dorms,CS_Building"
U0314_13,"CS_Building,Cafeteria,Math_Building,Library,Gym,Cafeteria,CS_Building"
U0314_14,"Dorms,Library,Dorms,Cafeteria,Math_Building"
U0314_2,"Dorms,CS_Building,Dorms,CS_Building,Dorms"
U0314_3,"Dorms,Math_Building,Library,Cafeteria,Math_Building,Student_Center"
U0314_4,"Student_Center,Gym,Dorms"
U0314_5,"Dorms,Library,Dorms,Cafeteria,Cafeteria,Math_Building,Cafeteria,Math_Building,Student_Center,Dorms,Cafeteria,CS_Building"
U0314_6,"Dorms,Cafeteria,CS_Building,Library,Gym"
U0314_7,"Dorms,Cafeteria,Math_Building,Dorms,Library"
U0314_8,"Dorms,Math_Building,Library,Cafeteria,Math_Building,Library"
U0314_9,"Dorms,Library,Cafeteria"
U0315_1,"Dorms,CS_Building,Student_Center,Gym,Dorms,Cafeteria,Library"
U0315_10,"Dorms,Math_Building,Student_Center"
U0315_11,"Dorms,Cafeteria,CS_Building,Cafeteria,Math_Building,Gym,Cafeteria,Student_Center,Library,Cafeteria,CS_Building"
U0315_12,"Dorms,Cafeteria,Student_Center,Dorms"
U0315_2,"Dorms,Cafeteria,CS_Building,Library,Student_Center,Library"
U0315_3,"Dorms,Cafeteria,Library,Dorms,Cafeteria,Dorms,Cafeteria,Math_Building,Library"
U0315_4,"Dorms,Math_Building,Cafeteria,Math_Building,Dorms,Cafeteria,Math_Building,Student_Center"
U0315_5,"Cafeteria,CS_Building,Library,Student_Center,Dorms"
U0315_6,"Student_Center,Dorms,Cafeteria,CS_Building,Library,Dorms"
U0315_7,"Dorms,Math_Building,Dorms,CS_Building,Library"
U0315_8,"Dorms,Math_Building,Cafeteria,CS_Building,Library,Gym"
U0315_9,"Cafeteria,Math_Building,Library,Dorms,Math_Building"
U0316_1,"Dorms,CS_Building,Library,Student_Center,Library"
U0316_10,"Dorms,Cafeteria,CS_Building,Cafeteria,Student_Center,Gym,Cafeteria,Math_Building"
U0316_11,"Library,Dorms,Library"
U0316_12,"Cafeteria,Library,Dorms,CS_Building,Cafeteria,Library"
U0316_13,"Dorms,Cafeteria,CS_Building,Library,Cafeteria,CS_Building,Cafeteria,Math_Building"
U0316_14,"Dorms,Cafeteria,Math_Building,Library,Gym"
U0316_15,"Dorms,Cafeteria,CS_Building,Library,Gym,Dorms"
U0316_2,"Dorms,Cafeteria,Library,Cafeteria,Library,Cafeteria,CS_Building,Dorms,Cafeteria,CS_Building"
U0316_3,"Dorms,Cafeteria,CS_Building,Library,Dorms,Math_Building,Cafeteria"
U0316_4,"Dorms,CS_Building,Student_Center,Library,Dorms,Dorms,Cafeteria,CS_Building,Library,Dorms,Cafeteria"
U0316_5,"Cafeteria,Library,Dorms,Cafeteria,Library,Gym,Dorms,Dorms,Math_Building,Library,Dorms,Cafeteria"
U0316_6,"Dorms,Cafeteria,CS_Building"
U0316_7,"Dorms,Math_Building,Student_Center"
U0316_8,"Dorms,CS_Building,Student_Center,Gym,Dorms,Library"
U0316_9,"Dorms,Library,Gym,Cafeteria,CS_Building,Library,Dorms,Cafeteria"
U0317_1,"Gym,Dorms,Cafeteria,CS_Building,Library,Cafeteria,CS_Building"
U0317_10,"Dorms,CS_Building,Student_Center,Dorms,Cafeteria"
U0317_11,"Dorms,CS_Building,Student_Center,Library,Gym,Dorms"
U0317_12,"Dorms,Cafeteria,Library,Dorms,Library,Dorms,Dorms,Math_Building,Student_Center,Dorms"
U0317_13,"Dorms,Math_Building,Student_Center,Library,Dorms"
U0317_14,"Dorms,Cafeteria,CS_Building,Library,Cafeteria,Math_Building"
U0317_2,"CS_Building,Library,Dorms,CS_Building,Student_Center,Library"
U0317_3,"Dorms,Math_Building,Dorms"
U0317_4,"Dorms,Cafeteria,Library"
U0317_5,"Dorms,Cafeteria,CS_Building,Cafeteria"
U0317_6,"Student_Center,Gym,Dorms,Math_Building,Library,Cafeteria,Student_Center,Dorms"
U0317_7,"Dorms,Math_Building,Library,Cafeteria,CS_Building"
U0317_8,"Dorms,Math_Building,Dorms,CS_Building,Library,Dorms,Math_Building"
U0317_9,"Dorms,Library,Student_Center"
U0318_1,"Dorms,Cafeteria,CS_Building,Student_Center,Gym"
U0318_10,"Dorms,CS_Building,Library,Dorms,Cafeteria"
U0318_11,"CS_Building,Student_Center,Gym,Dorms,Math_Building"
U0318_2,"Dorms,Library,Cafeteria,CS_Building,Cafeteria,Math_Building,Cafeteria,Library"
U0318_3,"Dorms,CS_Building,Student_Center"
U0318_4,"Dorms,Cafeteria,CS_Building,Student_Center,Gym,Dorms,Cafeteria"
U0318_5,"Dorms,Math_Building,Student_Center,Dorms,CS_Building"
U0318_6,"Dorms,Cafeteria,Math_Building"
U0318_7,"Dorms,Cafeteria,CS_Building"
U0318_8,"CS_Building,Cafeteria,Math_Building,Dorms,Cafeteria,CS_Building,Cafeteria,CS_Building"
U0318_9,"Dorms,Math_Building,Cafeteria,Library,Dorms,Dorms,Library,Student_Center,Dorms,Math_Building,Student_Center,Library"
U0319_1,"Student_Center,Gym,Dorms,Math_Building"
U0319_10,"Dorms,CS_Building,Cafeteria,Student_Center"
U0319_11,"Library,Dorms,CS_Building,Dorms,Math_Building"
U0319_12,"Dorms,Math_Building,Library,Dorms,Cafeteria"
U0319_13,"Math_Building,Cafeteria,Library"
U0319_2,"Dorms,CS_Building,Library,Student_Center,Gym,Dorms"
U0319_3,"Dorms,Math_Building,Dorms,Cafeteria"
U0319_4,"Dorms,Cafeteria,Student_Center,Gym,Dorms,Cafeteria"
U0319_5,"Dorms,CS_Building,Dorms,Math_Building"
U0319_6,"Dorms,Library,Dorms,Math_Building,Dorms,Library,Cafeteria,Math_Building"
U0319_7,"Math_Building,Student_Center,Library,Gym,Dorms"
U0319_8,"Dorms,Cafeteria,CS_Building,Student_Center,Dorms,Cafeteria,Math_Building"
U0319_9,"Library,Cafeteria,Library,Gym,Dorms,Cafeteria,Student_Center,Dorms"
U0320_1,"Dorms,CS_Building,Library,Dorms,Cafeteria,Math_Building,Student_Center,Library"
U0320_10,"Student_Center,Library,Gym,Math_Building,Dorms,CS_Building,Student_Center"
U0320_11,"Student_Center,Dorms,Math_Building,Library,Dorms"
U0320_12,"Dorms,Cafeteria,Student_Center,Dorms,Library,Dorms,Cafeteria,Math_Building"
U0320_13,"Gym,Dorms,CS_Building,Dorms,Cafeteria,Library,Cafeteria"
U0320_2,"Dorms,CS_Building,Library,Dorms,Cafeteria,Library,Gym"
U0320_3,"Dorms,CS_Building,Library,Gym,Dorms,Cafeteria,Library,Cafeteria"
U0320_4,"Dorms,Math_Building,Cafeteria,Library,Cafeteria,Library,Gym,Cafeteria"
U0320_5,"Dorms,CS_Building,Library,Gym,Dorms,Cafeteria,Library"
U0320_6,"Dorms,CS_Building,Library,Cafeteria,CS_Building,Cafeteria,CS_Building"
U0320_7,"Dorms,Library,Cafeteria,Math_Building"
U0320_8,"Dorms,CS_Building,Cafeteria"
U0320_9,"Dorms,Math_Building,Student_Center"
U0321_1,"Dorms,Cafeteria,Math_Building,Library,Dorms,Cafeteria,Math_Building,Cafeteria"
U0321_10,"Dorms,Math_Building,Cafeteria,Library"
U0321_11,"Dorms,Math_Building,Dorms,Cafeteria,CS_Building,Dorms,Library,Dorms"
U0321_12,"Dorms,Math_Building,Student_Center"
U0321_13,"Dorms,CS_Building,Library,Dorms,Math_Building,Library,Student_Center,Gym,Cafeteria"
U0321_2,"Dorms,Cafeteria,Student_Center,Dorms,Cafeteria,Math_Building,Cafeteria,CS_Building"
U0321_3,"Dorms,Math_Building,Student_Center,Library,Student_Center,Dorms"
U0321_4,"Dorms,Cafeteria,CS_Building,Library,Dorms,Cafeteria"
U0321_5,"Dorms,Library,Gym,Dorms,Cafeteria,Math_Building,Student_Center,Gym"
U0321_6,"Dorms,Cafeteria,CS_Building,Dorms,Math_Building,Student_Center,Dorms"
U0321_7,"Dorms,Library,Cafeteria,Library,Cafeteria,Dorms,CS_Building,Library,Cafeteria,Math_Building,Library,Dorms,Cafeteria"
U0321_8,"Math_Building,Student_Center,Library,Dorms,Cafeteria"
U0321_9,"Dorms,CS_Building,Library,Cafeteria,CS_Building,Student_Center,Library,Dorms,Math_Building,Student_Center,Library"
U0322_1,"Dorms,CS_Building,Student_Center,Gym,Dorms,Cafeteria,Math_Building"
U0322_10,"Gym,Dorms,Cafeteria"
U0322_11,"Dorms,Cafeteria,CS_Building,Library,Dorms,Cafeteria,Library"
U0322_12,"Dorms,Cafeteria,Math_Building,Cafeteria,CS_Building,Dorms,Math_Building,Student_Center,Library,Cafeteria"
U0322_13,"Library,Student_Center,Dorms,Cafeteria,Student_Center,Gym,Dorms"
U0322_2,"Dorms,Math_Building,Cafeteria,Library,Dorms,Cafeteria,CS_Building,Cafeteria"
U0322_3,"Dorms,Library,Gym,Dorms,Library,Dorms"
U0322_4,"Dorms,CS_Building,Library"
U0322_5,"Dorms,Cafeteria,Library,Dorms,Cafeteria"
U0322_6,"Dorms,CS_Building,Library,Cafeteria,Library,Dorms,Cafeteria"
U0322_7,"Dorms,CS_Building,Cafeteria,Student_Center,Gym,Dorms"
U0322_8,"Dorms,Cafeteria,Math_Building"
U0322_9,"Dorms,CS_Building,Library,Dorms,Cafeteria,Library"
U0323_1,"Dorms,Math_Building,Cafeteria,CS_Building"
U0323_10,"Cafeteria,Library,Gym,Dorms,Cafeteria,Library,Dorms,Cafeteria,Dorms,Cafeteria,Math_Building,Cafeteria,Math_Building,Library,Dorms"
U0323_11,"Dorms,CS_Building,Student_Center,Dorms,Math_Building,Student_Center"
U0323_12,"Dorms,Cafeteria,CS_Building,Library,Dorms,Cafeteria,Library,Gym"
U0323_13,"Dorms,Cafeteria,Library,Dorms,Cafeteria,CS_Building,Student_Center"
U0323_2,"Dorms,Cafeteria,CS_Building,Student_Center,Library,Cafeteria,CS_Building"
U0323_3,"Student_Center,Library,Gym,Dorms,Library,Dorms,CS_Building,Cafeteria"
U0323_4,"Dorms,Math_Building,Student_Center,Dorms,Math_Building"
U0323_5,"Dorms,Math_Building,Library"
U0323_6,"Dorms,Cafeteria,Library,Gym,Dorms,CS_Building,Library,Dorms"
U0323_7,"CS_Building,Cafeteria,Library"
U0323_8,"Dorms,CS_Building,Student_Center,Dorms,Library,Gym,Cafeteria,Math_Building,Library"
U0323_9,"Dorms,CS_Building,Library,Gym,Dorms,Library"
U0324_1,"Library,Dorms,Cafeteria,Library,Dorms,CS_Building"
U0324_10,"Dorms,Math_Building,Dorms,CS_Building,Dorms"
U0324_11,"Dorms,Cafeteria,Library"
U0324_12,"Dorms,Cafeteria,Student_Center,Dorms,CS_Building,Cafeteria,Library,Gym"
U0324_13,"CS_Building,Student_Center,Library"
U0324_14,"Library,Dorms,Math_Building,Student_Center,Library,Cafeteria,Math_Building"
U0324_15,"Dorms,Cafeteria,CS_Building,Library,Dorms,Cafeteria,Math_Building,Library"
U0324_2,"Dorms,Library,Dorms,Cafeteria,Dorms,Cafeteria,CS_Building,Student_Center,Dorms"
U0324_3,"Dorms,Cafeteria,Library,Dorms,Cafeteria,Student_Center"
U0324_4,"Dorms,CS_Building,Student_Center"
U0324_5,"Gym,Dorms,Cafeteria,CS_Building,Student_Center,Library"
U0324_6,"Dorms,Cafeteria,Student_Center,Library,Dorms,Cafeteria,Student_Center"
U0324_7,"Dorms,CS_Building,Dorms,Library,Cafeteria,Student_Center"
U0324_8,"Dorms,Cafeteria,CS_Building"
U0324_9,"Dorms,CS_Building,Cafeteria"
U0325_1,"Dorms,Cafeteria,Library,Gym,Dorms,Cafeteria"
U0325_10,"Dorms,Cafeteria,Library,Dorms,Cafeteria,CS_Building,Library,Dorms"
U0325_11,"Dorms,Cafeteria,Math_Building,Cafeteria"
U0325_12,"Math_Building,Cafeteria,Library,Gym,Cafeteria,CS_Building,Library,Dorms"
U0325_13,"Math_Building,Library,Cafeteria,Student_Center"
U0325_14,"Student_Center,Library,Cafeteria,Library,Dorms,Cafeteria,Student_Center"
U0325_15,"Dorms,Math_Building,Dorms,Cafeteria"
U0325_16,"Dorms,Cafeteria,Math_Building,Library,Cafeteria"
U0325_2,"Math_Building,Cafeteria,CS_Building,Student_Center,Library,Gym"
U0325_3,"Dorms,Cafeteria,CS_Building,Library,Student_Center"
U0325_4,"Cafeteria,Library,Dorms,Math_Building,Library,Student_Center,Library,Gym"
U0325_5,"CS_Building,Student_Center,Library,Cafeteria"
U0325_6,"Dorms,CS_Building,Library,Cafeteria,Math_Building,Student_Center,Library,Dorms"
U0325_7,"Student_Center,Dorms,Math_Building,Library,Dorms"
U0325_8,"Dorms,Library,Cafeteria,Dorms,Cafeteria,CS_Building,Library,Dorms,Cafeteria"
U0325_9,"Dorms,Library,Dorms,Cafeteria,Library"
U0326_1,"Dorms,Cafeteria,Math_Building,Student_Center,Library"
U0326_10,"Student_Center,Dorms,CS_Building,Student_Center,Dorms"
U0326_11,"Dorms,Cafeteria,Math_Building,Student_Center,Gym,Dorms,Cafeteria"
U0326_12,"Dorms,Cafeteria,CS_Building,Library,Dorms,Cafeteria,CS_Building"
U0326_2,"Math_Building,Library,Dorms,CS_Building,Library,Dorms"
U0326_3,"Gym,Dorms,Cafeteria,CS_Building,Dorms,Cafeteria,CS_Building,Cafeteria"
U0326_4,"Student_Center,Library,Cafeteria,Student_Center,Gym,Dorms"
U0326_5,"Dorms,Cafeteria,Math_Building"
U0326_6,"Dorms,CS_Building,Student_Center,Gym,Dorms,CS_Building,Cafeteria,Math_Building"
U0326_7,"Student_Center,Dorms,Math_Building,Dorms"
U0326_8,"Dorms,Cafeteria,CS_Building"
U0326_9,"Dorms,CS_Building,Library,Gym,Cafeteria,Student_Center,Library,Dorms"
U0327_1,"Dorms,Cafeteria,CS_Building,Dorms,CS_Building,Library,Cafeteria,Math_Building"
U0327_10,"Dorms,CS_Building,Library,Gym,Cafeteria,CS_Building,Student_Center"
U0327_11,"Dorms,Library,Dorms"
U0327_12,"Dorms,Cafeteria,CS_Building,Cafeteria,Library,Gym"
U0327_2,"Dorms,Cafeteria,CS_Building,Dorms,CS_Building"
U0327_3,"Dorms,Cafeteria,CS_Building,Student_Center,Gym,Dorms,Library,Cafeteria"
U0327_4,"Student_Center,Dorms,CS_Building,Student_Center,Library,Dorms,Cafeteria,Dorms,Cafeteria,Math_Building,Library,Dorms,Math_Building,Library,Student_Center"
U0327_5,"Dorms,Cafeteria,CS_Building,Cafeteria,Dorms,Cafeteria,Student_Center,Gym,Dorms,Math_Building,Student_Center"
U0327_6,"CS_Building,Library,Cafeteria,Library,Cafeteria,Math_Building,Dorms,Cafeteria"
U0327_7,"Dorms,CS_Building,Library,Gym"
U0327_8,"Dorms,CS_Building,Library"
U0327_9,"Dorms,Cafeteria,CS_Building,Student_Center,Library,Cafeteria,CS_Building,Student_Center"
U0328_1,"Dorms,Math_Building,Cafeteria,Math_Building,Student_Center,Library,Dorms"
U0328_10,"Dorms,CS_Building,Cafeteria,Library,Gym,Dorms,Math_Building,Dorms"
U0328_11,"Dorms,Cafeteria,Math_Building,Library,Dorms,Math_Building,Dorms"
U0328_12,"Dorms,Cafeteria,Math_Building,Cafeteria,Math_Building,Library,Gym,Dorms"
U0328_13,"Dorms,Cafeteria,Student_Center,CS_Building,Student_Center,Gym,Dorms,Cafeteria,Math_Building,Library"
U0328_14,"Dorms,Math_Building,Library,Dorms,CS_Building,Library"
U0328_15,"Dorms,Cafeteria,CS_Building"
U0328_16,"Dorms,Cafeteria,Math_Building,Library,Dorms"
U0328_2,"Gym,Dorms,Cafeteria,Student_Center"
U0328_3,"Library,Cafeteria,Math_Building,Library,Dorms,Cafeteria,CS_Building"
U0328_4,"Gym,Dorms,Cafeteria"
U0328_5,"Student_Center,Library,Gym,Dorms,Cafeteria,Math_Building"
U0328_6,"Gym,Dorms,Cafeteria,Library,Dorms,Cafeteria,Library"
U0328_7,"Dorms,Cafeteria,CS_Building,Student_Center,Dorms,CS_Building,Cafeteria,CS_Building,Student_Center,Dorms,CS_Building,Library,Dorms,Cafeteria,CS_Building,Student_Center"
U0328_8,"Dorms,CS_Building,Library"
U0328_9,"Dorms,Math_Building,Cafeteria,Library,Cafeteria"
U0329_1,"Dorms,Cafeteria,Library,Dorms,Library,Cafeteria,Student_Center,Library"
U0329_10,"Library,Cafeteria,Student_Center,Library,Gym,Dorms,Cafeteria,Library"
U0329_11,"Student_Center,Gym,Dorms,Cafeteria,Library,Cafeteria,Library"
U0329_12,"Dorms,Library,Gym,CS_Building,Student_Center,Gym,Dorms,Cafeteria,Math_Building"
U0329_13,"Dorms,Library,Dorms,Cafeteria,CS_Building,Cafeteria,Student_Center"
U0329_2,"Dorms,Library,Dorms,Math_Building,Student_Center"
U0329_3,"Dorms,Cafeteria,CS_Building,Student_Center,Gym,Dorms,Math_Building"
U0329_4,"Dorms,Cafeteria,CS_Building,Library,Cafeteria"
U0329_5,"Gym,Cafeteria,CS_Building,Library"
U0329_6,"Dorms,Cafeteria,Math_Building,Library"
U0329_7,"Dorms,Library,Dorms,Math_Building,Cafeteria"
U0329_8,"Dorms,Math_Building,Student_Center,Dorms,Cafeteria,Library,Dorms"
U0329_9,"Dorms,Cafeteria,CS_Building,Cafeteria,Library"
U0330_1,"Library,Gym,Dorms,CS_Building,Cafeteria"
U0330_10,"Dorms,CS_Building,Library,Dorms,CS_Building,Cafeteria,Library"
U0330_11,"Dorms,Library,Dorms,Math_Building"
U0330_12,"Math_Building,Library,Dorms,Cafeteria"
U0330_13,"Dorms,Cafeteria,CS_Building,Library,Cafeteria,Math_Building"
U0330_14,"Dorms,Cafeteria,CS_Building,Library,Cafeteria,Library"
U0330_2,"Dorms,CS_Building,Library,Cafeteria"
U0330_3,"Gym,Dorms,CS_Building,Library,Dorms,CS_Building"
U0330_4,"Dorms,CS_Building,Dorms,Cafeteria,Library"
U0330_5,"Dorms,Math_Building,Student_Center"
U0330_6,"Dorms,Cafeteria,CS_Building,Cafeteria"
U0330_7,"Dorms,Cafeteria,Student_Center,Dorms,Math_Building"
U0330_8,"Dorms,Cafeteria,Math_Building,Student_Center,Dorms,Math_Building,Dorms,Library,Cafeteria,Dorms,Cafeteria,Student_Center,Dorms,Library,Dorms,CS_Building,Library"
U0330_9,"Student_Center,Library,Dorms,CS_Building,Library,Cafeteria,Library,Cafeteria"
U0331_1,"Dorms,Math_Building,Dorms,Math_Building,Student_Center,Dorms,Library,Dorms,Cafeteria,Math_Building"
U0331_10,"Math_Building,Library,Cafeteria,Math_Building,Student_Center,Dorms,CS_Building,Library,Gym,Cafeteria,Math_Building"
U0331_11,"Dorms,Cafeteria,Library,Dorms,Cafeteria"
U0331_2,"Dorms,Math_Building,Library,Student_Center,Gym,Dorms,Math_Building"
U0331_3,"Dorms,Cafeteria,Math_Building,Student_Center"
U0331_4,"CS_Building,Dorms,Cafeteria,Math_Building,Dorms,Library,Cafeteria,Student_Center"
U0331_5,"Dorms,Cafeteria,Library,Gym,Dorms,Cafeteria,Dorms,Library,Cafeteria,CS_Building,Cafeteria"
U0331_6,"Dorms,Cafeteria,CS_Building,Cafeteria,Student_Center,Dorms,CS_Building"
U0331_7,"Dorms,Math_Building,Student_Center,Gym,Dorms,Dorms,Math_Building,Student_Center,Gym,Dorms"
U0331_8,"Math_Building,Student_Center,Library,Dorms"
U0331_9,"Dorms,CS_Building,Cafeteria,Math_Building,Library,Cafeteria,Library"
U0332_1,"Math_Building,Dorms,Math_Building,Dorms"
U0332_10,"CS_Building,Library,Dorms,CS_Building,Library,Gym"
U0332_11,"Dorms,Math_Building,Dorms"
U0332_12,"Dorms,Cafeteria,CS_Building,Library,Cafeteria,Student_Center,Library"
U0332_13,"Dorms,Cafeteria,CS_Building,Library,Dorms,Cafeteria"
U0332_2,"Dorms,Math_Building,Library,Student_Center,Gym"
U0332_3,"Dorms,Cafeteria,CS_Building,Dorms"
U0332_4,"Dorms,Cafeteria,CS_Building,Dorms,CS_Building,Student_Center"
U0332_5,"Gym,Dorms,Cafeteria,Math_Building,Student_Center"
U0332_6,"Dorms,CS_Building,Library"
U0332_7,"Dorms,Cafeteria,CS_Building,Dorms,Cafeteria,CS_Building,Student_Center"
U0332_8,"Cafeteria,CS_Building,Student_Center"
U0332_9,"Dorms,Cafeteria,Library,Cafeteria,CS_Building,Student_Center,Dorms"
U0333_1,"Dorms,CS_Building,Dorms"
U0333_10,"Dorms,Cafeteria,CS_Building,Student_Center,Dorms,CS_Building"
U0333_11,"Dorms,Math_Building,Student_Center,Library,Dorms,Math_Building"
U0333_12,"Dorms,Cafeteria,CS_Building,Student_Center,Gym,Dorms"
U0333_2,"Student_Center,Gym,Dorms,Math_Building"
U0333_3,"Dorms,Math_Building,Dorms,Math_Building,Dorms,CS_Building,CS_Building,Student_Center,Library,Cafeteria"
U0333_4,"Dorms,CS_Building,Library,Dorms,CS_Building"
U0333_5,"Student_Center,Library,Student_Center,Gym"
U0333_6,"Dorms,Cafeteria,CS_Building,Library,Cafeteria,Student_Center,Gym"
U0333_7,"Dorms,Cafeteria,CS_Building,Student_Center,Library,Dorms,CS_Building,Cafeteria"
U0333_8,"Dorms,CS_Building,Cafeteria,CS_Building,Student_Center,Dorms"
U0333_9,"Dorms,Cafeteria,CS_Building,Dorms,Cafeteria"
U0334_1,"Dorms,CS_Building,Student_Center,Gym,Dorms,Math_Building,Student_Center,Dorms,Cafeteria,Student_Center,Gym,Dorms,Cafeteria,Math_Building"
U0334_10,"Dorms,Cafeteria,Library,Dorms,Cafeteria"
U0334_11,"Dorms,Library,Student_Center,Dorms,CS_Building,Library,Dorms"
U0334_2,"Dorms,Cafeteria,CS_Building,Cafeteria,Library,Gym,Cafeteria,CS_Building"
U0334_3,"Math_Building,Cafeteria,Student_Center,Dorms"
U0334_4,"Dorms,Math_Building,Dorms,Math_Building,Cafeteria"
U0334_5,"Dorms,Math_Building,Dorms,Math_Building,Cafeteria,CS_Building,Student_Center,Library"
U0334_6,"Dorms,CS_Building,Student_Center,Gym,Dorms"
U0334_7,"Dorms,CS_Building,Library,Dorms,Math_Building,Student_Center"
U0334_8,"Math_Building,Student_Center,Dorms,CS_Building,Library"
U0334_9,"Gym,Dorms,Cafeteria,CS_Building,Student_Center,Dorms,CS_Building,Dorms"
U0335_1,"Dorms,Cafeteria,Library,Dorms"
U0335_10,"Dorms,Cafeteria,Student_Center,Dorms,Cafeteria,CS_Building,Library,Cafeteria"
U0335_11,"Gym,Dorms,Cafeteria,CS_Building,Cafeteria,Library,Dorms,Library"
U0335_12,"Dorms,Math_Building,Library,Gym,Cafeteria,CS_Building,Student_Center,Library,Dorms,Cafeteria,CS_Building,Library"
U0335_13,"Dorms,CS_Building,Student_Center,Gym,Dorms,Cafeteria"
U0335_14,"Dorms,Math_Building,Student_Center,Gym,Dorms"
U0335_15,"Cafeteria,CS_Building,Library,Gym,Dorms,Cafeteria"
U0335_2,"Dorms,Math_Building,Cafeteria,Math_Building,Dorms,Cafeteria,CS_Building"
U0335_3,"Dorms,Cafeteria,CS_Building,Student_Center"
U0335_4,"Dorms,Cafeteria,CS_Building"
U0335_5,"Dorms,CS_Building,Library"
U0335_6,"Dorms,Library,Gym,Dorms,CS_Building,Student_Center,Dorms,Cafeteria"
U0335_7,"Student_Center,Dorms,Cafeteria"
U0335_8,"Dorms,Cafeteria,Student_Center,Dorms,Cafeteria,Math_Building,Student_Center,Library"
U0335_9,"Dorms,Cafeteria,Library"
U0336_1,"Dorms,Cafeteria,CS_Building,Dorms,Cafeteria,Library,Gym,Dorms,Cafeteria,CS_Building,Library"
U0336_10,"Library,Dorms,Cafeteria"
U0336_11,"CS_Building,Library,Dorms,Math_Building,Library,Dorms,CS_Building"
U0336_2,"Dorms,Cafeteria,CS_Building,Student_Center,Library,Dorms,Math_Building,Dorms,Math_Building,Library"
U0336_3,"Dorms,Cafeteria,Student_Center,Library,Student_Center"
U0336_4,"Dorms,Math_Building,Student_Center,Library"
U0336_5,"Dorms,Cafeteria,Student_Center,Gym,Cafeteria"
U0336_6,"Dorms,Cafeteria,Math_Building"
U0336_7,"CS_Building,Cafeteria,Library,Cafeteria,Math_Building,Cafeteria"
U0336_8,"Library,Dorms,Cafeteria,CS_Building,Cafeteria"
U0336_9,"Library,Gym,Dorms,Library,Student_Center"
U0337_1,"Dorms,Cafeteria,CS_Building,Dorms,Cafeteria,Math_Building,Cafeteria"
U0337_10,"Dorms,Math_Building,Cafeteria,Math_Building,Student_Center,Library,Gym"
U0337_11,"Library,Cafeteria,CS_Building,Cafeteria"
U0337_12,"Dorms,Cafeteria,Library"
U0337_2,"Dorms,Cafeteria,Library,Cafeteria,CS_Building,Student_Center,Dorms,CS_Building,Dorms,Library,Cafeteria,CS_Building,Library"
U0337_3,"Dorms,Cafeteria,Math_Building,Dorms,Dorms,Cafeteria,Math_Building,Cafeteria,Library,Dorms,Cafeteria"
U0337_4,"Math_Building,Cafeteria,Library,Cafeteria,CS_Building,Student_Center,Library,Cafeteria"
U0337_5,"Dorms,Library,Dorms"
U0337_6,"Dorms,Math_Building,Library,Dorms,CS_Building,Student_Center,Gym"
U0337_7,"Dorms,Cafeteria,Student_Center"
U0337_8,"Dorms,Cafeteria,Math_Building,Dorms"
U0337_9,"CS_Building,Student_Center,Library,Student_Center,Gym,Dorms"
U0338_1,"Dorms,Library,Cafeteria,Math_Building,Cafeteria,CS_Building"
U0338_10,"Math_Building,Student_Center,Gym,Dorms"
U0338_11,"Library,Dorms,CS_Building,Student_Center,Dorms,CS_Building,Library,Dorms"
U0338_12,"Student_Center,Library,Dorms,Math_Building,Student_Center"
U0338_13,"Dorms,Cafeteria,Math_Building,Student_Center,Dorms,CS_Building,Library,Cafeteria,CS_Building,Library,Cafeteria"
U0338_2,"Dorms,Cafeteria,Library,Dorms"
U0338_3,"Dorms,Cafeteria,CS_Building"
U0338_4,"Student_Center,Dorms,CS_Building,Library,Dorms,Library"
U0338_5,"Dorms,Cafeteria,CS_Building,Library,Dorms,CS_Building"
U0338_6,"Dorms,Math_Building,Cafeteria,CS_Building"
U0338_7,"Math_Building,Dorms,CS_Building,Dorms,Math_Building,Student_Center,Gym"
U0338_8,"Dorms,CS_Building,Library,Gym"
U0338_9,"Cafeteria,Math_Building,Student_Center,Library,Dorms,CS_Building,Library,Dorms,CS_Building,Cafeteria,CS_Building,Student_Center"
U0339_1,"CS_Building,Library,Dorms,Dorms,CS_Building,Cafeteria,Math_Building"
U0339_10,"Dorms,CS_Building,Student_Center,Library,Dorms,Cafeteria,CS_Building,Math_Building,Student_Center,Library,Gym,Dorms,CS_Building"
U0339_11,"Dorms,Cafeteria,CS_Building,Library"
U0339_12,"Dorms,Cafeteria,Math_Building,Cafeteria,Math_Building,Cafeteria,Math_Building,Library"
U0339_13,"Dorms,Cafeteria,Student_Center"
U0339_14,"Gym,Dorms,CS_Building,Dorms,Math_Building,Student_Center,Dorms,Cafeteria"
U0339_15,"Dorms,Math_Building,Student_Center,Dorms,Library,Gym,Dorms,Cafeteria"
U0339_2,"Dorms,CS_Building,Library,Cafeteria,CS_Building"
U0339_3,"Gym,Dorms,CS_Building,Library,Student_Center,Gym"
U0339_4,"Gym,Dorms,Math_Building,Dorms,Library,Dorms,Math_Building"
U0339_5,"Student_Center,Dorms,Cafeteria,Student_Center,Dorms,Cafeteria,Student_Center,Dorms"
U0339_6,"CS_Building,Cafeteria,CS_Building"
U0339_7,"Dorms,CS_Building,Dorms,Math_Building"
U0339_8,"Dorms,Cafeteria,CS_Building,Cafeteria,CS_Building,Library,Gym"
U0339_9,"Dorms,Cafeteria,Library,Dorms,Cafeteria,Math_Building,Student_Center,Library"
U0340_1,"Dorms,Cafeteria,CS_Building"
U0340_10,"Student_Center,Dorms,Library,Gym,Dorms,Math_Building,Library,Cafeteria"
U0340_11,"CS_Building,Library,Cafeteria,CS_Building,Library,Gym"
U0340_12,"Dorms,Cafeteria,Math_Building"
U0340_13,"Student_Center,Dorms,Cafeteria,CS_Building,Student_Center"
U0340_2,"Dorms,Library,Gym,Dorms,Math_Building,Cafeteria,CS_Building,Cafeteria"
U0340_3,"Dorms,Math_Building,Student_Center,Library,Cafeteria,CS_Building,Student_Center"
U0340_4,"Dorms,CS_Building,Library,Cafeteria,Library,Dorms,Cafeteria"
U0340_5,"Library,Student_Center,Gym"
U0340_6,"Dorms,Cafeteria,Library,Student_Center"
U0340_7,"Dorms,CS_Building,Cafeteria,CS_Building"
U0340_8,"CS_Building,Library,Student_Center,Dorms"
U0340_9,"Dorms,Library,Dorms,Cafeteria,Library,Gym,Dorms"
U0341_1,"Dorms,Library,Gym,Math_Building,Student_Center,Gym,Cafeteria,Student_Center,Dorms,CS_Building"
U0341_10,"Dorms,CS_Building,Library,Gym,Dorms"
U0341_11,"Student_Center,Dorms,Cafeteria,Library,Cafeteria"
U0341_12,"Dorms,Cafeteria,Math_Building"
U0341_13,"Gym,Cafeteria,CS_Building"
U0341_14,"Dorms,Cafeteria,CS_Building,Student_Center,Gym,Dorms"
U0341_2,"Dorms,Cafeteria,Student_Center,Dorms,Cafeteria"
U0341_3,"Dorms,Cafeteria,Student_Center,Library,Dorms,CS_Building"
U0341_4,"Dorms,Math_Building,Cafeteria,Math_Building"
U0341_5,"Cafeteria,Math_Building,Cafeteria,Student_Center,Library,Dorms,Cafeteria"
U0341_6,"Dorms,Library,Dorms,Cafeteria,Math_Building,Cafeteria,CS_Building,Cafeteria"
U0341_7,"Dorms,CS_Building,Library,Dorms,Cafeteria,Math_Building"
U0341_8,"Dorms,CS_Building,Library,Gym,Dorms,Library,Cafeteria"
U0341_9,"Dorms,Cafeteria,CS_Building,Library,Dorms,CS_Building,Library"
U0342_1,"Dorms,Cafeteria,CS_Building,Cafeteria,Math_Building,Library,Dorms,Math_Building"
U0342_10,"Gym,Cafeteria,CS_Building,Library,Dorms,Cafeteria"
U0342_2,"Dorms,Cafeteria,Math_Building"
U0342_3,"Gym,Dorms,Math_Building,Cafeteria,CS_Building,Student_Center"
U0342_4,"Dorms,Cafeteria,CS_Building"
U0342_5,"Dorms,Cafeteria,CS_Building"
U0342_6,"Dorms,Cafeteria,Math_Building,Cafeteria,CS_Building"
U0342_7,"Dorms,Math_Building,Student_Center,Gym,Dorms,Math_Building,Student_Center,Dorms,Cafeteria,CS_Building,Cafeteria,CS_Building"
U0342_8,"Dorms,CS_Building,Student_Center,Library,Dorms,CS_Building,Student_Center,Gym,Student_Center,Library,Cafeteria,Library,Cafeteria,Math_Building,Student_Center"
U0342_9,"Dorms,Cafeteria,Library,Cafeteria,Math_Building,Dorms,Cafeteria,CS_Building"
U0343_1,"Dorms,Math_Building,Library,Gym,Dorms"
U0343_10,"Math_Building,Library,Cafeteria,CS_Building,Student_Center,Dorms,Math_Building,Library,Cafeteria,Math_Building,Library,Cafeteria,CS_Building"
U0343_2,"CS_Building,Dorms,Cafeteria"
U0343_3,"Dorms,Math_Building,Student_Center"
U0343_4,"Dorms,Library,Dorms,Cafeteria,Library,Dorms,Cafeteria"
U0343_5,"Dorms,Cafeteria,Student_Center,Gym"
U0343_6,"Dorms,Math_Building,Student_Center,Library,Dorms,CS_Building"
U0343_7,"Dorms,Cafeteria,CS_Building,Library,Student_Center,Gym"
U0343_8,"Dorms,Cafeteria,Math_Building,Student_Center,Dorms,Cafeteria,Math_Building,Library,Gym,Dorms,Cafeteria,Math_Building,Library"
U0343_9,"CS_Building,Library,Gym,Dorms"
U0344_1,"CS_Building,Student_Center,Dorms,CS_Building,Cafeteria,CS_Building,Library"
U0344_10,"Dorms,Library,Gym,Dorms,Cafeteria,Student_Center,Gym,Dorms"
U0344_11,"Dorms,CS_Building,Library,Student_Center,Gym"
U0344_12,"Dorms,Cafeteria,Library,Cafeteria,CS_Building,Student_Center"
U0344_2,"Dorms,CS_Building,Library,Dorms,Cafeteria,Library,Cafeteria,CS_Building"
U0344_3,"Dorms,Cafeteria,CS_Building,Cafeteria"
U0344_4,"Dorms,Math_Building,Library"
U0344_5,"Dorms,Cafeteria,CS_Building,Library,Cafeteria,Math_Building,Student_Center,Gym"
U0344_6,"Dorms,Math_Building,Student_Center,Gym,Dorms"
U0344_7,"Gym,Dorms,Cafeteria,CS_Building,Student_Center"
U0344_8,"Dorms,Math_Building,Dorms"
U0344_9,"Dorms,Cafeteria,Library"
U0345_1,"Dorms,Math_Building,Dorms,Cafeteria,Math_Building,Student_Center,Dorms,Math_Building"
U0345_2,"Dorms,Library,Dorms,Cafeteria,CS_Building,Library,Dorms,Cafeteria"
U0345_3,"Dorms,Library,Cafeteria,Math_Building,Library"
U0345_4,"Dorms,Cafeteria,CS_Building,Student_Center,Library,Dorms"
U0345_5,"Dorms,Math_Building,Dorms,Dorms,Cafeteria,Student_Center,Gym"
U0345_6,"Dorms,CS_Building,Library,Gym,Cafeteria"
U0345_7,"Dorms,CS_Building,Library,Dorms"
U0345_8,"Dorms,Cafeteria,Math_Building,Cafeteria,CS_Building,Library,Gym,Dorms"
U0346_1,"Dorms,Math_Building,Dorms,Math_Building,Student_Center,Library,Gym"
U0346_10,"Dorms,Cafeteria,Math_Building,Library,Gym,Dorms"
U0346_11,"Dorms,Cafeteria,Math_Building,Library,Cafeteria,CS_Building,Library"
U0346_12,"Dorms,Cafeteria,Library,Cafeteria,Math_Building,Library,Cafeteria"
U0346_13,"Dorms,Cafeteria,CS_Building,Student_Center"
U0346_14,"Cafeteria,Math_Building,Library,Dorms,Cafeteria,Student_Center"
U0346_2,"Dorms,CS_Building,Student_Center,Dorms,Cafeteria,CS_Building,Library,Student_Center"
U0346_3,"Dorms,Cafeteria,CS_Building,Student_Center,Gym,Dorms,Math_Building"
U0346_4,"Dorms,Library,Cafeteria,Math_Building,Student_Center,Dorms"
U0346_5,"CS_Building,Student_Center,Library,Dorms,Cafeteria,CS_Building"
U0346_6,"Dorms,CS_Building,Dorms,Math_Building"
U0346_7,"CS_Building,Library,Dorms,Math_Building,Student_Center,Dorms,CS_Building"
U0346_8,"Dorms,Library,Dorms,Cafeteria,CS_Building,Cafeteria,Library,Dorms"
U0346_9,"Cafeteria,Math_Building,Student_Center,Gym,Dorms,Cafeteria,CS_Building"
U0347_1,"Dorms,CS_Building,Student_Center"
U0347_10,"CS_Building,Student_Center,Gym"
U0347_11,"Dorms,Cafeteria,Library,Dorms,Cafeteria,CS_Building,Cafeteria,CS_Building"
U0347_12,"Gym,Dorms,CS_Building"
U0347_13,"Dorms,CS_Building,Student_Center,Gym,Dorms,Math_Building"
U0347_14,"CS_Building,Library,Cafeteria"
U0347_2,"Dorms,CS_Building,Cafeteria,Math_Building,Student_Center,Gym,Cafeteria"
U0347_3,"Dorms,CS_Building,Student_Center,Dorms,Library,Dorms,CS_Building"
U0347_4,"Dorms,Cafeteria,CS_Building,Library,Dorms,Math_Building,Student_Center,Dorms,Cafeteria"
U0347_5,"Dorms,Cafeteria,Student_Center,Gym"
U0347_6,"Dorms,Cafeteria,Library,Cafeteria"
U0347_7,"Dorms,Cafeteria,Math_Building,Library,Dorms,Cafeteria,CS_Building"
U0347_8,"Math_Building,Dorms,Math_Building,Student_Center"
U0347_9,"Dorms,Cafeteria,CS_Building,Dorms,Cafeteria,Library"
U0348_1,"Gym,Dorms,Cafeteria,Library,Cafeteria"
U0348_10,"Gym,Dorms,CS_Building,Dorms,Math_Building,Cafeteria,CS_Building,Student_Center"
U0348_11,"Cafeteria,CS_Building,Cafeteria,CS_Building,Library,Cafeteria,CS_Building,Dorms"
U0348_12,"Dorms,CS_Building,Cafeteria,Math_Building,Dorms"
U0348_13,"Student_Center,Dorms,Cafeteria,Math_Building,Dorms,CS_Building,Cafeteria"
U0348_14,"Gym,Dorms,Math_Building,Student_Center,Dorms,Math_Building,Library,Dorms,Dorms,Cafeteria,Student_Center,Gym,Dorms,CS_Building"
U0348_2,"Dorms,Math_Building,Dorms,Library,Gym,Dorms"
U0348_3,"Dorms,Math_Building,Dorms,Cafeteria,Student_Center,Library,Cafeteria,Dorms,Math_Building,Student_Center,Gym"
U0348_4,"Dorms,Cafeteria,CS_Building,Student_Center,Library,Dorms,Cafeteria,CS_Building"
U0348_5,"Dorms,Math_Building,Student_Center,Dorms,Cafeteria,Library"
U0348_6,"Dorms,Cafeteria,Math_Building,Dorms"
U0348_7,"Dorms,Cafeteria,Math_Building,Dorms,CS_Building"
U0348_8,"Dorms,Cafeteria,Student_Center,Gym,Dorms,Cafeteria,Math_Building"
U0348_9,"Dorms,Cafeteria,Library,Dorms,Cafeteria,Student_Center"
U0349_1,"Dorms,Cafeteria,CS_Building,Cafeteria,Library,Cafeteria,Library"
U0349_10,"Dorms,Cafeteria,Student_Center,Gym,Dorms,Math_Building,Library,Cafeteria"
U0349_11,"Dorms,Cafeteria,Math_Building,Student_Center,Gym,Dorms,Library,Cafeteria"
U0349_2,"Dorms,Cafeteria,Math_Building,Library"
U0349_3,"Cafeteria,Library,Student_Center,Dorms"
U0349_4,"Dorms,Cafeteria,CS_Building"
U0349_5,"Dorms,Cafeteria,CS_Building,Dorms,Cafeteria,CS_Building,Cafeteria,CS_Building"
U0349_6,"Dorms,Cafeteria,CS_Building,Cafeteria,CS_Building,Library,Dorms"
U0349_7,"Dorms,CS_Building,Student_Center,Library,Dorms,Cafeteria"
U0349_8,"Dorms,Library,Dorms,Cafeteria,Math_Building,Library,Dorms"
U0349_9,"Dorms,Math_Building,Library,Student_Center,Dorms,CS_Building,Dorms,Cafeteria"
U0350_1,"Dorms,Math_Building,Dorms,Math_Building"
U0350_2,"Library,Cafeteria,CS_Building"
U0350_3,"Dorms,Cafeteria,CS_Building,Student_Center,Gym"
U0350_4,"Dorms,Cafeteria,Math_Building,Library,Cafeteria"
U0350_5,"Dorms,CS_Building,Cafeteria,CS_Building"
U0350_6,"Dorms,Cafeteria,Library,Dorms,Cafeteria,CS_Building,Library"
U0350_7,"Dorms,Library,Dorms,CS_Building,Cafeteria,Math_Building,Dorms,Library,Cafeteria,Math_Building,Cafeteria,CS_Building,Cafeteria"
U0350_8,"Dorms,Cafeteria,CS_Building,Dorms,Math_Building,Library,Cafeteria,CS_Building"
U0350_9,"Dorms,Math_Building,Dorms,Math_Building,Student_Center,Dorms,Cafeteria,Math_Building"
U0351_1,"Dorms,Math_Building,Student_Center,Dorms,Cafeteria,Student_Center,Gym"
U0351_10,"Library,Dorms,CS_Building"
U0351_11,"Dorms,Cafeteria,CS_Building,Library,Dorms"
U0351_12,"Dorms,Cafeteria,Math_Building,Dorms"
U0351_2,"Dorms,Math_Building,Student_Center,Dorms,Cafeteria,Math_Building,Student_Center,Library"
U0351_3,"Dorms,Cafeteria,CS_Building,Cafeteria"
U0351_4,"Dorms,Cafeteria,CS_Building,Library"
U0351_5,"Student_Center,Dorms,Cafeteria,Library,Cafeteria,Library"
U0351_6,"Dorms,Cafeteria,Math_Building,Library"
U0351_7,"Dorms,Cafeteria,CS_Building,Student_Center,Dorms,Cafeteria,CS_Building,Dorms,Math_Building,Library,Dorms,Cafeteria,CS_Building,Student_Center,Dorms"
U0351_8,"Dorms,CS_Building,Library,Dorms,CS_Building,Library,Cafeteria"
U0351_9,"Dorms,Cafeteria,CS_Building,Student_Center,Gym,Cafeteria"
U0352_1,"Dorms,Math_Building,Student_Center,Gym,Cafeteria"
U0352_10,"Dorms,Cafeteria,Student_Center,Dorms,Library,Gym,Cafeteria,CS_Building,Student_Center"
U0352_11,"Student_Center,Dorms,Math_Building,Student_Center"
U0352_12,"Dorms,Cafeteria,CS_Building"
U0352_13,"Dorms,Math_Building,Library,Dorms,Math_Building,Student_Center,Gym"
U0352_2,"Dorms,CS_Building,Library,Cafeteria,Student_Center,Dorms,Cafeteria"
U0352_3,"Dorms,Cafeteria,Student_Center,Dorms"
U0352_4,"Math_Building,Dorms,Cafeteria,Dorms,Cafeteria,Math_Building,Library,Dorms"
U0352_5,"Dorms,Library,Cafeteria,CS_Building,Cafeteria,Math_Building,Cafeteria,Math_Building"
U0352_6,"Dorms,Cafeteria,Student_Center,Dorms,Cafeteria,Math_Building,Dorms,Math_Building,Student_Center,Gym,Dorms,Gym,Cafeteria,CS_Building,Student_Center,Gym"
U0352_7,"Dorms,Cafeteria,CS_Building,Cafeteria,CS_Building"
U0352_8,"Dorms,Cafeteria,Library,Dorms,Cafeteria"
U0352_9,"Student_Center,Dorms,Cafeteria,CS_Building"
U0353_1,"Dorms,Cafeteria,CS_Building"
U0353_10,"Dorms,Math_Building,Library,Dorms,Math_Building,Dorms,CS_Building,Library,Dorms,Math_Building,Library"
U0353_11,"Student_Center,Dorms,Cafeteria"
U0353_12,"Dorms,Math_Building,Library,Dorms,CS_Building,Library,Cafeteria"
U0353_2,"Dorms,Library,Dorms,Cafeteria,Math_Building,Student_Center,Gym,Dorms"
U0353_3,"Dorms,CS_Building,Library,Gym,Dorms,CS_Building,Library,Cafeteria"
U0353_4,"CS_Building,Dorms,CS_Building,Library,Gym"
U0353_5,"Dorms,CS_Building,Student_Center,Dorms,Cafeteria,CS_Building,Student_Center,Dorms,Cafeteria,CS_Building,Library,Student_Center,Gym"
U0353_6,"Math_Building,Dorms,Cafeteria,Library,Cafeteria,CS_Building,Cafeteria,Library"
U0353_7,"Dorms,Math_Building,Cafeteria,CS_Building,Library,Cafeteria"
U0353_8,"Dorms,Library,Dorms,CS_Building,Cafeteria"
U0353_9,"Dorms,Cafeteria,Math_Building"
U0354_1,"Dorms,Math_Building,Dorms"
U0354_10,"Dorms,Cafeteria,Library,Student_Center,Library,Dorms,CS_Building"
U0354_11,"Dorms,CS_Building,Library,Cafeteria,Student_Center,Dorms"
U0354_2,"Dorms,CS_Building,Library,Dorms,Cafeteria,CS_Building,Cafeteria"
U0354_3,"Dorms,Cafeteria,Student_Center"
U0354_4,"Dorms,Cafeteria,Math_Building,Student_Center,Library,Student_Center,Gym"
U0354_5,"Dorms,Cafeteria,Math_Building,Student_Center,Dorms,Cafeteria,CS_Building"
U0354_6,"Dorms,Cafeteria,CS_Building,Library,Dorms,CS_Building,Library,Student_Center"
U0354_7,"Dorms,Math_Building,Dorms,Cafeteria"
U0354_8,"Dorms,Cafeteria,CS_Building"
U0354_9,"Dorms,Math_Building,Library,Student_Center,Gym,Dorms,Cafeteria,Math_Building,Dorms,Cafeteria,Library,Dorms,Cafeteria,Library,Cafeteria,Math_Building"
U0355_1,"Dorms,Math_Building,Student_Center,Library,Cafeteria,Student_Center,Dorms,Cafeteria"
U0355_10,"Dorms,CS_Building,Library,Cafeteria,Dorms,Library,Dorms,Cafeteria,CS_Building,Student_Center,Dorms"
U0355_11,"Dorms,Library,Student_Center,Dorms,Library,Gym,Dorms"
U0355_12,"Dorms,Math_Building,Dorms,Cafeteria"
U0355_13,"Dorms,Cafeteria,Student_Center,Gym,Dorms"
U0355_2,"Math_Building,Cafeteria,CS_Building,Student_Center,Dorms,Cafeteria,Library"
U0355_3,"CS_Building,Cafeteria,Library,Student_Center,Library"
U0355_4,"Library,Dorms,Library,Gym,Dorms,Library,Gym"
U0355_5,"CS_Building,Student_Center,Gym,Cafeteria"
U0355_6,"Dorms,Library,Dorms,Cafeteria,Library,Dorms"
U0355_7,"Dorms,Cafeteria,CS_Building,Library,Dorms"
U0355_8,"Dorms,Cafeteria,Math_Building,Library,Gym,Dorms,Math_Building"
U0355_9,"Dorms,Cafeteria,Library,Dorms,CS_Building,Cafeteria,Math_Building,Cafeteria"
U0356_1,"Math_Building,Dorms,Math_Building,Dorms,Math_Building,Library"
U0356_10,"Dorms,Math_Building,Student_Center,Dorms"
U0356_11,"Dorms,Math_Building,Dorms,Math_Building"
U0356_12,"Gym,Dorms,Cafeteria,CS_Building"
U0356_2,"Cafeteria,CS_Building,Cafeteria"
U0356_3,"Dorms,Library,Student_Center,Dorms,Cafeteria,Math_Building"
U0356_4,"Dorms,Math_Building,Dorms,CS_Building,Library,Cafeteria"
U0356_5,"Dorms,CS_Building,Dorms,Cafeteria,Library,Dorms,Cafeteria,Math_Building"
U0356_6,"Dorms,Library,Dorms,Cafeteria,Library,Student_Center,Library,Cafeteria"
U0356_7,"Dorms,Cafeteria,CS_Building,Dorms,Cafeteria,Math_Building"
U0356_8,"Dorms,Math_Building,Library,Dorms,Cafeteria,CS_Building,Library"
U0356_9,"Dorms,Cafeteria,Math_Building,Library,Student_Center,Library,Gym"
U0357_1,"Gym,Dorms,Library,Dorms,CS_Building,Library"
U0357_10,"Dorms,CS_Building,Cafeteria"
U0357_2,"Dorms,Math_Building,Dorms"
U0357_3,"Dorms,Math_Building,Cafeteria,Student_Center,Dorms,CS_Building"
U0357_4,"Dorms,CS_Building,Library,Dorms,CS_Building"
U0357_5,"Dorms,Math_Building,Cafeteria,Library"
U0357_6,"Dorms,Cafeteria,Math_Building,Library"
U0357_7,"Dorms,Cafeteria,CS_Building,Library,Cafeteria,Student_Center"
U0357_8,"Dorms,CS_Building,Library,Student_Center,Gym"
U0357_9,"Dorms,CS_Building,Library,Cafeteria,Library,Gym,Dorms"
U0358_1,"Dorms,CS_Building,Library,Cafeteria,Library,Gym,Dorms,Cafeteria,Dorms,Cafeteria,Math_Building,Cafeteria,Library,Gym,Dorms,CS_Building"
U0358_2,"Dorms,Math_Building,Dorms,Cafeteria,CS_Building,Library,Dorms,Library,Dorms,CS_Building,Student_Center,Gym,Dorms,Library,Cafeteria"
U0358_3,"Math_Building,Student_Center,Library,Cafeteria,Math_Building,Student_Center"
U0358_4,"Dorms,CS_Building,Student_Center,Gym,Dorms,Cafeteria"
U0358_5,"Dorms,CS_Building,Library,Cafeteria,CS_Building,Cafeteria,CS_Building,Library"
U0358_6,"Dorms,CS_Building,Student_Center,Library,Dorms,Library"
U0358_7,"Dorms,CS_Building,Dorms,Library,Dorms,Library,Dorms,Cafeteria"
U0358_8,"CS_Building,Student_Center,Library,Dorms,Math_Building,Student_Center"
U0358_9,"Dorms,Cafeteria,Student_Center,Gym,Dorms,Math_Building,Dorms,Math_Building,Student_Center,Library,Cafeteria,Student_Center"
U0359_1,"Dorms,Math_Building,Student_Center,Library"
U0359_10,"Dorms,Cafeteria,CS_Building,Cafeteria,Math_Building,Student_Center,Gym"
U0359_11,"Student_Center,Gym,Dorms"
U0359_12,"CS_Building,Student_Center,Dorms,Cafeteria,CS_Building,Library,Gym,Cafeteria"
U0359_13,"Dorms,Cafeteria,Math_Building,Library,Dorms,Math_Building,Library,Student_Center"
U0359_14,"Dorms,Math_Building,Cafeteria,Library,Student_Center"
U0359_2,"Math_Building,Library,Dorms,Cafeteria,Student_Center,Library,Student_Center,Gym"
U0359_3,"Dorms,Cafeteria,Student_Center"
U0359_4,"Dorms,Cafeteria,CS_Building"
U0359_5,"Dorms,Cafeteria,CS_Building,Cafeteria,Math_Building"
U0359_6,"Student_Center,Gym,Dorms,Math_Building,Library,Cafeteria,CS_Building,Library"
U0359_7,"Dorms,Library,Gym,Dorms,Math_Building"
U0359_8,"Math_Building,Library,Dorms,CS_Building,Library"
U0359_9,"Dorms,Cafeteria,Math_Building,Library"
U0360_1,"Dorms,Cafeteria,Math_Building"
U0360_10,"Student_Center,Gym,Cafeteria,Library,Student_Center,Library,Dorms,Cafeteria"
U0360_11,"Dorms,Cafeteria,Student_Center,Gym,Dorms,Cafeteria,Math_Building,Cafeteria,CS_Building,Library,Gym,Dorms"
U0360_2,"Dorms,Library,Student_Center,Library,Gym,Cafeteria,CS_Building,Student_Center,Student_Center,Gym,Dorms"
U0360_3,"Dorms,Cafeteria,CS_Building,Library,Dorms,Cafeteria,Math_Building,Cafeteria,CS_Building,Student_Center,Library,Cafeteria"
U0360_4,"Dorms,Math_Building,Library,Cafeteria,Student_Center"
U0360_5,"Dorms,Cafeteria,Math_Building,Dorms,Math_Building,Student_Center"
U0360_6,"Dorms,CS_Building,Library,Student_Center,Library,Dorms,Library,Cafeteria"
U0360_7,"Dorms,CS_Building,Library,Gym,Dorms,Cafeteria,CS_Building"
U0360_8,"Dorms,Cafeteria,Math_Building"
U0360_9,"CS_Building,Dorms,Math_Building,Dorms,CS_Building,Student_Center,Gym,Dorms,Library,Gym"
U0361_1,"Dorms,CS_Building,Dorms,Math_Building,Dorms"
U0361_10,"Dorms,Cafeteria,Student_Center"
U0361_2,"Dorms,Cafeteria,Student_Center"
U0361_3,"Dorms,Cafeteria,Math_Building,Dorms"
U0361_4,"Dorms,Cafeteria,Math_Building,Dorms,Cafeteria,Library,Dorms,Cafeteria"
U0361_5,"Dorms,Cafeteria,Library,Student_Center,Library,Gym"
U0361_6,"Dorms,Cafeteria,Math_Building,Cafeteria,CS_Building"
U0361_7,"Gym,Cafeteria,Math_Building"
U0361_8,"Dorms,Cafeteria,CS_Building,Student_Center,CS_Building,Library,Dorms,CS_Building,Library,Cafeteria,CS_Building,Library"
U0361_9,"Dorms,CS_Building,Student_Center,Dorms,Math_Building,Student_Center"
U0362_1,"Dorms,Cafeteria,CS_Building,Student_Center"
U0362_10,"Cafeteria,CS_Building,Student_Center,Dorms,Cafeteria"
U0362_11,"Dorms,CS_Building,Student_Center,Dorms,Cafeteria,CS_Building,Library,Dorms"
U0362_12,"Dorms,Cafeteria,CS_Building,Student_Center,Gym,Dorms"
U0362_13,"Dorms,Cafeteria,CS_Building"
U0362_14,"Dorms,Cafeteria,CS_Building,Cafeteria,CS_Building,Dorms,Math_Building"
U0362_15,"Dorms,Math_Building,Library,Cafeteria,CS_Building,Library"
U0362_2,"Dorms,Cafeteria,Math_Building"
U0362_3,"Dorms,Cafeteria,Math_Building,Dorms,Cafeteria"
U0362_4,"Dorms,Cafeteria,CS_Building,Cafeteria,Math_Building"
U0362_5,"Gym,Dorms,Cafeteria,Math_Building,Student_Center,Dorms,CS_Building"
U0362_6,"Dorms,Cafeteria,Library,Cafeteria,Math_Building,Dorms,Cafeteria,Dorms,CS_Building,Student_Center,Library,Dorms,Cafeteria,CS_Building,Cafeteria"
U0362_7,"Dorms,Math_Building,Cafeteria,CS_Building"
U0362_8,"Dorms,Cafeteria,Math_Building"
U0362_9,"Dorms,Cafeteria,CS_Building,Library,Cafeteria,Math_Building"
U0363_1,"Dorms,Math_Building,Library,Cafeteria,Math_Building,Library,Dorms"
U0363_10,"Dorms,CS_Building,Cafeteria"
U0363_11,"Dorms,Cafeteria,CS_Building,Dorms,Cafeteria"
U0363_12,"Math_Building,Dorms,CS_Building,Dorms,Library,Dorms,CS_Building,Library"
U0363_2,"Dorms,Math_Building,Student_Center,Library"
U0363_3,"Dorms,Library,Dorms,Math_Building,Dorms,Dorms,CS_Building,Library,Dorms,Math_Building,Library,Student_Center"
U0363_4,"Library,Dorms,CS_Building,Library"
U0363_5,"Gym,Dorms,Cafeteria,Student_Center,Dorms,CS_Building,Library"
U0363_6,"Dorms,CS_Building,Student_Center,Gym,Cafeteria,Math_Building,Dorms,CS_Building"
U0363_7,"Dorms,Cafeteria,CS_Building,Dorms,Cafeteria"
U0363_8,"Dorms,Cafeteria,CS_Building,Library,Dorms"
U0363_9,"Dorms,Cafeteria,Library,Cafeteria"
U0364_1,"Student_Center,Dorms,Math_Building,Student_Center,Dorms,Cafeteria,Math_Building,Library"
U0364_10,"Dorms,Cafeteria,Math_Building,Library"
U0364_11,"Dorms,Cafeteria,Math_Building,Dorms,Cafeteria"
U0364_12,"Dorms,Math_Building,Library,Dorms,CS_Building"
U0364_13,"Dorms,CS_Building,Student_Center,Dorms,Cafeteria,CS_Building,Library,Dorms"
U0364_2,"Dorms,Cafeteria,CS_Building,Student_Center,Dorms,Cafeteria,Math_Building,Cafeteria"
U0364_3,"Dorms,Library,Cafeteria,Library,Dorms,CS_Building,Student_Center"
U0364_4,"Dorms,Cafeteria,Math_Building,Library,Dorms,Math_Building,Student_Center"
U0364_5,"Gym,Dorms,Cafeteria,CS_Building,Library,Cafeteria,CS_Building,Library"
U0364_6,"Dorms,Library,Cafeteria,CS_Building,Student_Center,Dorms,CS_Building"
U0364_7,"Math_Building,Student_Center,Gym,Cafeteria,Student_Center"
U0364_8,"CS_Building,Cafeteria,Math_Building,Student_Center,Gym"
U0364_9,"Dorms,Math_Building,Student_Center,Library,Dorms,Math_Building"
U0365_1,"Dorms,Cafeteria,Library,Dorms,Library,Dorms,Dorms,Math_Building,Student_Center,Dorms,Cafeteria,CS_Building,Library,Dorms,CS_Building,Cafeteria,Library,Cafeteria,Library,Dorms"
U0365_2,"Cafeteria,Library,Dorms,Cafeteria,CS_Building,Student_Center,Dorms"
U0365_3,"Dorms,Cafeteria,Math_Building,Library,Gym,Dorms"
U0365_4,"Library,Gym,Dorms,Cafeteria,Math_Building,Dorms,Cafeteria,CS_Building,Library,Dorms,Cafeteria,CS_Building,Cafeteria,Math_Building,Student_Center,Library"
U0365_5,"Gym,Dorms,Cafeteria,Library,Cafeteria,CS_Building,Dorms,Math_Building,Student_Center,Gym,Dorms,Cafeteria,CS_Building,Student_Center,Dorms,Cafeteria,Library,Gym,Dorms"
U0365_6,"Gym,Dorms,Cafeteria,CS_Building,Library,Cafeteria,CS_Building,Dorms"
U0365_7,"Dorms,Math_Building,Library,Cafeteria,Library,Dorms,Math_Building"
U0366_1,"Dorms,Library,Dorms,Cafeteria"
U0366_10,"Dorms,CS_Building,Dorms,Math_Building"
U0366_11,"Dorms,Math_Building,Cafeteria,Dorms,Cafeteria,Library,Cafeteria"
U0366_12,"Dorms,Math_Building,Dorms,Cafeteria,Math_Building"
U0366_2,"Library,Gym,Dorms,Library"
U0366_3,"Dorms,Cafeteria,CS_Building,Library,Cafeteria,Math_Building,Dorms,CS_Building,Student_Center,Dorms,Library,Cafeteria"
U0366_4,"Dorms,CS_Building,Cafeteria,Student_Center,Gym"
U0366_5,"Dorms,Cafeteria,CS_Building,Student_Center,Dorms,Cafeteria,CS_Building"
U0366_6,"Dorms,Cafeteria,CS_Building,Library"
U0366_7,"Library,Dorms,Library,Dorms,Cafeteria,CS_Building"
U0366_8,"Dorms,Math_Building,Library,Gym,Dorms,Cafeteria,Math_Building,Dorms,Cafeteria,CS_Building,Cafeteria,Math_Building,Library,Student_Center"
U0366_9,"Dorms,Cafeteria,CS_Building,Cafeteria"
U0367_1,"Cafeteria,Math_Building,Dorms,CS_Building,Student_Center,Gym,Dorms"
U0367_2,"Dorms,CS_Building,Library"
U0367_3,"Math_Building,Student_Center,Library,Student_Center,Dorms,CS_Building,Library,Dorms,CS_Building,Dorms,Cafeteria"
U0367_4,"Dorms,Cafeteria,Math_Building,Dorms,Library,Dorms,Math_Building,Library"
U0367_5,"Dorms,Math_Building,Library,Dorms,Cafeteria,CS_Building,Library,Gym,Dorms"
U0367_6,"Dorms,Cafeteria,Math_Building,Cafeteria,Student_Center"
U0367_7,"Dorms,Cafeteria,Student_Center,Dorms,Cafeteria,Library"
U0367_8,"Dorms,Cafeteria,Student_Center,Gym,Dorms,Dorms,Math_Building,Dorms,CS_Building,Cafeteria"
U0367_9,"Dorms,CS_Building,Student_Center"
U0368_1,"Dorms,Cafeteria,Student_Center,Dorms,Cafeteria,Library,Cafeteria,Math_Building"
U0368_10,"Dorms,Library,Student_Center,Dorms,Library,Student_Center,Dorms,Cafeteria"
U0368_11,"Dorms,Cafeteria,Library,Dorms,Library"
U0368_12,"Dorms,Cafeteria,Math_Building,Student_Center,Library,Dorms"
U0368_13,"Dorms,Cafeteria,CS_Building,Dorms,Cafeteria,CS_Building"
U0368_2,"Dorms,CS_Building,Dorms,Math_Building"
U0368_3,"Dorms,Library,Dorms,Cafeteria"
U0368_4,"Dorms,Library,Cafeteria,Math_Building,Student_Center,Dorms,Library"
U0368_5,"Dorms,Math_Building,Library,Gym,Cafeteria,Math_Building,Student_Center"
U0368_6,"Dorms,Math_Building,Student_Center"
U0368_7,"Dorms,Math_Building,Library"
U0368_8,"Dorms,Library,Student_Center,Gym"
U0368_9,"Dorms,Library,Dorms,Cafeteria,Math_Building,Dorms"
U0369_1,"Dorms,Cafeteria,CS_Building,Student_Center,Library,Cafeteria,Math_Building,Library,Dorms,Math_Building,Library"
U0369_10,"Cafeteria,Math_Building,Cafeteria,Math_Building,Cafeteria,Math_Building,Dorms"
U0369_11,"Dorms,CS_Building,Student_Center,Dorms,Cafeteria"
U0369_12,"Dorms,Math_Building,Library"
U0369_13,"Math_Building,Dorms,CS_Building,Library,Gym,Dorms,CS_Building,Student_Center"
U0369_14,"Math_Building,Library,Cafeteria,CS_Building,Library"
U0369_2,"Dorms,Math_Building,Dorms"
U0369_3,"Dorms,Cafeteria,Math_Building,Student_Center,Gym,Cafeteria,CS_Building,Library"
U0369_4,"Dorms,Cafeteria,Student_Center,Dorms,Cafeteria,Library,Cafeteria,CS_Building"
U0369_5,"Dorms,CS_Building,Library,Dorms,Cafeteria,Math_Building,Student_Center"
U0369_6,"Dorms,Cafeteria,Math_Building,Student_Center,Dorms,Cafeteria,Library,Cafeteria"
U0369_7,"CS_Building,Library,Gym,Cafeteria,CS_Building,Student_Center,Library,Gym,Dorms,CS_Building,Student_Center,Dorms,Cafeteria,CS_Building"
U0369_8,"Dorms,Cafeteria,Math_Building"
U0369_9,"Library,Cafeteria,Math_Building"
U0370_1,"Dorms,Cafeteria,Library,Dorms,CS_Building"
U0370_10,"Dorms,CS_Building,Student_Center"
U0370_2,"Dorms,Cafeteria,Math_Building"
U0370_3,"Dorms,Cafeteria,Math_Building,Library,Dorms"
U0370_4,"Cafeteria,Library,Cafeteria,CS_Building,Student_Center,Gym,Dorms,Cafeteria"
U0370_5,"Dorms,Cafeteria,Library,Cafeteria,Library,Dorms,CS_Building,Library"
U0370_6,"Dorms,Cafeteria,Math_Building"
U0370_7,"Dorms,CS_Building,Library,Student_Center,Dorms,Library,Cafeteria"
U0370_8,"Dorms,Cafeteria,CS_Building,Library,Cafeteria,Student_Center"
U0370_9,"Dorms,Cafeteria,CS_Building,Student_Center,Dorms"
U0371_1,"Dorms,CS_Building,Library,Dorms,Cafeteria"
U0371_10,"Dorms,CS_Building,Student_Center,Library,Gym,Dorms,Math_Building,Cafeteria,CS_Building,Student_Center,Gym,Dorms,CS_Building"
U0371_11,"Dorms,Cafeteria,CS_Building,Student_Center"
U0371_2,"Dorms,Cafeteria,Library,Cafeteria,Math_Building,Library,Dorms,Math_Building"
U0371_3,"Dorms,Library,Student_Center,Gym,Dorms,Cafeteria,Math_Building"
U0371_4,"Library,Dorms,Cafeteria,Student_Center,Dorms,CS_Building,Cafeteria,Library"
U0371_5,"Dorms,Math_Building,Cafeteria,Math_Building,Cafeteria,Library"
U0371_6,"Dorms,Cafeteria,CS_Building,Student_Center,Dorms"
U0371_7,"Library,Cafeteria,CS_Building,Library,Dorms,Cafeteria,CS_Building"
U0371_8,"Library,Gym,Cafeteria,Math_Building"
U0371_9,"Dorms,Math_Building,Dorms,Cafeteria,CS_Building,Library"
U0372_1,"Dorms,Library,Dorms,Cafeteria,CS_Building,Cafeteria,Math_Building,Cafeteria,Math_Building,Library,Cafeteria,CS_Building"
U0372_10,"Dorms,Library,Dorms,Cafeteria,CS_Building"
U0372_11,"Student_Center,Dorms,Library,Cafeteria"
U0372_12,"Dorms,Cafeteria,CS_Building,Student_Center,Dorms"
U0372_2,"Dorms,CS_Building,Student_Center,Gym"
U0372_3,"Dorms,Cafeteria,Math_Building,Cafeteria,CS_Building"
U0372_4,"Cafeteria,Math_Building,Dorms"
U0372_5,"Gym,Dorms,Cafeteria,Math_Building"
U0372_6,"Student_Center,Gym,Dorms,Cafeteria,Library,Student_Center,Dorms,Math_Building,Library,Gym"
U0372_7,"Dorms,Library,Dorms,Cafeteria,CS_Building"
U0372_8,"Dorms,CS_Building,Cafeteria,Library,Gym,Dorms,Library"
U0372_9,"Dorms,Cafeteria,Library"
U0373_1,"Cafeteria,CS_Building,Library,Gym"
U0373_2,"Dorms,Cafeteria,CS_Building"
U0373_3,"Dorms,Cafeteria,Math_Building"
U0373_4,"Dorms,Cafeteria,CS_Building,Library,Dorms"
U0373_5,"Dorms,Cafeteria,Student_Center,Dorms,Cafeteria,Library,Cafeteria"
U0373_6,"Dorms,CS_Building,Library,Gym"
U0373_7,"Dorms,CS_Building,Cafeteria,CS_Building,Library,Cafeteria,Dorms,Math_Building,Library"
U0373_8,"Dorms,Math_Building,Dorms,Cafeteria,Library,Dorms"
U0373_9,"Gym,Dorms,Cafeteria,Library,Gym,Dorms,Dorms,Cafeteria,CS_Building,Library,Cafeteria,Math_Building,Library"
U0374_1,"Dorms,Library,Cafeteria,Math_Building,Dorms,Cafeteria"
U0374_10,"Library,Cafeteria,Math_Building,Student_Center,Library,Gym,Dorms"
U0374_11,"Dorms,Cafeteria,Math_Building,Library,Cafeteria"
U0374_12,"Cafeteria,CS_Building,Dorms,Cafeteria"
U0374_2,"Dorms,CS_Building,Student_Center,Library,Dorms"
U0374_3,"Dorms,Cafeteria,Library,Cafeteria"
U0374_4,"Dorms,Cafeteria,Math_Building,Dorms,Cafeteria,CS_Building,Library"
U0374_5,"Dorms,Math_Building,Cafeteria,Library,Dorms,CS_Building,Library"
U0374_6,"Dorms,Cafeteria,Student_Center"
U0374_7,"CS_Building,Dorms,Cafeteria,CS_Building,Cafeteria,Library"
U0374_8,"Cafeteria,CS_Building,Cafeteria,Math_Building,Student_Center"
U0374_9,"Dorms,Cafeteria,Math_Building,Student_Center"
U0375_1,"Dorms,CS_Building,Student_Center,Dorms"
U0375_10,"Dorms,Cafeteria,Library,Cafeteria"
U0375_11,"Dorms,Math_Building,Library,Cafeteria,Library,Dorms,Cafeteria"
U0375_2,"Student_Center,Dorms,CS_Building,Student_Center"
U0375_3,"Dorms,Math_Building,Student_Center,Dorms,Cafeteria,Library,Cafeteria,Math_Building"
U0375_4,"Gym,Dorms,CS_Building,Student_Center,Library,Dorms"
U0375_5,"Dorms,Cafeteria,Math_Building,Student_Center"
U0375_6,"Dorms,CS_Building,Student_Center,Dorms,Math_Building"
U0375_7,"CS_Building,Library,Dorms,CS_Building,Dorms,Math_Building,Student_Center,Dorms"
U0375_8,"Dorms,Math_Building,Library,Cafeteria,Library,Gym,Dorms"
U0375_9,"Student_Center,Dorms,Cafeteria,CS_Building,Student_Center,Gym"
U0376_1,"Dorms,Cafeteria,CS_Building,Student_Center,Library,Dorms"
U0376_10,"Dorms,Cafeteria,CS_Building,Library,Gym,Cafeteria,Dorms,Cafeteria,Student_Center"
U0376_2,"Dorms,CS_Building,Student_Center,Gym"
U0376_3,"Dorms,CS_Building,Library,Gym,Dorms"
U0376_4,"Dorms,Library,Gym,Dorms,Math_Building,Dorms,Math_Building,Cafeteria"
U0376_5,"Dorms,Cafeteria,Math_Building,Student_Center,Library"
U0376_6,"Dorms,Cafeteria,CS_Building,Library,Dorms,Cafeteria,Student_Center,Gym,Dorms,Cafeteria,Math_Building,Cafeteria,Math_Building"
U0376_7,"Cafeteria,CS_Building,Library,Dorms,Math_Building,Dorms,Cafeteria,Cafeteria,Student_Center,Gym,Dorms,Library"
U0376_8,"Dorms,Cafeteria,Student_Center,Library"
U0376_9,"Dorms,Math_Building,Student_Center,Library,Dorms,Cafeteria,CS_Building"
U0377_1,"Dorms,Cafeteria,CS_Building"
U0377_10,"Dorms,Cafeteria,Library,Gym,Dorms"
U0377_11,"Dorms,CS_Building,Library,Cafeteria,Library,Gym,Math_Building,Student_Center,Dorms,Math_Building,Library,Cafeteria"
U0377_12,"Dorms,Library,Gym,Dorms,Cafeteria,Library,Gym,Dorms"
U0377_13,"Dorms,Cafeteria,Math_Building,Dorms,Cafeteria,Math_Building,Library"
U0377_2,"Dorms,Cafeteria,CS_Building,Library,Dorms,Cafeteria"
U0377_3,"Gym,Dorms,Cafeteria,Library,Dorms,Cafeteria"
U0377_4,"Dorms,Math_Building,Cafeteria,Math_Building,Student_Center,Library,Dorms,Math_Building"
U0377_5,"Dorms,Cafeteria,CS_Building,Library,Dorms"
U0377_6,"Dorms,Cafeteria,Math_Building,Student_Center,Library,Dorms,Cafeteria"
U0377_7,"Dorms,CS_Building,Library,Gym,Dorms,Math_Building,Cafeteria,CS_Building"
U0377_8,"Dorms,CS_Building,Library,Gym,Dorms,CS_Building,Student_Center,Library,Gym,Dorms,Cafeteria"
U0377_9,"Cafeteria,Library,Gym,Dorms,Cafeteria,CS_Building,Dorms,Cafeteria"
U0378_1,"Gym,Dorms,Math_Building,Library,Dorms"
U0378_10,"Student_Center,Library,Cafeteria,Math_Building,Library"
U0378_11,"Dorms,CS_Building,Cafeteria,CS_Building,Library,Cafeteria,CS_Building"
U0378_12,"Dorms,Library,Gym,Dorms,Math_Building,Library"
U0378_13,"Dorms,Cafeteria,Library,Dorms,CS_Building,Library"
U0378_14,"Dorms,Math_Building,Student_Center,Library,Dorms"
U0378_15,"Dorms,Cafeteria,CS_Building"
U0378_2,"Dorms,Math_Building,Cafeteria,CS_Building"
U0378_3,"Dorms,CS_Building,Student_Center,Dorms,Math_Building,Library,Student_Center,Dorms,Cafeteria,CS_Building,Student_Center"
U0378_4,"Dorms,Math_Building,Student_Center,Dorms,Math_Building,Dorms,CS_Building,Cafeteria,Math_Building,Library,Dorms,Dorms,CS_Building,Library,Dorms,Cafeteria,CS_Building"
U0378_5,"Dorms,Cafeteria,CS_Building,Library,Dorms,CS_Building,Student_Center,Gym,Dorms,Cafeteria,Library"
U0378_6,"Dorms,Cafeteria,Student_Center,Library,Cafeteria,Student_Center"
U0378_7,"Dorms,CS_Building,Library,Dorms,CS_Building"
U0378_8,"Dorms,Math_Building,Dorms,Cafeteria"
U0378_9,"Dorms,Cafeteria,CS_Building"
U0379_1,"Dorms,Cafeteria,Library,Student_Center,Library,Cafeteria,Math_Building"
U0379_10,"Dorms,CS_Building,Library,Gym"
U0379_11,"Dorms,Library,Cafeteria,Math_Building,Library,Dorms,Cafeteria,Math_Building"
U0379_12,"Math_Building,Dorms,Math_Building"
U0379_13,"Dorms,CS_Building,Student_Center,Dorms,Library,Cafeteria,Math_Building,Cafeteria,Math_Building,Dorms"
U0379_14,"Dorms,Math_Building,Student_Center"
U0379_15,"Dorms,Cafeteria,Library,Dorms,Cafeteria"
U0379_2,"Dorms,Cafeteria,CS_Building,Cafeteria,Library,Gym,Dorms"
U0379_3,"Dorms,CS_Building,Library,Gym,Cafeteria,Library,Gym,Dorms"
U0379_4,"Student_Center,Gym,Dorms"
U0379_5,"Dorms,Math_Building,Dorms,Cafeteria,Library,Cafeteria,Student_Center,Library"
U0379_6,"Dorms,Math_Building,Dorms,Cafeteria,Student_Center,Dorms,Cafeteria"
U0379_7,"Dorms,Library,Dorms,Cafeteria,CS_Building,Library,Gym"
U0379_8,"Dorms,Cafeteria,Library,Cafeteria,Library,Dorms"
U0379_9,"Dorms,Cafeteria,CS_Building,Student_Center"
U0380_1,"Dorms,CS_Building,Cafeteria,CS_Building"
U0380_10,"Dorms,CS_Building,Library,Dorms,Cafeteria,Library,Cafeteria,Library"
U0380_11,"Student_Center,Gym,Dorms,CS_Building,Student_Center"
U0380_12,"Dorms,Cafeteria,CS_Building,Library,Student_Center,Dorms"
U0380_13,"Dorms,Cafeteria,Student_Center,Dorms,Cafeteria,Math_Building,Dorms,Cafeteria"
U0380_14,"Dorms,CS_Building,Library,Cafeteria,Library,Cafeteria"
U0380_15,"Dorms,Cafeteria,Math_Building,Dorms,CS_Building,Library,Gym,Dorms,CS_Building"
U0380_16,"Student_Center,Library,Student_Center,Gym,Dorms"
U0380_2,"Library,Dorms,Cafeteria"
U0380_3,"Dorms,Cafeteria,CS_Building,Cafeteria"
U0380_4,"Dorms,Math_Building,Dorms,Cafeteria,Dorms,Cafeteria,CS_Building,Library,Gym,Dorms,Cafeteria"
U0380_5,"Student_Center,Dorms,CS_Building"
U0380_6,"Dorms,Cafeteria,Library,Dorms,CS_Building,Student_Center,Dorms,Math_Building"
U0380_7,"Dorms,Cafeteria,CS_Building,Student_Center,Library,Dorms"
U0380_8,"Dorms,Library,Dorms,CS_Building,Student_Center,Library,Dorms,CS_Building"
U0380_9,"Dorms,CS_Building,Library,Dorms,Math_Building,Dorms"
U0381_1,"Dorms,Library,Cafeteria,Student_Center,Library,Cafeteria"
U0381_10,"Student_Center,Dorms,Cafeteria,Library,Dorms,Cafeteria,Student_Center,Library,Cafeteria,Library,Cafeteria,CS_Building,Library,Student_Center"
U0381_11,"Cafeteria,Library,Dorms"
U0381_2,"Math_Building,Student_Center,Gym,Dorms,Cafeteria,Dorms,Cafeteria,Math_Building,Student_Center,Dorms,Cafeteria"
U0381_3,"Dorms,Cafeteria,Math_Building,Cafeteria,Math_Building,Student_Center,Dorms,Dorms,Cafeteria,Math_Building,Dorms,Cafeteria,Math_Building,Cafeteria,CS_Building,Dorms,Cafeteria,CS_Building"
U0381_4,"Dorms,Cafeteria,Math_Building,Dorms,CS_Building"
U0381_5,"Dorms,Cafeteria,Student_Center,Library,Student_Center"
U0381_6,"Dorms,Library,Gym"
U0381_7,"Math_Building,Cafeteria,Math_Building,Library,Cafeteria,CS_Building,Library"
U0381_8,"Dorms,CS_Building,Dorms,CS_Building,Student_Center,Dorms"
U0381_9,"CS_Building,Student_Center,Gym,Dorms,CS_Building"
U0382_1,"Dorms,Math_Building,Student_Center,Gym,Cafeteria,Student_Center"
U0382_10,"Gym,Dorms,Cafeteria,Student_Center,Library,Student_Center,Dorms"
U0382_11,"Dorms,Library,Dorms,Cafeteria,CS_Building,Dorms,Cafeteria,Library"
U0382_12,"Math_Building,Library,Cafeteria,Student_Center"
U0382_13,"Cafeteria,Math_Building,Student_Center,Dorms,CS_Building"
U0382_2,"Dorms,Math_Building,Dorms"
U0382_3,"Dorms,Math_Building,Library,Gym,Dorms"
U0382_4,"Dorms,Math_Building,Student_Center,Library,Cafeteria,CS_Building,Student_Center,Library"
U0382_5,"Dorms,Cafeteria,CS_Building,Cafeteria"
U0382_6,"Dorms,Cafeteria,Library,Cafeteria,Math_Building"
U0382_7,"Dorms,Library,Cafeteria,Library,Dorms,Cafeteria,CS_Building"
U0382_8,"Dorms,Math_Building,Library,Gym"
U0382_9,"Dorms,Cafeteria,CS_Building,Dorms,Cafeteria,CS_Building,Student_Center"
U0383_1,"Dorms,Math_Building,Student_Center,Gym,Dorms,Cafeteria,Student_Center"
U0383_10,"Dorms,Cafeteria,Library,Dorms,Cafeteria,CS_Building,Student_Center"
U0383_11,"Dorms,Cafeteria,CS_Building,Student_Center,Dorms,CS_Building"
U0383_12,"Dorms,CS_Building,Dorms,Cafeteria,Library,Student_Center"
U0383_13,"Math_Building,Library,Gym,Dorms,Cafeteria,Math_Building,Student_Center"
U0383_14,"CS_Building,Cafeteria,Math_Building,Dorms,CS_Building,Student_Center,Library,Cafeteria,Dorms,CS_Building,Cafeteria,Library,Dorms"
U0383_2,"Math_Building,Student_Center,Gym"
U0383_3,"Library,Cafeteria,Math_Building,Library,Cafeteria,CS_Building,Student_Center,Dorms"
U0383_4,"Dorms,CS_Building,Library,Dorms,Math_Building,Cafeteria,CS_Building"
U0383_5,"Dorms,Math_Building,Library"
U0383_6,"Dorms,CS_Building,Library,Student_Center,Dorms,CS_Building,Cafeteria,Math_Building,Cafeteria,Math_Building"
U0383_7,"Dorms,Library,Gym,Cafeteria,Library,Dorms"
U0383_8,"Dorms,Cafeteria,CS_Building,Library,Dorms,CS_Building"
U0383_9,"Dorms,CS_Building,Library,Dorms,Library,Dorms,Cafeteria,Math_Building,Dorms,CS_Building,Dorms,Cafeteria"
U0384_1,"Library,Student_Center,Dorms"
U0384_10,"Dorms,Cafeteria,Library,Dorms"
U0384_11,"Dorms,Library,Dorms,Cafeteria,Math_Building,Cafeteria,Math_Building,Cafeteria,CS_Building,Library,Cafeteria,CS_Building"
U0384_12,"Math_Building,Student_Center,Library,Dorms,Cafeteria,CS_Building,Library,Cafeteria"
U0384_13,"Student_Center,Gym,Dorms,CS_Building"
U0384_2,"Math_Building,Student_Center,Dorms"
U0384_3,"Math_Building,Cafeteria,Library,Cafeteria,Library"
U0384_4,"Dorms,Cafeteria,Student_Center,Library,Cafeteria,Math_Building"
U0384_5,"Dorms,Math_Building,Library,Dorms,Math_Building,Library"
U0384_6,"Dorms,CS_Building,Cafeteria,Math_Building"
U0384_7,"Dorms,CS_Building,Student_Center,Dorms,Cafeteria"
U0384_8,"Dorms,Math_Building,Student_Center,Library"
U0384_9,"Math_Building,Library,Dorms,Cafeteria,Math_Building,Student_Center,Gym,Dorms"
U0385_1,"Dorms,Math_Building,Cafeteria"
U0385_10,"Dorms,Cafeteria,Math_Building,Library,Dorms,Cafeteria,Math_Building,Student_Center,Dorms,Cafeteria,CS_Building,Student_Center,Gym,Cafeteria,Math_Building,Dorms"
U0385_11,"Dorms,Cafeteria,CS_Building,Library,Cafeteria,Math_Building,Student_Center,Library"
U0385_12,"Dorms,Math_Building,Student_Center,Library,Student_Center,Dorms,Dorms,CS_Building,Cafeteria,CS_Building,Cafeteria,Student_Center,Library"
U0385_13,"Dorms,CS_Building,Library"
U0385_2,"Student_Center,Gym,Dorms,CS_Building,Student_Center,Gym"
U0385_3,"Dorms,Library,Dorms,CS_Building"
U0385_4,"Library,Dorms,Math_Building"
U0385_5,"Dorms,Cafeteria,CS_Building"
U0385_6,"Library,Cafeteria,CS_Building,Library,Dorms,Cafeteria"
U0385_7,"Dorms,CS_Building,Student_Center,Library,Dorms,Math_Building,Student_Center,Dorms,Cafeteria,Math_Building,Library"
U0385_8,"Dorms,CS_Building,Library,Dorms,CS_Building,Library,Gym"
U0385_9,"Dorms,Library,Cafeteria,Library"
U0386_1,"Dorms,Math_Building,Student_Center,Dorms,Cafeteria,Math_Building,Dorms,CS_Building,Cafeteria,Math_Building"
U0386_2,"Dorms,Library,Cafeteria,CS_Building,Library,Cafeteria,CS_Building,Dorms,Cafeteria,CS_Building,Library,Cafeteria"
U0386_3,"Dorms,Cafeteria,Student_Center,Dorms,Library,Cafeteria,Math_Building"
U0386_4,"Dorms,Math_Building,Library,Student_Center,Dorms,Cafeteria,Math_Building,Cafeteria,Student_Center,Library,Gym,Dorms,CS_Building,Student_Center"
U0386_5,"Dorms,Cafeteria,Library"
U0386_6,"Dorms,Math_Building,Dorms,Math_Building,Library,Cafeteria"
U0386_7,"Cafeteria,Student_Center,Dorms,Cafeteria,CS_Building,Library,Cafeteria"
U0386_8,"Dorms,Cafeteria,Student_Center,Library,Gym,Dorms,Math_Building,Dorms"
U0386_9,"Dorms,Cafeteria,Library,Cafeteria,CS_Building,Library"
U0387_1,"Dorms,CS_Building,Library,Gym,Dorms,Cafeteria,Math_Building"
U0387_10,"Dorms,Cafeteria,Library"
U0387_11,"Dorms,Library,Dorms,Math_Building,Student_Center"
U0387_12,"CS_Building,Library,Cafeteria,CS_Building,Student_Center,Gym,Dorms"
U0387_2,"Dorms,Cafeteria,CS_Building,Dorms,Math_Building,Library,Dorms,Cafeteria"
U0387_3,"Dorms,Cafeteria,CS_Building"
U0387_4,"Dorms,Cafeteria,Math_Building,Dorms,Library,Student_Center"
U0387_5,"Dorms,Cafeteria,Library,Cafeteria"
U0387_6,"Cafeteria,Library,Dorms,Cafeteria,CS_Building,Library,Student_Center"
U0387_7,"Math_Building,Library,Cafeteria,CS_Building,Dorms,Library"
U0387_8,"Dorms,CS_Building,Cafeteria,CS_Building,Dorms,CS_Building,Library,Dorms,CS_Building,Library,Dorms,Math_Building,Cafeteria,Math_Building,Student_Center"
U0387_9,"Dorms,Cafeteria,CS_Building,Dorms"
U0388_1,"Dorms,Cafeteria,Student_Center,Library,Dorms,CS_Building"
U0388_10,"Dorms,Library,Cafeteria,Math_Building,Dorms"
U0388_11,"Dorms,Cafeteria,CS_Building"
U0388_12,"Dorms,Math_Building,Student_Center,Gym"
U0388_13,"Dorms,CS_Building,Cafeteria,CS_Building,Library,Dorms,Math_Building,Library"
U0388_14,"Dorms,CS_Building,Student_Center"
U0388_2,"Dorms,Cafeteria,Library,Gym,Cafeteria,Student_Center,Library,Gym,Dorms,Library,Gym"
U0388_3,"Dorms,Cafeteria,Library,Cafeteria,Math_Building,Student_Center,Dorms,Cafeteria,Student_Center,Gym,Dorms"
U0388_4,"Gym,Cafeteria,CS_Building,Student_Center"
U0388_5,"Dorms,Library,Dorms,Library"
U0388_6,"Dorms,Cafeteria,CS_Building,Student_Center,Library,Dorms,Cafeteria"
U0388_7,"Dorms,Math_Building,Dorms"
U0388_8,"Dorms,Library,Dorms"
U0388_9,"Dorms,Cafeteria,CS_Building,Student_Center,Gym,Cafeteria,CS_Building,Student_Center"
U0389_1,"Student_Center,Library,Dorms,CS_Building,Cafeteria,CS_Building,Cafeteria"
U0389_10,"CS_Building,Student_Center,Library"
U0389_11,"Dorms,Math_Building,Dorms,Cafeteria,CS_Building,Student_Center,Gym,Cafeteria"
U0389_12,"Dorms,Cafeteria,Library,Dorms,CS_Building,Student_Center,Dorms,Math_Building"
U0389_13,"Cafeteria,Math_Building,Cafeteria,Math_Building,Library,Cafeteria,CS_Building"
U0389_14,"Dorms,Cafeteria,CS_Building,Student_Center,Dorms,Cafeteria,Math_Building,Student_Center"
U0389_2,"Dorms,CS_Building,Student_Center,Dorms,Cafeteria,CS_Building,Library"
U0389_3,"Math_Building,Dorms,Cafeteria,CS_Building,Cafeteria,CS_Building"
U0389_4,"CS_Building,Library,Gym,Dorms,Cafeteria,CS_Building,Student_Center,Dorms,Math_Building,Library,Dorms"
U0389_5,"Dorms,Cafeteria,CS_Building"
U0389_6,"Gym,Dorms,Library"
U0389_7,"Gym,Dorms,Cafeteria,CS_Building,Library,Dorms,Cafeteria,CS_Building,Library"
U0389_8,"Dorms,Cafeteria,CS_Building,Student_Center,Dorms,Cafeteria"
U0389_9,"Dorms,Cafeteria,Library"
U0390_1,"Math_Building,Cafeteria,Math_Building,Student_Center,Library,Dorms,Cafeteria,CS_Building,Dorms,Cafeteria,CS_Building,Student_Center,Library,Dorms"
U0390_2,"Dorms,CS_Building,Cafeteria,Math_Building,Dorms,Library,Gym"
U0390_3,"Student_Center,Dorms,Cafeteria,Library"
U0390_4,"Dorms,CS_Building,Student_Center"
U0390_5,"Dorms,Math_Building,Cafeteria,CS_Building,Student_Center,Gym"
U0390_6,"Dorms,CS_Building,Student_Center,Dorms,Library,Dorms,Cafeteria"
U0390_7,"Dorms,CS_Building,Library,Gym,Dorms,CS_Building,Student_Center"
U0390_8,"Dorms,Math_Building,Cafeteria,Library,Dorms,Library,Dorms,CS_Building"
U0390_9,"Dorms,Cafeteria,CS_Building,Dorms,Library,Gym,Dorms,Dorms,Cafeteria,Math_Building"
U0391_1,"Dorms,Cafeteria,Math_Building,Student_Center,Library"
U0391_10,"Dorms,Cafeteria,Math_Building,Student_Center,Library,Gym,Dorms"
U0391_11,"Dorms,Math_Building,Dorms,Cafeteria,Student_Center,Library,Gym,Dorms,Cafeteria,Student_Center,Dorms,Cafeteria,CS_Building,Library,Gym,Dorms"
U0391_2,"Dorms,Math_Building,Student_Center,Library,Dorms"
U0391_3,"Dorms,Cafeteria,Math_Building,Student_Center"
U0391_4,"Dorms,CS_Building,Library,Dorms,Math_Building,Cafeteria,Library,Gym"
U0391_5,"Dorms,Cafeteria,Math_Building,Library,Dorms"
U0391_6,"Dorms,CS_Building,Student_Center,Library,Cafeteria,Library,Dorms,CS_Building,Library,Gym,Dorms,Cafeteria"
U0391_7,"Dorms,Math_Building,Student_Center"
U0391_8,"Dorms,Library,Gym,Dorms,CS_Building,Library,Cafeteria,CS_Building"
U0391_9,"Cafeteria,Library,Cafeteria,Library,Dorms"
U0392_1,"Dorms,CS_Building,Student_Center,Dorms,Cafeteria,Student_Center,Gym,Dorms"
U0392_10,"CS_Building,Library,Student_Center"
U0392_11,"Library,Gym,Cafeteria,CS_Building"
U0392_12,"Dorms,Cafeteria,Library,Dorms,Cafeteria"
U0392_13,"Dorms,Cafeteria,Library,Dorms"
U0392_14,"Dorms,Cafeteria,CS_Building"
U0392_15,"Dorms,Library,Gym,Cafeteria"
U0392_16,"Dorms,Cafeteria,CS_Building,Student_Center"
U0392_2,"Dorms,Cafeteria,CS_Building,Cafeteria,Library,Dorms,Math_Building,Library"
U0392_3,"Dorms,Math_Building,Library,Dorms,CS_Building"
U0392_4,"Dorms,Cafeteria,Math_Building,Student_Center,Dorms,Cafeteria,Math_Building"
U0392_5,"Dorms,Math_Building,Dorms,Cafeteria"
U0392_6,"Dorms,CS_Building,Library,Dorms,CS_Building,Library,Dorms,Cafeteria"
U0392_7,"Dorms,Cafeteria,Math_Building,Library,Cafeteria,CS_Building,Cafeteria"
U0392_8,"Dorms,Cafeteria,Math_Building,Cafeteria,Math_Building,Library,Cafeteria,CS_Building"
U0392_9,"Dorms,Cafeteria,CS_Building,Student_Center,Dorms"
U0393_1,"Dorms,CS_Building,Student_Center,Dorms,Cafeteria,CS_Building,Cafeteria,CS_Building"
U0393_10,"Dorms,Library,Cafeteria,Library,Dorms,Cafeteria,CS_Building"
U0393_11,"CS_Building,Cafeteria,Math_Building,Library,Dorms,Cafeteria,CS_Building,Dorms"
U0393_2,"Dorms,Math_Building,Library"
U0393_3,"Dorms,Math_Building,Student_Center,Student_Center,Dorms,Cafeteria,Math_Building,Library,Gym,Dorms"
U0393_4,"Dorms,Cafeteria,Library,Dorms,Cafeteria,Math_Building,Student_Center"
U0393_5,"Dorms,Cafeteria,Math_Building,Student_Center,Dorms,Cafeteria"
U0393_6,"Dorms,Cafeteria,Library,Dorms,Library,Dorms,Cafeteria,Library"
U0393_7,"Dorms,CS_Building,Student_Center,Library,Gym,Dorms,Library,Student_Center"
U0393_8,"Dorms,Cafeteria,CS_Building,Library,Cafeteria"
U0393_9,"Math_Building,Library,Dorms,Cafeteria,Math_Building,Library,Gym,Dorms"
U0394_1,"Dorms,Cafeteria,Student_Center,Dorms,Cafeteria,CS_Building"
U0394_10,"Dorms,CS_Building,Cafeteria,Student_Center,Library,Cafeteria,CS_Building"
U0394_11,"Dorms,Cafeteria,Library"
U0394_12,"Gym,Dorms,CS_Building,Cafeteria"
U0394_13,"Dorms,Math_Building,Student_Center,Library,Gym"
U0394_2,"Dorms,CS_Building,Library,Dorms"
U0394_3,"CS_Building,Student_Center,Gym"
U0394_4,"Library,Cafeteria,Math_Building,Library,Cafeteria,CS_Building,Cafeteria"
U0394_5,"Dorms,Cafeteria,CS_Building,Cafeteria,Math_Building,Library,Gym"
U0394_6,"Dorms,CS_Building,Library"
U0394_7,"Dorms,Library,Cafeteria,CS_Building,Library"
U0394_8,"Dorms,CS_Building,Library,Cafeteria,Student_Center,Gym,Cafeteria,Library,Dorms,Cafeteria,Math_Building"
U0394_9,"Dorms,Cafeteria,Math_Building,Dorms,Cafeteria"
U0395_1,"Dorms,Library,Dorms"
U0395_10,"Student_Center,Library,Student_Center,Gym,Dorms,Dorms,Cafeteria,Math_Building,Cafeteria,CS_Building,Cafeteria,Math_Building,Cafeteria"
U0395_11,"Dorms,Cafeteria,Math_Building,Dorms,Math_Building"
U0395_12,"Dorms,Cafeteria,CS_Building,Cafeteria,CS_Building,Dorms,CS_Building,Student_Center,Library,Student_Center,Gym,Cafeteria,Math_Building,Library,Student_Center,Dorms,CS_Building"
U0395_2,"Dorms,Math_Building,Library,Cafeteria,CS_Building,Library"
U0395_3,"Dorms,CS_Building,Student_Center,Dorms,Library,Dorms,Math_Building"
U0395_4,"Math_Building,Dorms,Cafeteria,Math_Building,Cafeteria,Student_Center,Dorms,Cafeteria"
U0395_5,"Dorms,Cafeteria,CS_Building,Student_Center,Dorms,Cafeteria,CS_Building,Library"
U0395_6,"Dorms,Cafeteria,Library,Student_Center,Dorms"
U0395_7,"Dorms,Library,Dorms,Library,Dorms"
U0395_8,"Dorms,CS_Building,Library,Gym,Library,Cafeteria,CS_Building,Cafeteria,Library"
U0395_9,"Cafeteria,Math_Building,Library,Dorms,Math_Building"
U0396_1,"Dorms,CS_Building,Library"
U0396_10,"Dorms,Cafeteria,Library,Cafeteria,Library,Dorms,Cafeteria"
U0396_11,"Dorms,Cafeteria,Student_Center,Dorms,Cafeteria"
U0396_12,"Dorms,CS_Building,Student_Center,Dorms"
U0396_2,"Dorms,Library,Dorms,Cafeteria,Math_Building,Student_Center,Gym,Dorms"
U0396_3,"Dorms,CS_Building,Cafeteria,Math_Building"
U0396_4,"Cafeteria,CS_Building,Library,Cafeteria,Library,Cafeteria,Math_Building"
U0396_5,"Dorms,Cafeteria,Library,Gym"
U0396_6,"Gym,Cafeteria,Math_Building,Cafeteria"
U0396_7,"Math_Building,Dorms,Cafeteria,CS_Building,Library,Gym,Cafeteria"
U0396_8,"Library,Cafeteria,Library,Dorms"
U0396_9,"Dorms,Cafeteria,CS_Building,Dorms,Library,Dorms"
U0397_1,"Dorms,Cafeteria,Math_Building"
U0397_10,"Student_Center,Dorms,Math_Building,Library,Cafeteria"
U0397_11,"Dorms,CS_Building,Student_Center,Gym,Dorms,Library,Dorms,Cafeteria,Math_Building"
U0397_12,"Dorms,CS_Building,Student_Center,Gym,Dorms,Math_Building,Library"
U0397_13,"Dorms,CS_Building,Student_Center,Dorms,CS_Building,Student_Center"
U0397_2,"Dorms,CS_Building,Dorms"
U0397_3,"Math_Building,Student_Center,Dorms,Cafeteria,CS_Building,Library,Gym"
U0397_4,"Dorms,CS_Building,Student_Center,Library,Dorms"
U0397_5,"Dorms,Math_Building,Library,Gym,Dorms,Cafeteria,CS_Building,Cafeteria"
U0397_6,"Dorms,Math_Building,Library,Cafeteria,CS_Building,Student_Center"
U0397_7,"Dorms,Math_Building,Cafeteria,Student_Center,Dorms,Cafeteria,CS_Building"
U0397_8,"Dorms,Cafeteria,Math_Building,Library,Cafeteria"
U0397_9,"Dorms,Cafeteria,Library,Gym,Dorms,Math_Building,Student_Center"
U0398_1,"Dorms,Math_Building,Library,Gym,Dorms"
U0398_10,"Math_Building,Library,Dorms,Math_Building,Dorms,Cafeteria,Math_Building"
U0398_11,"Student_Center,Dorms,Cafeteria"
U0398_2,"Dorms,Math_Building,Dorms,Math_Building,Library,Cafeteria,Math_Building"
U0398_3,"Dorms,Library,Dorms"
U0398_4,"Dorms,CS_Building,Cafeteria,CS_Building,Dorms,CS_Building,Cafeteria,Math_Building,Dorms,Cafeteria,Library,Dorms,Dorms,Cafeteria,Library,Cafeteria,CS_Building,Library,Cafeteria"
U0398_5,"Gym,Dorms,Cafeteria,CS_Building,Dorms,CS_Building,Library,Dorms,Cafeteria,Library"
U0398_6,"Dorms,Math_Building,Library,Gym,Dorms,Cafeteria,Math_Building"
U0398_7,"Dorms,Cafeteria,Math_Building,Library,Student_Center,Gym"
U0398_8,"Cafeteria,Library,Dorms"
U0398_9,"Dorms,CS_Building,Student_Center,Dorms,Library,Gym,Dorms"
U0399_1,"Dorms,CS_Building,Cafeteria,Library,Dorms,Cafeteria,Math_Building"
U0399_2,"Dorms,CS_Building,Student_Center,Gym,Cafeteria,Library"
U0399_3,"Dorms,Cafeteria,Library,Dorms,Cafeteria,Math_Building,Student_Center,Dorms"
U0399_4,"Dorms,Cafeteria,Student_Center,Dorms,Cafeteria"
U0399_5,"Student_Center,Gym,Dorms,Dorms,Math_Building,Cafeteria,CS_Building,Student_Center"
U0399_6,"Dorms,Cafeteria,CS_Building"
U0399_7,"Dorms,Library,Dorms,Cafeteria,Math_Building"
U0399_8,"Dorms,Cafeteria,CS_Building,Library,Cafeteria,Dorms,Cafeteria,Math_Building,Student_Center,Library,Student_Center,Dorms,Cafeteria"
U0400_1,"Dorms,CS_Building,Cafeteria,Library,Dorms"
U0400_10,"Cafeteria,CS_Building,Student_Center,Dorms,Cafeteria,Library,Cafeteria"
U0400_11,"Dorms,Cafeteria,Math_Building,Library,Gym,Dorms,Math_Building,Cafeteria"
U0400_12,"Dorms,Math_Building,Library,Cafeteria,CS_Building,Library,Student_Center,Dorms"
U0400_13,"Dorms,CS_Building,Library,Student_Center,Gym,Cafeteria,Math_Building,Dorms,Cafeteria,Math_Building,Student_Center,Gym"
U0400_14,"Cafeteria,CS_Building,Student_Center,Gym,Dorms,Cafeteria"
U0400_2,"Gym,Dorms,Cafeteria,CS_Building,Student_Center,Gym,Dorms,Cafeteria"
U0400_3,"Dorms,Cafeteria,Math_Building"
U0400_4,"Dorms,Cafeteria,Math_Building,Cafeteria,CS_Building,Cafeteria"
U0400_5,"Dorms,CS_Building,Library,Gym,Cafeteria,CS_Building,Dorms,Math_Building,Student_Center,Library,Cafeteria,Student_Center,Gym"
U0400_6,"Math_Building,Student_Center,Gym,Dorms,Cafeteria,CS_Building"
U0400_7,"Dorms,Math_Building,Student_Center,Library,Cafeteria,Library,Gym"
U0400_8,"Dorms,Library,Cafeteria,Library,Dorms,Cafeteria,CS_Building,Library"
U0400_9,"CS_Building,Cafeteria,Math_Building,Library,Student_Center,Dorms,CS_Building"
U0401_1,"Math_Building,Student_Center,Dorms,Cafeteria,CS_Building,Student_Center,Dorms,Cafeteria,Dorms,CS_Building,Library,Gym,Dorms,Cafeteria"
U0401_10,"Dorms,Library,Dorms"
U0401_11,"Dorms,Cafeteria,CS_Building"
U0401_12,"Dorms,Cafeteria,CS_Building,Library,Dorms,Cafeteria"
U0401_2,"Dorms,Cafeteria,Library,Gym,Dorms,Cafeteria,CS_Building"
U0401_3,"Dorms,Math_Building,Student_Center,Dorms"
U0401_4,"Dorms,Cafeteria,CS_Building,Library,Gym,Dorms,Cafeteria"
U0401_5,"Student_Center,Library,Dorms,Cafeteria,Math_Building,Student_Center,Dorms"
U0401_6,"Dorms,Cafeteria,Library"
U0401_7,"Math_Building,Dorms,CS_Building"
U0401_8,"Math_Building,Dorms,Math_Building,Dorms"
U0401_9,"Cafeteria,Math_Building,Student_Center"
U0402_1,"Dorms,CS_Building,Student_Center,Dorms,Math_Building,Library,Student_Center"
U0402_10,"Dorms,Library,Dorms"
U0402_11,"Dorms,Cafeteria,Library"
U0402_12,"Dorms,Cafeteria,CS_Building,Library,Gym,Cafeteria,Math_Building,Cafeteria"
U0402_13,"Dorms,CS_Building,Cafeteria,Math_Building"
U0402_14,"Dorms,Math_Building,Library,Cafeteria,Math_Building"
U0402_15,"Dorms,CS_Building,Student_Center,Dorms"
U0402_2,"Dorms,Cafeteria,CS_Building"
U0402_3,"Cafeteria,CS_Building,Library,Dorms,Cafeteria,Math_Building,Dorms"
U0402_4,"Dorms,Cafeteria,CS_Building,Library,Gym,Dorms"
U0402_5,"Cafeteria,CS_Building,Library,Dorms,Cafeteria,Student_Center,Gym,Cafeteria"
U0402_6,"Dorms,Cafeteria,CS_Building,Dorms,Cafeteria,Library,Student_Center,Gym"
U0402_7,"Cafeteria,CS_Building,Library,Dorms,Library"
U0402_8,"Dorms,Cafeteria,CS_Building"
U0402_9,"Gym,Dorms,Cafeteria,CS_Building"
U0403_1,"Dorms,Math_Building,Library,Gym,Dorms,Math_Building,Dorms,Cafeteria,Dorms,Math_Building,Student_Center,Dorms,Cafeteria,CS_Building,Dorms,Cafeteria,CS_Building,Library,Dorms,Library,Student_Center,Dorms"
U0403_10,"Dorms,CS_Building,Library,Cafeteria,Math_Building,Library,Dorms,Cafeteria"
U0403_11,"Library,Gym,Cafeteria"
U0403_12,"Cafeteria,Math_Building,Dorms,Cafeteria,Math_Building,Student_Center"
U0403_2,"CS_Building,Dorms,Library,Gym,Dorms,Cafeteria"
U0403_3,"Dorms,Cafeteria,CS_Building,Dorms,Cafeteria,Cafeteria,Library,Dorms,Cafeteria,CS_Building,Student_Center,Gym"
U0403_4,"Dorms,Cafeteria,CS_Building,Library,Cafeteria,Library"
U0403_5,"Dorms,CS_Building,Student_Center,Dorms,CS_Building,Student_Center,Dorms,CS_Building,Dorms,CS_Building,Dorms,Math_Building,Student_Center,Gym,Cafeteria"
U0403_6,"Dorms,Math_Building,Student_Center"
U0403_7,"Cafeteria,CS_Building,Dorms,CS_Building"
U0403_8,"Dorms,Cafeteria,CS_Building,Library"
U0403_9,"Library,Dorms,Cafeteria,CS_Building,Library,Dorms,Cafeteria,CS_Building"
U0404_1,"Library,Cafeteria,Library,Student_Center,Dorms,Math_Building,Library,Cafeteria"
U0404_10,"Library,Cafeteria,Math_Building,Student_Center,Library,Cafeteria,Student_Center"
U0404_11,"Library,Student_Center,Dorms,CS_Building,Cafeteria,Library,Cafeteria,Student_Center"
U0404_2,"Dorms,Cafeteria,Math_Building,Library,Dorms,Cafeteria"
U0404_3,"Library,Gym,Dorms,Cafeteria,Dorms,Math_Building,Student_Center"
U0404_4,"Dorms,Cafeteria,Math_Building,Cafeteria,Dorms,Library,Cafeteria,Math_Building,Library,Dorms"
U0404_5,"Dorms,Cafeteria,Student_Center,Library"
U0404_6,"Dorms,Cafeteria,CS_Building,Library,Dorms,Cafeteria,Library"
U0404_7,"Dorms,CS_Building,Library,Dorms,Cafeteria,CS_Building,Student_Center"
U0404_8,"Dorms,Library,Dorms"
U0404_9,"Math_Building,Library,Cafeteria,CS_Building,Student_Center"
U0405_1,"Dorms,Cafeteria,Math_Building,Student_Center,Gym,Dorms"
U0405_10,"Dorms,Cafeteria,Library,Gym"
U0405_11,"Dorms,Library,Gym,Cafeteria,Math_Building,Student_Center"
U0405_2,"Dorms,Cafeteria,CS_Building,Library,Cafeteria,Math_Building"
U0405_3,"Dorms,Cafeteria,Math_Building"
U0405_4,"CS_Building,Library,Gym,Dorms,Cafeteria,CS_Building,Student_Center,Gym"
U0405_5,"Dorms,Cafeteria,Library,Cafeteria,Math_Building,Library"
U0405_6,"Dorms,Math_Building,Student_Center"
U0405_7,"Dorms,CS_Building,Library"
U0405_8,"Dorms,Cafeteria,Math_Building,Library"
U0405_9,"Dorms,CS_Building,Student_Center,Student_Center,Dorms,CS_Building,Library,Dorms,CS_Building,Library"
U0406_1,"Dorms,Cafeteria,Student_Center,Library,Dorms"
U0406_10,"Dorms,Cafeteria,CS_Building,Library,Student_Center,Library,Student_Center"
U0406_11,"Dorms,Library,Cafeteria,CS_Building,Student_Center,Gym"
U0406_12,"CS_Building,Student_Center,Dorms,Cafeteria,CS_Building,Library,Dorms,Cafeteria,Library"
U0406_2,"Library,Student_Center,Dorms,Math_Building,Student_Center,Library"
U0406_3,"Dorms,Math_Building,Cafeteria,CS_Building,Student_Center,Library"
U0406_4,"Dorms,Cafeteria,CS_Building,Student_Center,Gym,Dorms,Math_Building,Library,Dorms,CS_Building,Cafeteria"
U0406_5,"Dorms,Cafeteria,CS_Building,Student_Center,Library,Dorms,Cafeteria"
U0406_6,"Library,Cafeteria,Math_Building,Student_Center"
U0406_7,"Dorms,Cafeteria,Student_Center,Library,Dorms,Cafeteria"
U0406_8,"Dorms,CS_Building,Student_Center,Gym,Dorms,Math_Building,Library,Dorms"
U0406_9,"Dorms,CS_Building,Student_Center,Gym,Dorms,Cafeteria,CS_Building,Library,Cafeteria,CS_Building,Library"
U0407_1,"Dorms,Cafeteria,CS_Building,Library"
U0407_10,"Dorms,Library,Cafeteria,CS_Building,Dorms,Cafeteria"
U0407_11,"CS_Building,Library,Student_Center,Gym,Cafeteria,Dorms,Cafeteria,Math_Building"
U0407_2,"Dorms,Cafeteria,Student_Center,Library,Dorms,Cafeteria,CS_Building,Library,Cafeteria,CS_Building,Cafeteria,Library"
U0407_3,"Dorms,CS_Building,Library,Cafeteria,CS_Building,Student_Center,Dorms,CS_Building"
U0407_4,"Student_Center,Gym,Dorms,Cafeteria,CS_Building"
U0407_5,"Dorms,Math_Building,Dorms,CS_Building,Student_Center,Dorms"
U0407_6,"Dorms,Math_Building,Student_Center,Dorms"
U0407_7,"Dorms,Cafeteria,Library"
U0407_8,"Cafeteria,Math_Building,Cafeteria,Math_Building,Library"
U0407_9,"Dorms,Library,Dorms,CS_Building,Student_Center"
U0408_1,"Dorms,Math_Building,Library,Student_Center,Dorms,Math_Building,Student_Center,Library,Student_Center,Dorms,Cafeteria,Math_Building,Student_Center,Gym,Dorms"
U0408_10,"Dorms,Cafeteria,CS_Building,Student_Center,Dorms,Cafeteria,Library,Dorms"
U0408_11,"Dorms,CS_Building,Cafeteria,CS_Building,Dorms,Cafeteria,Library,Dorms"
U0408_12,"Dorms,Cafeteria,Math_Building,Library,Gym"
U0408_2,"Dorms,Library,Gym,Dorms,Math_Building"
U0408_3,"Dorms,Library,Gym,Dorms,Cafeteria"
U0408_4,"Dorms,CS_Building,Library,Cafeteria,CS_Building,Student_Center"
U0408_5,"Gym,Dorms,Math_Building,Library,Student_Center,Library,Cafeteria"
U0408_6,"Student_Center,Dorms,Cafeteria,Library"
U0408_7,"Library,Gym,Dorms,Cafeteria,CS_Building"
U0408_8,"Dorms,CS_Building,Library,Student_Center,Library"
U0408_9,"Dorms,CS_Building,Library,Gym,Dorms"
U0409_1,"Dorms,Cafeteria,CS_Building,Student_Center,Library,Cafeteria,Library"
U0409_2,"Dorms,Cafeteria,CS_Building,Dorms,Math_Building,Cafeteria,CS_Building,Student_Center"
U0409_3,"Dorms,Cafeteria,CS_Building,Cafeteria,CS_Building,Student_Center,Dorms,CS_Building,Dorms,Cafeteria,Math_Building,Dorms"
U0409_4,"Dorms,Cafeteria,CS_Building"
U0409_5,"Dorms,Cafeteria,Library,Dorms,CS_Building,Student_Center,Dorms,CS_Building"
U0409_6,"Gym,Cafeteria,CS_Building,Library,Student_Center"
U0409_7,"Dorms,Library,Dorms,Library,Dorms,Cafeteria,Library,Gym,Dorms,CS_Building"
U0409_8,"Dorms,Cafeteria,Math_Building,Library,Cafeteria"
U0409_9,"Student_Center,Gym,Dorms,Library,Cafeteria,CS_Building,Library,Cafeteria"
U0410_1,"Dorms,Cafeteria,Math_Building,Library"
U0410_2,"Dorms,Library,Gym,Cafeteria,Library,Dorms"
U0410_3,"Dorms,Math_Building,Library,Gym,Dorms,Cafeteria,Math_Building,Cafeteria"
U0410_4,"Dorms,Cafeteria,Math_Building,Student_Center,Dorms,Math_Building,Cafeteria,CS_Building,Library,Dorms,Cafeteria"
U0410_5,"Dorms,CS_Building,Library,Dorms,Cafeteria,CS_Building,Cafeteria"
U0410_6,"Dorms,Math_Building,Cafeteria,Library,Cafeteria,CS_Building,Student_Center"
U0410_7,"Gym,Dorms,Cafeteria"
U0410_8,"Dorms,Cafeteria,Math_Building,Cafeteria,Math_Building,Student_Center,Dorms,Cafeteria,Dorms,Cafeteria,Math_Building,Cafeteria,CS_Building"
U0410_9,"Student_Center,Gym,Dorms,CS_Building,Student_Center,Dorms,Cafeteria"
U0411_1,"Dorms,Cafeteria,Library,Cafeteria,Student_Center,Gym,Dorms"
U0411_10,"Math_Building,Cafeteria,CS_Building,Cafeteria,CS_Building,Student_Center"
U0411_11,"Dorms,Cafeteria,CS_Building,Student_Center"
U0411_12,"Dorms,CS_Building,Student_Center,Library,Dorms,Cafeteria,CS_Building"
U0411_13,"Dorms,CS_Building,Cafeteria,CS_Building,Student_Center,Dorms"
U0411_14,"CS_Building,Student_Center,Dorms,CS_Building,Dorms,Cafeteria,Math_Building,Dorms"
U0411_15,"Dorms,Cafeteria,CS_Building,Student_Center,Library,Dorms,CS_Building,Cafeteria"
U0411_16,"Dorms,Library,Cafeteria"
U0411_2,"Dorms,Cafeteria,Math_Building,Dorms,Cafeteria,CS_Building,Library"
U0411_3,"Dorms,Cafeteria,Math_Building,Cafeteria,CS_Building,Cafeteria,CS_Building"
U0411_4,"Dorms,Cafeteria,Library,Gym,Dorms"
U0411_5,"Dorms,Math_Building,Cafeteria"
U0411_6,"Dorms,CS_Building,Cafeteria,CS_Building,Library,Cafeteria,Math_Building,Library"
U0411_7,"Dorms,Math_Building,Student_Center,Dorms,Dorms,Cafeteria,Math_Building"
U0411_8,"Math_Building,Dorms,Cafeteria"
U0411_9,"Dorms,Cafeteria,Student_Center,Gym,Dorms,Math_Building,Cafeteria"
U0412_1,"Math_Building,Dorms,Math_Building,Cafeteria,CS_Building"
U0412_10,"Dorms,CS_Building,Library,Dorms,Library,Cafeteria,CS_Building,Student_Center"
U0412_11,"CS_Building,Library,Gym,Dorms,Math_Building"
U0412_12,"Student_Center,Dorms,Math_Building,Dorms,Library,Cafeteria,Math_Building"
U0412_2,"Cafeteria,Math_Building,Cafeteria,Student_Center,Dorms,CS_Building,Cafeteria"
U0412_3,"Library,Cafeteria,CS_Building,Student_Center,Dorms,Cafeteria"
U0412_4,"Dorms,Cafeteria,CS_Building,Library,Gym,Dorms,Math_Building"
U0412_5,"Dorms,CS_Building,Library,Gym,Dorms,Cafeteria,Math_Building"
U0412_6,"Dorms,Cafeteria,Math_Building,Student_Center,Library,Student_Center,Dorms,Cafeteria"
U0412_7,"Dorms,CS_Building,Student_Center,Gym,Cafeteria,Math_Building,Library,Dorms"
U0412_8,"Math_Building,Student_Center,Dorms,Cafeteria,Math_Building"
U0412_9,"Library,Student_Center,Gym,Dorms,Cafeteria,CS_Building,Cafeteria"
U0413_1,"Dorms,Cafeteria,CS_Building,Library,Gym"
U0413_10,"Dorms,Cafeteria,Math_Building,Student_Center,Gym,Dorms"
U0413_11,"Dorms,Cafeteria,Math_Building,Dorms,Cafeteria"
U0413_12,"Dorms,Cafeteria,Student_Center,Library,Dorms"
U0413_2,"Dorms,CS_Building,Student_Center,Dorms,Library"
U0413_3,"Dorms,Library,Student_Center,Gym,Dorms,Cafeteria,CS_Building,Student_Center,Dorms,Math_Building,Cafeteria,CS_Building,Library,Cafeteria,Math_Building,Library"
U0413_4,"Dorms,CS_Building,Library,Dorms,CS_Building"
U0413_5,"Dorms,Library,Cafeteria,Math_Building"
U0413_6,"Library,Dorms,Cafeteria,Math_Building"
U0413_7,"Dorms,Cafeteria,Math_Building,Student_Center,Library"
U0413_8,"Math_Building,Cafeteria,Math_Building,Library,Cafeteria,CS_Building"
U0413_9,"Library,Dorms,CS_Building,Library,Gym,Dorms"
U0414_1,"Dorms,Cafeteria,Math_Building,Library,Dorms"
U0414_10,"Dorms,Cafeteria,CS_Building,Library,Cafeteria,Student_Center"
U0414_11,"Dorms,CS_Building,Student_Center,Library,Dorms"
U0414_12,"Dorms,Cafeteria,Student_Center,Dorms,Cafeteria,Dorms,Cafeteria,Math_Building,Dorms,Math_Building"
U0414_13,"CS_Building,Library,Cafeteria,Library"
U0414_14,"Dorms,CS_Building,Cafeteria,Student_Center"
U0414_15,"Dorms,Cafeteria,Math_Building,Dorms,Cafeteria,Math_Building,Cafeteria"
U0414_16,"Dorms,CS_Building,Library,Gym,Dorms,Math_Building,Library,Cafeteria"
U0414_17,"Dorms,Cafeteria,CS_Building,Library"
U0414_2,"Student_Center,Library,Student_Center,Dorms"
U0414_3,"Dorms,Math_Building,Library"
U0414_4,"Dorms,Cafeteria,CS_Building,Dorms,Cafeteria,Library,Gym,Dorms"
U0414_5,"Dorms,Cafeteria,CS_Building,Cafeteria,CS_Building,Library"
U0414_6,"Dorms,Cafeteria,Math_Building,Student_Center,Library,Student_Center"
U0414_7,"Dorms,Cafeteria,CS_Building"
U0414_8,"Student_Center,Library,Student_Center,Dorms,Cafeteria,CS_Building,Student_Center,Library,Cafeteria"
U0414_9,"Dorms,Math_Building,Cafeteria,Math_Building"
U0415_1,"Dorms,Cafeteria,Math_Building,Cafeteria,Math_Building,Dorms"
U0415_10,"Dorms,Cafeteria,Student_Center,Dorms,CS_Building,Library,Dorms,Cafeteria"
U0415_11,"Dorms,Cafeteria,CS_Building,Cafeteria,CS_Building,Cafeteria"
U0415_2,"Dorms,Cafeteria,CS_Building"
U0415_3,"Dorms,Library,Dorms,Cafeteria,CS_Building,Cafeteria,Dorms,Math_Building,Library,Dorms,CS_Building"
U0415_4,"Gym,Dorms,Cafeteria,Student_Center,Dorms,Cafeteria,Math_Building,Library,Cafeteria,Library,Dorms,Cafeteria,Library,Student_Center"
U0415_5,"Dorms,Math_Building,Dorms,Math_Building,Dorms,Math_Building"
U0415_6,"Library,Dorms,Library,Dorms,Math_Building"
U0415_7,"Dorms,Library,Dorms,Cafeteria,Library,Dorms,Cafeteria,CS_Building,Library,Cafeteria,Math_Building"
U0415_8,"Dorms,Cafeteria,Math_Building"
U0415_9,"Math_Building,Student_Center,Library,Dorms"
U0416_1,"Dorms,Cafeteria,CS_Building,Cafeteria,Math_Building,Dorms,Math_Building,Dorms,Cafeteria,Math_Building,Library,Cafeteria,Dorms,Math_Building,Student_Center"
U0416_10,"Dorms,CS_Building,Dorms,CS_Building,Library,Dorms,Cafeteria"
U0416_11,"Dorms,CS_Building,Library,Student_Center,Gym,Cafeteria,CS_Building"
U0416_12,"Cafeteria,Student_Center,Library,Cafeteria,Library,Gym,Dorms"
U0416_13,"Dorms,Cafeteria,Math_Building,Student_Center,Library,Cafeteria,CS_Building,Library"
U0416_2,"Math_Building,Student_Center,Library,Dorms"
U0416_3,"Dorms,Cafeteria,Library"
U0416_4,"Student_Center,Library,Dorms,Math_Building,Dorms,Cafeteria"
U0416_5,"Library,Cafeteria,CS_Building,Dorms,Cafeteria,CS_Building,Library,Dorms"
U0416_6,"Dorms,Cafeteria,Math_Building"
U0416_7,"Dorms,Cafeteria,Math_Building"
U0416_8,"CS_Building,Library,Gym,Dorms,Cafeteria"
U0416_9,"Dorms,Math_Building,Dorms,CS_Building,Student_Center,Library,Cafeteria"
U0417_1,"Math_Building,Cafeteria,CS_Building,Student_Center,Gym,Dorms,Library"
U0417_2,"Dorms,CS_Building,Dorms,Cafeteria,Math_Building,Library,Dorms,CS_Building"
U0417_3,"Dorms,Cafeteria,CS_Building,Student_Center,Dorms,Math_Building,Cafeteria,CS_Building,Dorms,Cafeteria,Math_Building,Dorms,Cafeteria,Library,Gym,Dorms,Library,Dorms"
U0417_4,"Dorms,CS_Building,Library,Student_Center,Dorms,Math_Building,Library"
U0417_5,"Dorms,Cafeteria,Student_Center"
U0417_6,"Dorms,Cafeteria,Math_Building,Dorms,Cafeteria"
U0417_7,"Dorms,Cafeteria,CS_Building,Cafeteria,CS_Building,Cafeteria,Math_Building"
U0417_8,"Dorms,Cafeteria,Library,Dorms,Cafeteria"
U0418_1,"Math_Building,Cafeteria,CS_Building,Dorms,CS_Building,Student_Center,Library,Math_Building,Dorms,Cafeteria,CS_Building,Student_Center,Library,Gym"
U0418_10,"Dorms,CS_Building,Dorms,Cafeteria,CS_Building"
U0418_11,"Dorms,CS_Building,Library,Dorms"
U0418_12,"Dorms,Math_Building,Dorms,Cafeteria,CS_Building,Library,Cafeteria,CS_Building"
U0418_2,"Dorms,Cafeteria,CS_Building,Student_Center,Gym,Cafeteria,Student_Center,Dorms"
U0418_3,"CS_Building,Library,Dorms,Cafeteria,CS_Building,Library,Dorms,Cafeteria"
U0418_4,"Dorms,Math_Building,Library"
U0418_5,"Dorms,Cafeteria,Library,Cafeteria,CS_Building"
U0418_6,"Cafeteria,Student_Center,Dorms,Cafeteria"
U0418_7,"Dorms,Cafeteria,CS_Building,Dorms,Math_Building,Student_Center"
U0418_8,"Dorms,CS_Building,Library,Gym,Dorms,CS_Building,Dorms"
U0418_9,"Cafeteria,Math_Building,Student_Center,Dorms,CS_Building,Student_Center,CS_Building,Cafeteria,Math_Building,Student_Center,Library,Dorms,Cafeteria,Math_Building"
U0419_1,"Dorms,Cafeteria,CS_Building,Student_Center,Dorms,Math_Building,Dorms"
U0419_10,"Dorms,Cafeteria,CS_Building,Library,Dorms"
U0419_11,"Math_Building,Library,Dorms,Cafeteria"
U0419_2,"Student_Center,Dorms,Cafeteria,CS_Building,Library,Dorms,CS_Building,Library,Dorms,Cafeteria,CS_Building,Student_Center"
U0419_3,"Gym,Dorms,Library,Gym,Dorms"
U0419_4,"Dorms,Cafeteria,Student_Center,Gym"
U0419_5,"Library,Student_Center,Dorms,Cafeteria,CS_Building,Library,Gym"
U0419_6,"Dorms,Math_Building,Dorms"
U0419_7,"Gym,Dorms,Math_Building,Student_Center,Gym,Dorms,CS_Building"
U0419_8,"Dorms,Math_Building,Dorms,Cafeteria,CS_Building,Student_Center,Dorms"
U0419_9,"Library,Cafeteria,Library"
U0420_1,"Math_Building,Dorms,Library,Cafeteria,Math_Building,Library,Dorms"
U0420_10,"Cafeteria,CS_Building,Dorms"
U0420_11,"Dorms,Cafeteria,CS_Building,Cafeteria,Library"
U0420_12,"Dorms,CS_Building,Dorms,Cafeteria,Library,Dorms,Cafeteria,CS_Building"
U0420_13,"Math_Building,Student_Center,Dorms,Cafeteria,CS_Building,Library,Library,Student_Center,Gym,Dorms,Math_Building,Dorms"
U0420_14,"Dorms,Cafeteria,CS_Building,Library,Dorms,CS_Building,Student_Center,Dorms,Cafeteria"
U0420_2,"Dorms,Math_Building,Cafeteria,Math_Building,Dorms,CS_Building,Library,Dorms"
U0420_3,"Dorms,CS_Building,Student_Center,Gym,Dorms,Library,Cafeteria"
U0420_4,"Dorms,Cafeteria,Math_Building,Library,Cafeteria,CS_Building"
U0420_5,"Dorms,Cafeteria,Library,Cafeteria,Math_Building,Library,Cafeteria"
U0420_6,"Dorms,Math_Building,Dorms,Cafeteria,CS_Building,Library,Dorms,Math_Building"
U0420_7,"Dorms,Cafeteria,CS_Building,Library,Gym,Dorms,Cafeteria"
U0420_8,"Dorms,Math_Building,Library,Cafeteria"
U0420_9,"Dorms,CS_Building,Cafeteria,CS_Building,Cafeteria,Library,Gym,Dorms"
U0421_1,"Dorms,CS_Building,Student_Center"
U0421_10,"Dorms,Math_Building,Library,Gym,Dorms,CS_Building,Library"
U0421_11,"Dorms,Math_Building,Student_Center,Dorms"
U0421_12,"Dorms,Math_Building,Cafeteria,CS_Building,Cafeteria,Library"
U0421_13,"Dorms,Math_Building,Dorms,Library"
U0421_14,"Dorms,Cafeteria,Student_Center,Dorms,CS_Building,Student_Center,Library,Dorms,CS_Building,Library,Dorms"
U0421_15,"Dorms,Cafeteria,CS_Building,Dorms,CS_Building,Student_Center"
U0421_2,"Dorms,CS_Building,Dorms,Library,Cafeteria,Math_Building,Student_Center"
U0421_3,"Dorms,CS_Building,Library,Gym,Dorms,Library"
U0421_4,"Dorms,Cafeteria,Math_Building,Cafeteria,Math_Building"
U0421_5,"Dorms,Cafeteria,Math_Building,Dorms"
U0421_6,"Dorms,Cafeteria,Library,Dorms"
U0421_7,"Dorms,Cafeteria,CS_Building,Library,Student_Center,Dorms,Cafeteria,Math_Building,Dorms,Math_Building,Student_Center,Gym,Dorms"
U0421_8,"Dorms,Math_Building,Library,Gym,Dorms,Library,Cafeteria,Student_Center"
U0421_9,"Dorms,CS_Building,Student_Center,Gym,Dorms,Cafeteria,Library,Cafeteria"
U0422_1,"Dorms,Cafeteria,Library,Dorms,Math_Building,Library,Gym,Dorms"
U0422_10,"Dorms,CS_Building,Library,Dorms"
U0422_11,"Dorms,Math_Building,Student_Center,Dorms,Library,Gym,Dorms,Math_Building,Dorms,Cafeteria,Library,Gym,Dorms,Cafeteria"
U0422_12,"Dorms,Library,Gym,Dorms,Cafeteria,CS_Building,Cafeteria,CS_Building,Dorms,Math_Building,Library"
U0422_13,"Gym,Dorms,CS_Building,Cafeteria,Math_Building,Library,Dorms"
U0422_2,"Dorms,Cafeteria,CS_Building"
U0422_3,"Dorms,Cafeteria,Math_Building,Library,Student_Center,Library"
U0422_4,"Dorms,CS_Building,Dorms,CS_Building,Dorms,Cafeteria,CS_Building,Library,Dorms"
U0422_5,"Dorms,Math_Building,Cafeteria,CS_Building,Cafeteria,Math_Building,Student_Center"
U0422_6,"Student_Center,Dorms,Cafeteria,Math_Building"
U0422_7,"Dorms,CS_Building,Library,Student_Center"
U0422_8,"Dorms,Library,Gym"
U0422_9,"Student_Center,Gym,Cafeteria,Math_Building,Dorms,Cafeteria,Math_Building"
U0423_1,"Dorms,Cafeteria,Math_Building,Dorms,Math_Building,Cafeteria,Library,Gym"
U0423_2,"Dorms,CS_Building,Library,Cafeteria,Math_Building,Dorms,CS_Building"
U0423_3,"Student_Center,Library,Dorms,Library,Cafeteria,Library,Dorms,Library,Dorms,Math_Building,Library,Cafeteria,CS_Building,Student_Center,Library"
U0423_4,"Dorms,CS_Building,Student_Center,Library,Cafeteria,Student_Center,Library,Dorms,CS_Building,Library,Dorms,Cafeteria"
U0423_5,"Dorms,Library,Cafeteria,CS_Building,Library,Dorms,Cafeteria"
U0423_6,"Dorms,Cafeteria,Math_Building,Student_Center,Gym,Dorms,Math_Building,Dorms,CS_Building,Student_Center,Dorms,CS_Building"
U0423_7,"Dorms,Cafeteria,Math_Building,Library,Dorms,Math_Building,Cafeteria,CS_Building"
U0423_8,"Library,Gym,Dorms,Cafeteria,Math_Building"
U0423_9,"Dorms,Math_Building,Library,Dorms,Cafeteria,Math_Building,Student_Center"
U0424_1,"Dorms,Cafeteria,CS_Building,Library,Student_Center,Student_Center,Library,Student_Center"
U0424_10,"CS_Building,Student_Center,Dorms"
U0424_11,"Dorms,Cafeteria,CS_Building,Library"
U0424_2,"Dorms,CS_Building,Library,Cafeteria,CS_Building,Cafeteria,CS_Building,Library"
U0424_3,"Student_Center,Dorms,Math_Building,Student_Center,Gym,Cafeteria,Library"
U0424_4,"Dorms,Cafeteria,Math_Building,Student_Center,Library,Cafeteria,Student_Center,Dorms"
U0424_5,"Dorms,CS_Building,Library,Cafeteria,CS_Building,Library"
U0424_6,"Dorms,Cafeteria,Math_Building,Student_Center,Library,Dorms,Cafeteria,CS_Building"
U0424_7,"Dorms,CS_Building,Library,Student_Center,Library"
U0424_8,"Dorms,Library,Dorms,Library,Cafeteria,CS_Building,Student_Center,Dorms"
U0424_9,"Dorms,Math_Building,Library,Student_Center,Library,Gym"
U0425_1,"CS_Building,Library,Gym"
U0425_10,"Dorms,CS_Building,Cafeteria,CS_Building,Library,Dorms,Cafeteria"
U0425_11,"Cafeteria,Library,Cafeteria,Math_Building,Dorms"
U0425_2,"Dorms,Cafeteria,Student_Center,Library,Student_Center"
U0425_3,"Dorms,Cafeteria,Student_Center,Dorms,Library,Dorms,CS_Building,Dorms,Math_Building,Cafeteria,Math_Building,Library,Gym,Dorms,Math_Building"
U0425_4,"Student_Center,Dorms,CS_Building,Cafeteria,Student_Center,Dorms,Library,Student_Center,Math_Building,Dorms,CS_Building,Library,Dorms,Math_Building"
U0425_5,"Dorms,CS_Building,Cafeteria,Library,Cafeteria,CS_Building"
U0425_6,"Dorms,Cafeteria,CS_Building,Student_Center,Gym,Dorms,Math_Building"
U0425_7,"Dorms,Cafeteria,Math_Building,Dorms,CS_Building,Library,Dorms,Math_Building"
U0425_8,"Dorms,Cafeteria,Math_Building,Library,Dorms,Cafeteria,CS_Building,Library"
U0425_9,"Dorms,Cafeteria,Library"
U0426_1,"Dorms,Cafeteria,Math_Building,Dorms,Gym,Dorms,Cafeteria,CS_Building,Library,Dorms,CS_Building,Dorms,Math_Building,Dorms,Cafeteria,CS_Building"
U0426_10,"Dorms,Cafeteria,Library,Cafeteria"
U0426_11,"Dorms,Math_Building,Library,Dorms,Library,Dorms,Math_Building"
U0426_12,"Math_Building,Library,Dorms,Cafeteria,CS_Building,Library,Dorms,Math_Building"
U0426_13,"Dorms,Cafeteria,CS_Building,Student_Center,Gym,Dorms,Cafeteria"
U0426_14,"Dorms,Cafeteria,Library,Dorms,Cafeteria,CS_Building,Dorms"
U0426_2,"Math_Building,Student_Center,Library,Cafeteria,Math_Building,Library"
U0426_3,"Student_Center,Dorms,Math_Building,Library,Student_Center"
U0426_4,"Dorms,Math_Building,Dorms,Cafeteria,Math_Building,Dorms"
U0426_5,"Dorms,CS_Building,Library,Dorms,Library"
U0426_6,"Dorms,Cafeteria,Student_Center,Dorms,Math_Building,Dorms"
U0426_7,"Gym,Dorms,Math_Building,Cafeteria"
U0426_8,"Dorms,Cafeteria,CS_Building,Cafeteria,Math_Building,Student_Center"
U0426_9,"Dorms,Math_Building,Cafeteria,CS_Building,Library,Cafeteria"
U0427_1,"Cafeteria,CS_Building,Cafeteria,Math_Building,Cafeteria"
U0427_10,"Dorms,Cafeteria,Math_Building"
U0427_11,"Dorms,CS_Building,Student_Center"
U0427_2,"Student_Center,Gym,Dorms"
U0427_3,"Dorms,CS_Building,Library,Dorms,Math_Building,Student_Center,Gym,Dorms,Math_Building,Dorms"
U0427_4,"Dorms,Math_Building,Cafeteria,Math_Building,Student_Center,Dorms,Math_Building,Student_Center,Dorms,Cafeteria,Math_Building,Dorms,Math_Building,Cafeteria"
U0427_5,"Dorms,Cafeteria,CS_Building,Library,Dorms,Library,Dorms,CS_Building"
U0427_6,"Cafeteria,Math_Building,Library,Dorms,Cafeteria,Library,Cafeteria"
U0427_7,"Dorms,Math_Building,Student_Center,Dorms,CS_Building,Library,Dorms"
U0427_8,"Gym,Dorms,Library,Dorms"
U0427_9,"Dorms,Math_Building,Library,Cafeteria,Student_Center"
U0428_1,"Dorms,Cafeteria,Student_Center"
U0428_10,"Cafeteria,CS_Building,Cafeteria,Library,Gym,Dorms,Cafeteria,CS_Building"
U0428_11,"Dorms,Library,Dorms,CS_Building"
U0428_12,"Dorms,CS_Building,Student_Center,Dorms,Cafeteria"
U0428_13,"Dorms,Math_Building,Student_Center,Library,Dorms"
U0428_14,"Dorms,Cafeteria,Library,Dorms,CS_Building,Library,Dorms,Cafeteria"
U0428_2,"CS_Building,Student_Center,Gym,Dorms,Cafeteria,CS_Building"
U0428_3,"Dorms,Math_Building,Dorms,CS_Building,Library,Cafeteria,Student_Center"
U0428_4,"Dorms,Cafeteria,Math_Building,Library,Dorms,CS_Building"
U0428_5,"Dorms,Cafeteria,Math_Building,Cafeteria,CS_Building,Library"
U0428_6,"Dorms,Cafeteria,CS_Building,Library,Cafeteria,Math_Building,Dorms,Cafeteria"
U0428_7,"Dorms,Library,Cafeteria,Math_Building"
U0428_8,"Dorms,Cafeteria,Library,Gym,Dorms,Cafeteria,CS_Building"
U0428_9,"Dorms,Cafeteria,Library,Dorms"
U0429_1,"Dorms,Cafeteria,Math_Building,Library,Gym,Dorms,CS_Building,Student_Center"
U0429_10,"Cafeteria,Student_Center,Library,Gym,Dorms,Cafeteria,Math_Building,Dorms"
U0429_11,"Gym,Dorms,Cafeteria,CS_Building,Cafeteria,Math_Building,Student_Center"
U0429_12,"Gym,Dorms,Cafeteria,Library"
U0429_13,"Dorms,Cafeteria,CS_Building,Library,Dorms,CS_Building,Student_Center"
U0429_2,"Dorms,CS_Building,Cafeteria,Library,Dorms,CS_Building,Library,Cafeteria"
U0429_3,"Dorms,Library,Dorms,CS_Building,Library"
U0429_4,"Dorms,Cafeteria,Library,Cafeteria,Math_Building,Dorms"
U0429_5,"Math_Building,Dorms,Cafeteria,Student_Center,Gym,Cafeteria,Student_Center,Gym"
U0429_6,"Dorms,Cafeteria,Math_Building,Dorms,Cafeteria,Math_Building,Library"
U0429_7,"Dorms,Cafeteria,CS_Building,Cafeteria,Student_Center,Library,Dorms,Cafeteria"
U0429_8,"Dorms,Math_Building,Cafeteria"
U0429_9,"Dorms,Math_Building,Dorms,Cafeteria,CS_Building,Library,Cafeteria"
U0430_1,"Dorms,Cafeteria,Math_Building,Student_Center,Dorms,Cafeteria,CS_Building,Library"
U0430_10,"Dorms,Cafeteria,Student_Center,Gym"
U0430_11,"CS_Building,Library,Cafeteria,Library,Student_Center,Dorms,Library"
U0430_12,"Library,Cafeteria,CS_Building,Cafeteria"
U0430_13,"Dorms,Math_Building,Library,Dorms,Cafeteria"
U0430_2,"Dorms,Math_Building,Student_Center,Dorms,CS_Building,Student_Center"
U0430_3,"Dorms,Cafeteria,Library,Dorms,Cafeteria,CS_Building"
U0430_4,"Student_Center,Gym,Dorms,Cafeteria,CS_Building,Dorms,Cafeteria,CS_Building,Student_Center,Dorms,CS_Building"
U0430_5,"Student_Center,Gym,Dorms,Cafeteria,Library,Gym"
U0430_6,"Dorms,Cafeteria,Library,Cafeteria,CS_Building,Library,Dorms"
U0430_7,"Dorms,Cafeteria,CS_Building,Student_Center,Library"
U0430_8,"Student_Center,Dorms,Cafeteria,Math_Building,Library,Cafeteria"
U0430_9,"Dorms,Cafeteria,Math_Building,Cafeteria,Math_Building,Library"
U0431_1,"Dorms,Cafeteria,Library"
U0431_10,"Dorms,Cafeteria,Library,Dorms,Cafeteria,Math_Building,Library"
U0431_11,"Dorms,Cafeteria,CS_Building,Student_Center,Gym,Dorms,Cafeteria"
U0431_12,"Dorms,Math_Building,Library,Cafeteria,Math_Building"
U0431_13,"Dorms,Math_Building,Student_Center,Gym,Dorms"
U0431_14,"Dorms,Cafeteria,Math_Building"
U0431_2,"Library,Cafeteria,CS_Building,Cafeteria"
U0431_3,"Dorms,Library,Student_Center,Library,Dorms,CS_Building"
U0431_4,"Dorms,Cafeteria,CS_Building,Dorms"
U0431_5,"Cafeteria,CS_Building,Student_Center,Dorms,Math_Building"
U0431_6,"Student_Center,Library,Cafeteria,Math_Building,Library,Cafeteria,Math_Building"
U0431_7,"Dorms,Library,Dorms,CS_Building,Dorms,Math_Building"
U0431_8,"Dorms,CS_Building,Dorms"
U0431_9,"Library,Gym,Dorms,Math_Building"
U0432_1,"Dorms,Cafeteria,CS_Building,Student_Center,Library"
U0432_10,"Gym,Cafeteria,Student_Center,Dorms,CS_Building,Library"
U0432_11,"Dorms,Cafeteria,Library,Dorms,Cafeteria,Math_Building,Student_Center"
U0432_12,"Dorms,Math_Building,Student_Center,Library,Dorms,Library,Gym,Dorms,Dorms,Cafeteria,Student_Center,Library"
U0432_2,"Dorms,CS_Building,Student_Center,Gym,Cafeteria,Student_Center,Gym,Dorms"
U0432_3,"CS_Building,Library,Dorms,Cafeteria"
U0432_4,"Dorms,Cafeteria,CS_Building,Library,Student_Center,Dorms"
U0432_5,"CS_Building,Library,Dorms,Cafeteria,CS_Building"
U0432_6,"Gym,Dorms,Cafeteria,Math_Building,Cafeteria,Student_Center"
U0432_7,"Gym,Dorms,Cafeteria,Math_Building,Cafeteria"
U0432_8,"Dorms,CS_Building,Library,Dorms,Cafeteria,CS_Building,Student_Center,Dorms,Cafeteria,CS_Building"
U0432_9,"Gym,Dorms,Math_Building,Student_Center,Library,Dorms,Math_Building"
U0433_1,"Dorms,Cafeteria,CS_Building,Student_Center"
U0433_10,"Math_Building,Student_Center,Library,Cafeteria"
U0433_11,"Math_Building,Library,Gym,Dorms,Cafeteria,CS_Building,Student_Center,Gym"
U0433_12,"Student_Center,Dorms,CS_Building,Student_Center,Gym,Cafeteria,Dorms,Cafeteria,CS_Building,Cafeteria,Library"
U0433_2,"Dorms,Cafeteria,CS_Building,Library,Dorms,Math_Building,Library,Cafeteria"
U0433_3,"Dorms,Math_Building,Student_Center,Dorms,Math_Building"
U0433_4,"Dorms,Library,Gym,Dorms,Cafeteria,CS_Building,Dorms"
U0433_5,"Dorms,Cafeteria,CS_Building,Student_Center"
U0433_6,"Dorms,Math_Building,Library,Dorms,Cafeteria,Student_Center,Dorms,Math_Building"
U0433_7,"Dorms,Cafeteria,Math_Building"
U0433_8,"Math_Building,Library,Dorms,CS_Building,Cafeteria,Math_Building,Library,Dorms,Math_Building,Dorms,CS_Building,Dorms,Cafeteria"
U0433_9,"Dorms,Math_Building,Library,Student_Center,Dorms,Cafeteria,CS_Building"
U0434_1,"Gym,Dorms,CS_Building,Student_Center,Dorms,Cafeteria,Library,Cafeteria,CS_Building"
U0434_10,"Dorms,Math_Building,Cafeteria,Library,Cafeteria,CS_Building"
U0434_11,"Student_Center,Dorms,Cafeteria,Library,Dorms"
U0434_2,"Cafeteria,Student_Center,Library,Gym,Cafeteria,CS_Building,Library"
U0434_3,"Dorms,Library,Dorms,Cafeteria,Library,Gym,Math_Building,Library,Student_Center,Dorms,Dorms,CS_Building,Library,Cafeteria,CS_Building,Library"
U0434_4,"Dorms,CS_Building,Library,Dorms,Cafeteria,CS_Building,Cafeteria,CS_Building"
U0434_5,"Dorms,Math_Building,Student_Center,Dorms,Math_Building,Dorms,Math_Building,Student_Center"
U0434_6,"Dorms,Math_Building,Student_Center"
U0434_7,"Cafeteria,CS_Building,Student_Center"
U0434_8,"Dorms,Cafeteria,CS_Building,Library,Dorms,CS_Building"
U0434_9,"Dorms,Math_Building,Student_Center,Library"
U0435_1,"Library,Gym,Dorms,Cafeteria,Math_Building,Student_Center,Library,Dorms,Cafeteria,Student_Center,Gym,Dorms,CS_Building,Library,Dorms"
U0435_10,"Dorms,Cafeteria,Library,Cafeteria"
U0435_11,"Dorms,CS_Building,Library,Dorms"
U0435_12,"Dorms,Math_Building,Student_Center,Library"
U0435_13,"CS_Building,Library,Dorms"
U0435_14,"Dorms,Cafeteria,Math_Building,Library,Gym,Cafeteria,Math_Building"
U0435_15,"Dorms,Math_Building,Library"
U0435_16,"Dorms,Cafeteria,Math_Building,Student_Center,Dorms,Dorms,CS_Building,Library,Gym"
U0435_2,"Dorms,CS_Building,Cafeteria"
U0435_3,"Dorms,CS_Building,Library"
U0435_4,"Dorms,Library,Dorms,Cafeteria,Student_Center,Dorms,Cafeteria"
U0435_5,"Dorms,Cafeteria,CS_Building,Student_Center,Library,Dorms,CS_Building"
U0435_6,"Math_Building,Dorms,Library"
U0435_7,"CS_Building,Library,Dorms,Cafeteria"
U0435_8,"Cafeteria,CS_Building,Student_Center,Dorms,CS_Building,Library,Gym,Cafeteria"
U0435_9,"Dorms,Cafeteria,Math_Building"
U0436_1,"Dorms,Math_Building,Library"
U0436_2,"Dorms,Cafeteria,Student_Center,Gym"
U0436_3,"Dorms,Cafeteria,Library,Gym,Cafeteria,Math_Building,Student_Center,Library"
U0436_4,"Gym,Dorms,Cafeteria,Math_Building"
U0436_5,"Dorms,CS_Building,Student_Center,Gym,Dorms,Cafeteria,Dorms,Cafeteria,Student_Center"
U0436_6,"Dorms,Cafeteria,Student_Center,Dorms,CS_Building,Library"
U0436_7,"Student_Center,Gym,Cafeteria,Math_Building,Student_Center,Library,Student_Center,Dorms,Cafeteria,Library"
U0436_8,"Math_Building,Library,Gym,Dorms"
U0436_9,"Dorms,Math_Building,Cafeteria,CS_Building,Student_Center,Gym,Dorms,Cafeteria"
U0437_1,"Dorms,Cafeteria,CS_Building,Student_Center,Dorms,Cafeteria,CS_Building,Gym,Dorms,Cafeteria,Student_Center"
U0437_10,"Dorms,CS_Building,Cafeteria,CS_Building,Student_Center,Dorms,Cafeteria,Library"
U0437_11,"Dorms,Math_Building,Student_Center,Dorms,Library,Dorms,CS_Building"
U0437_12,"Dorms,Cafeteria,Math_Building,Library,Gym,Dorms,Cafeteria,Library"
U0437_13,"Dorms,Cafeteria,CS_Building,Dorms,Library,Dorms,Cafeteria,CS_Building"
U0437_2,"Dorms,CS_Building,Student_Center"
U0437_3,"Dorms,Library,Cafeteria,Math_Building"
U0437_4,"Dorms,Library,Dorms,CS_Building,Cafeteria,CS_Building,Library,Cafeteria"
U0437_5,"Dorms,Cafeteria,Math_Building,Cafeteria,Student_Center"
U0437_6,"Dorms,Cafeteria,Library"
U0437_7,"Dorms,CS_Building,Library"
U0437_8,"Dorms,Cafeteria,CS_Building,Cafeteria,Math_Building,Library"
U0437_9,"Library,Gym,Cafeteria,CS_Building"
U0438_1,"Dorms,CS_Building,Library,Student_Center,Dorms,Math_Building"
U0438_10,"Dorms,Library,Gym,Cafeteria,CS_Building,Library,Cafeteria"
U0438_11,"Library,Cafeteria,Math_Building,Library"
U0438_12,"Dorms,Cafeteria,Library,Cafeteria,CS_Building,Library,Dorms,Cafeteria"
U0438_13,"Library,Dorms,Cafeteria,Math_Building,Student_Center"
U0438_14,"Dorms,Library,Gym,Dorms,Cafeteria"
U0438_15,"Dorms,Cafeteria,Library,Student_Center,Library,Dorms,CS_Building"
U0438_16,"Dorms,Cafeteria,CS_Building,Library,Dorms,CS_Building,Cafeteria,Library"
U0438_2,"Dorms,Cafeteria,Math_Building,Cafeteria,Library,Cafeteria,CS_Building,Cafeteria,Dorms,Math_Building,Library,Gym,Dorms,Cafeteria"
U0438_3,"Dorms,Cafeteria,Math_Building,Library,Dorms,Math_Building"
U0438_4,"Dorms,Cafeteria,CS_Building,Student_Center,Dorms"
U0438_5,"Dorms,Cafeteria,Math_Building,Dorms,Library"
U0438_6,"Dorms,Cafeteria,Library,Library,Dorms,Library,Gym,Dorms,Cafeteria,Library"
U0438_7,"Dorms,Cafeteria,CS_Building,Library,Cafeteria,Math_Building"
U0438_8,"CS_Building,Dorms,Math_Building,Student_Center,Dorms,Cafeteria,CS_Building,Math_Building,Student_Center,Gym,Cafeteria,Library,Dorms,Math_Building,Student_Center,Dorms,CS_Building,Dorms,Cafeteria,CS_Building"
U0438_9,"Dorms,Cafeteria,CS_Building"
U0439_1,"Dorms,Math_Building,Student_Center,Library,Gym"
U0439_2,"Dorms,CS_Building,Student_Center,Gym,Dorms,Math_Building,Library"
U0439_3,"Dorms,CS_Building,Student_Center,Dorms,Cafeteria,CS_Building"
U0439_4,"Student_Center,Dorms,Math_Building"
U0439_5,"Dorms,Math_Building,Dorms,Cafeteria,Math_Building,Dorms,Math_Building"
U0439_6,"Math_Building,Student_Center,Dorms,Cafeteria,Math_Building,Dorms,CS_Building"
U0439_7,"Library,Dorms,Math_Building,Library,Dorms,Cafeteria,Math_Building,Library"
U0439_8,"Dorms,Cafeteria,CS_Building,Library"
U0439_9,"Dorms,Math_Building,Library,Cafeteria,Library"
U0440_1,"Cafeteria,Library,Dorms,Math_Building,Student_Center,Library,Gym"
U0440_10,"Dorms,Cafeteria,Library,Dorms,Cafeteria,CS_Building,Library,Dorms,Cafeteria,Student_Center"
U0440_11,"CS_Building,Cafeteria,CS_Building,Student_Center,Gym,Dorms,CS_Building,Library"
U0440_12,"Dorms,Math_Building,Student_Center,Gym,Dorms,CS_Building"
U0440_13,"Dorms,Library,Student_Center,Gym,Dorms"
U0440_14,"Dorms,Cafeteria,CS_Building,Library,Cafeteria,CS_Building"
U0440_2,"Dorms,Cafeteria,Library"
U0440_3,"Dorms,CS_Building,Library,Cafeteria,CS_Building,Dorms,Library,Cafeteria"
U0440_4,"Dorms,Cafeteria,CS_Building,Library"
U0440_5,"CS_Building,Cafeteria,Library"
U0440_6,"Dorms,CS_Building,Student_Center,Dorms,Math_Building,Library"
U0440_7,"Student_Center,Dorms,Library,Dorms,Cafeteria,Library"
U0440_8,"Dorms,Library,Dorms,CS_Building,Cafeteria,Math_Building"
U0440_9,"Dorms,Math_Building,Library,Cafeteria,CS_Building,Library,Dorms"
U0441_1,"Dorms,CS_Building,Library,Gym,Dorms,CS_Building"
U0441_10,"Library,Student_Center,Dorms,CS_Building"
U0441_11,"Dorms,Cafeteria,Library,Gym,Dorms,Dorms,Cafeteria,Library,Cafeteria,Math_Building,Dorms"
U0441_12,"CS_Building,Cafeteria,CS_Building,Student_Center,Gym,Dorms,Cafeteria"
U0441_13,"Dorms,Cafeteria,Math_Building,Student_Center,Library,Dorms,CS_Building,Library"
U0441_14,"Dorms,Cafeteria,CS_Building,Student_Center,Library,Cafeteria,Math_Building,Student_Center"
U0441_2,"Dorms,Cafeteria,Student_Center"
U0441_3,"Dorms,Cafeteria,CS_Building,Cafeteria"
U0441_4,"Dorms,Cafeteria,Student_Center,Gym"
U0441_5,"Dorms,Math_Building,Cafeteria,CS_Building,Student_Center,Gym"
U0441_6,"Student_Center,Dorms,Cafeteria,CS_Building,Library"
U0441_7,"CS_Building,Cafeteria,CS_Building,Cafeteria"
U0441_8,"Dorms,Cafeteria,CS_Building"
U0441_9,"Gym,Dorms,Cafeteria,CS_Building,Library,Student_Center,Gym"
U0442_1,"Dorms,CS_Building,Dorms,Cafeteria,Library,Cafeteria,Library,Dorms,CS_Building,Cafeteria"
U0442_10,"Dorms,Cafeteria,Math_Building,Dorms,CS_Building,Cafeteria"
U0442_11,"Gym,Dorms,Library"
U0442_2,"Dorms,Cafeteria,CS_Building,Cafeteria,Library,Dorms,Cafeteria,Math_Building,Math_Building,Library,Dorms,CS_Building,Student_Center,Dorms,CS_Building,Dorms,Cafeteria,Math_Building,Cafeteria"
U0442_3,"Dorms,CS_Building,Student_Center,Gym,Dorms,Dorms,CS_Building,Student_Center,Dorms,Cafeteria"
U0442_4,"Dorms,Math_Building,Dorms,Cafeteria"
U0442_5,"Dorms,Library,Dorms,Math_Building,Library"
U0442_6,"Dorms,Math_Building,Library"
U0442_7,"Dorms,Cafeteria,CS_Building,Dorms"
U0442_8,"Dorms,Math_Building,Dorms,Cafeteria,Math_Building,Library,Dorms,Gym,Dorms,Cafeteria,Library,Dorms"
U0442_9,"Dorms,Math_Building,Library,Gym,Cafeteria,CS_Building,Student_Center,Dorms"
U0443_1,"Dorms,Cafeteria,Math_Building,Student_Center,Library,Gym,Dorms,Cafeteria"
U0443_10,"Dorms,Cafeteria,Math_Building,Student_Center,Dorms,Math_Building,Library,Student_Center"
U0443_11,"Library,Dorms,Library,Gym,Dorms,CS_Building,Library,Dorms"
U0443_12,"Library,Dorms,Cafeteria"
U0443_13,"Dorms,Cafeteria,CS_Building,Student_Center,Library,Dorms,Cafeteria"
U0443_2,"Dorms,Cafeteria,Library,Dorms,Library,Gym,Dorms,Math_Building"
U0443_3,"Dorms,Cafeteria,CS_Building,Dorms,Cafeteria"
U0443_4,"Dorms,Cafeteria,CS_Building,Cafeteria,Library,Cafeteria,CS_Building"
U0443_5,"Cafeteria,CS_Building,Cafeteria,CS_Building,Cafeteria,Math_Building,Library"
U0443_6,"Math_Building,Library,Cafeteria,Library,Dorms,CS_Building,Student_Center"
U0443_7,"CS_Building,Student_Center,Gym"
U0443_8,"CS_Building,Student_Center,Dorms"
U0443_9,"Dorms,Cafeteria,CS_Building,Cafeteria"
U0444_1,"Dorms,CS_Building,Library"
U0444_10,"Dorms,Cafeteria,CS_Building"
U0444_11,"Dorms,Cafeteria,CS_Building,Student_Center,Dorms,Cafeteria,CS_Building,Student_Center"
U0444_12,"Dorms,Math_Building,Dorms,Math_Building,Library"
U0444_13,"Dorms,Library,Gym,Dorms,Math_Building,Library"
U0444_2,"CS_Building,Cafeteria,CS_Building,Student_Center"
U0444_3,"Math_Building,Library,Cafeteria,Math_Building,Student_Center,Gym"
U0444_4,"Dorms,Library,Gym,Dorms"
U0444_5,"Dorms,Math_Building,Student_Center"
U0444_6,"Student_Center,Dorms,Math_Building,Library,Dorms,Math_Building,Cafeteria"
U0444_7,"Dorms,Cafeteria,Math_Building,Student_Center,Dorms,Cafeteria"
U0444_8,"Dorms,Cafeteria,Student_Center,Library,Gym,Dorms,Library,Cafeteria"
U0444_9,"Dorms,Cafeteria,CS_Building,Student_Center,Gym,Dorms,Math_Building,Gym,Cafeteria,CS_Building"
U0445_1,"Dorms,Cafeteria,CS_Building,Library"
U0445_10,"Student_Center,Gym,Dorms,Cafeteria,CS_Building,Library,Gym"
U0445_11,"Dorms,Cafeteria,Math_Building,Library,Cafeteria"
U0445_12,"Math_Building,Student_Center,Gym,Cafeteria,Math_Building"
U0445_13,"Dorms,Cafeteria,Library"
U0445_14,"Dorms,Cafeteria,Library,Dorms,CS_Building,Library,Gym,Dorms"
U0445_2,"Cafeteria,Math_Building,Student_Center,Library"
U0445_3,"Dorms,Cafeteria,Math_Building,Cafeteria"
U0445_4,"Dorms,CS_Building,Student_Center"
U0445_5,"Student_Center,Library,Cafeteria,Math_Building,Student_Center,Dorms,CS_Building,Cafeteria"
U0445_6,"Dorms,Library,Student_Center,Gym,Cafeteria,Math_Building"
U0445_7,"Dorms,Library,Dorms,Cafeteria,CS_Building,Cafeteria,CS_Building"
U0445_8,"Cafeteria,Library,Dorms,CS_Building,Student_Center,Dorms,Cafeteria"
U0445_9,"Dorms,Math_Building,Cafeteria"
U0446_1,"Dorms,Cafeteria,Library,Dorms,CS_Building,Cafeteria,CS_Building"
U0446_10,"Math_Building,Library,Cafeteria,Library,Cafeteria,Student_Center,Gym"
U0446_11,"Dorms,Cafeteria,Math_Building,Cafeteria,Library"
U0446_12,"Dorms,Math_Building,Cafeteria,CS_Building,Library,Dorms"
U0446_13,"Dorms,Cafeteria,CS_Building,Dorms"
U0446_14,"Dorms,Cafeteria,CS_Building,Cafeteria,Library,Gym,Dorms,CS_Building"
U0446_2,"Math_Building,Dorms,Cafeteria,Library,Cafeteria,Math_Building"
U0446_3,"Dorms,Math_Building,Student_Center,Library,Cafeteria,Math_Building,Student_Center"
U0446_4,"Dorms,CS_Building,Library,Gym,Dorms,CS_Building,Library"
U0446_5,"Dorms,Cafeteria,Library,Dorms"
U0446_6,"Dorms,Cafeteria,Student_Center,Gym,Dorms"
U0446_7,"Dorms,Cafeteria,Library,Dorms,Math_Building,Student_Center"
U0446_8,"Dorms,CS_Building,Library,Dorms,Math_Building,Cafeteria,Math_Building"
U0446_9,"Dorms,Cafeteria,Library,Gym,Cafeteria,Library"
U0447_1,"Dorms,CS_Building,Library,Dorms"
U0447_10,"Cafeteria,Student_Center,Dorms,Library,Gym,Dorms,Cafeteria,CS_Building"
U0447_11,"Dorms,Math_Building,Student_Center,Gym"
U0447_12,"CS_Building,Student_Center,Gym,Dorms,Library"
U0447_2,"Dorms,Math_Building,Student_Center"
U0447_3,"Dorms,CS_Building,Cafeteria,Math_Building"
U0447_4,"Dorms,Cafeteria,CS_Building,Library,Cafeteria,Library"
U0447_5,"Dorms,Cafeteria,CS_Building,Student_Center,Library"
U0447_6,"Dorms,Cafeteria,Library,Cafeteria,Dorms,Library,Cafeteria,CS_Building,Library,Dorms,Dorms,Math_Building,Dorms,Math_Building,Student_Center"
U0447_7,"Dorms,Math_Building,Student_Center,Dorms"
U0447_8,"Dorms,Math_Building,Library"
U0447_9,"Dorms,Library,Dorms"
U0448_1,"Gym,Dorms,CS_Building,Dorms,CS_Building,Library"
U0448_10,"Cafeteria,Math_Building,Library,Dorms"
U0448_11,"Dorms,CS_Building,Student_Center,Dorms"
U0448_12,"Dorms,CS_Building,Cafeteria,Library,Dorms,Library,Gym"
U0448_2,"Math_Building,Library,Cafeteria,Math_Building"
U0448_3,"Dorms,Cafeteria,CS_Building,Cafeteria"
U0448_4,"Student_Center,Gym,Dorms,Cafeteria"
U0448_5,"Dorms,Library,Gym,Cafeteria"
U0448_6,"Dorms,Library,Student_Center,Library"
U0448_7,"CS_Building,Dorms,Cafeteria,CS_Building"
U0448_8,"Dorms,Cafeteria,Student_Center,Library"
U0448_9,"Dorms,Cafeteria,Library"
U0449_1,"Dorms,CS_Building,Dorms,Library,Dorms"
U0449_10,"Dorms,Cafeteria,CS_Building,Student_Center,Gym,Dorms,Cafeteria,CS_Building"
U0449_11,"Student_Center,Dorms,Library,Dorms,Library,Gym,Dorms,Dorms,Math_Building,Student_Center"
U0449_12,"Dorms,Library,Dorms,Cafeteria,Math_Building,Dorms,Cafeteria,CS_Building"
U0449_13,"CS_Building,Cafeteria,Library,Dorms,Dorms,Cafeteria,Math_Building,Dorms"
U0449_2,"Dorms,Cafeteria,CS_Building,Cafeteria,Student_Center"
U0449_3,"Dorms,Cafeteria,Library,Dorms,Cafeteria,CS_Building,Library"
U0449_4,"Dorms,Cafeteria,CS_Building,Dorms"
U0449_5,"Dorms,Cafeteria,CS_Building,Student_Center,Dorms"
U0449_6,"Dorms,Cafeteria,Student_Center,Gym,Cafeteria,Math_Building,Dorms,Cafeteria,Math_Building,Cafeteria,Library,Cafeteria,CS_Building,Dorms"
U0449_7,"Dorms,Cafeteria,Math_Building,Library,Cafeteria,CS_Building,Student_Center,Dorms"
U0449_8,"Dorms,Cafeteria,CS_Building,Cafeteria,Library,Dorms"
U0449_9,"Dorms,Cafeteria,Library,Cafeteria,Library,Dorms,Math_Building"
U0450_1,"Dorms,Library,Gym,Dorms,Math_Building,Library,Dorms"
U0450_10,"Dorms,CS_Building,Library,Dorms,Cafeteria,CS_Building,Student_Center,Dorms,Dorms,Cafeteria,CS_Building,Cafeteria,CS_Building,Library,Cafeteria,CS_Building"
U0450_11,"Dorms,Cafeteria,CS_Building"
U0450_12,"Dorms,Cafeteria,Library"
U0450_13,"Library,Cafeteria,CS_Building,Library,Dorms,CS_Building,Student_Center,Dorms,Cafeteria,Library"
U0450_14,"Dorms,Library,Dorms,Cafeteria,Library,Dorms,Math_Building"
U0450_2,"Dorms,Math_Building,Library,Gym,Cafeteria"
U0450_3,"CS_Building,Cafeteria,CS_Building,Library,Student_Center,Dorms,CS_Building"
U0450_4,"Dorms,Cafeteria,Math_Building,Library,Cafeteria"
U0450_5,"Dorms,Library,Dorms,Cafeteria,Math_Building,Dorms,Cafeteria"
U0450_6,"Student_Center,Gym,Dorms"
U0450_7,"Dorms,Cafeteria,Library,Dorms,Cafeteria,Library,Gym,Dorms"
U0450_8,"Dorms,Cafeteria,Math_Building,Library,Dorms,CS_Building"
U0450_9,"CS_Building,Library,Cafeteria,Student_Center"
U0451_1,"Dorms,Math_Building,Dorms,Cafeteria,CS_Building,Student_Center"
U0451_10,"Dorms,Library,Cafeteria,Library"
U0451_11,"Dorms,CS_Building,Library,Cafeteria,Math_Building,Cafeteria,Library,Cafeteria"
U0451_12,"Math_Building,Cafeteria,Library,Cafeteria,CS_Building,Library,Cafeteria"
U0451_2,"Dorms,CS_Building,Dorms,Dorms,Library,Cafeteria,CS_Building,Student_Center"
U0451_3,"Student_Center,Dorms,Library,Student_Center,Gym,Dorms,Cafeteria"
U0451_4,"Dorms,Math_Building,Library,Dorms,CS_Building,Cafeteria,Math_Building"
U0451_5,"Dorms,Cafeteria,CS_Building"
U0451_6,"Dorms,Cafeteria,Student_Center,Dorms,Cafeteria,CS_Building"
U0451_7,"Dorms,Library,Cafeteria,CS_Building,Cafeteria,Library"
U0451_8,"Dorms,Math_Building,Library,Dorms"
U0451_9,"CS_Building,Library,Gym,Cafeteria,Dorms,Cafeteria,CS_Building,Student_Center"
U0452_1,"Dorms,CS_Building,Dorms,Cafeteria,Library,Dorms"
U0452_10,"Dorms,Cafeteria,Library,Cafeteria,CS_Building"
U0452_11,"Dorms,Cafeteria,Math_Building,Library,Cafeteria,Math_Building"
U0452_2,"Dorms,Math_Building,Dorms,CS_Building,Cafeteria"
U0452_3,"Student_Center,Dorms,Library,Gym,Dorms,Math_Building"
U0452_4,"Math_Building,Library,Dorms,CS_Building,Student_Center,Dorms,Cafeteria,Student_Center,Dorms,Cafeteria,CS_Building,Cafeteria,Library"
U0452_5,"Dorms,Math_Building,Cafeteria,Math_Building"
U0452_6,"Dorms,Cafeteria,CS_Building"
U0452_7,"Dorms,Cafeteria,CS_Building"
U0452_8,"Dorms,CS_Building,Dorms,Math_Building,Cafeteria,Library,Dorms"
U0452_9,"Dorms,Cafeteria,CS_Building"
U0453_1,"Library,Cafeteria,Library,Gym,Dorms,Cafeteria,Library,Gym,Cafeteria,CS_Building,Library,Cafeteria,CS_Building"
U0453_10,"Dorms,Cafeteria,Student_Center"
U0453_11,"Cafeteria,Math_Building,Dorms,Cafeteria"
U0453_12,"Dorms,Cafeteria,CS_Building,Library,Gym,Dorms"
U0453_13,"Library,Dorms,CS_Building,Cafeteria"
U0453_2,"Dorms,Math_Building,Cafeteria,Dorms,Cafeteria,CS_Building,Student_Center,Dorms,Cafeteria,CS_Building,Cafeteria,Dorms,Cafeteria,Library,Gym"
U0453_3,"Dorms,Cafeteria,Library,Dorms,Math_Building,Library"
U0453_4,"Dorms,Cafeteria,Math_Building,Dorms,Cafeteria,CS_Building"
U0453_5,"Dorms,Math_Building,Cafeteria,CS_Building,Dorms,CS_Building,Library,Dorms"
U0453_6,"Dorms,Math_Building,Student_Center,Gym,Cafeteria,Math_Building,Library"
U0453_7,"Dorms,CS_Building,Dorms,Cafeteria"
U0453_8,"Dorms,Math_Building,Dorms,Cafeteria,Math_Building,Library,Cafeteria,CS_Building"
U0453_9,"Cafeteria,Math_Building,Student_Center,Gym,Dorms,Library,Student_Center"
U0454_1,"Dorms,Cafeteria,CS_Building"
U0454_10,"CS_Building,Library,Cafeteria,Math_Building,Student_Center"
U0454_11,"Dorms,Math_Building,Library,Dorms,Cafeteria,Library"
U0454_12,"Dorms,Cafeteria,Math_Building,Library,Student_Center"
U0454_2,"Student_Center,Library,Cafeteria,Math_Building,Student_Center,Gym,Dorms,Library"
U0454_3,"Dorms,Math_Building,Student_Center,Library,Dorms"
U0454_4,"Student_Center,Gym,Dorms"
U0454_5,"CS_Building,Cafeteria,Math_Building,Library,Dorms"
U0454_6,"Dorms,CS_Building,Cafeteria,CS_Building,Student_Center,Gym"
U0454_7,"Dorms,Cafeteria,CS_Building,Student_Center,Gym"
U0454_8,"Math_Building,Student_Center,Gym,Dorms,Math_Building"
U0454_9,"Dorms,Library,Student_Center,Library,Cafeteria,Math_Building,Dorms"
U0455_1,"Dorms,Math_Building,Library,Cafeteria,Math_Building,Library"
U0455_10,"Dorms,Cafeteria,Student_Center,Dorms,Math_Building"
U0455_11,"Cafeteria,CS_Building,Library"
U0455_12,"Dorms,Math_Building,Library,Dorms,CS_Building,Library,Student_Center,Dorms,Cafeteria,Math_Building,Dorms,Cafeteria"
U0455_13,"Dorms,Cafeteria,Math_Building,Dorms,CS_Building,Library,Cafeteria,Library"
U0455_14,"Math_Building,Student_Center,Library,Dorms"
U0455_2,"Dorms,Cafeteria,CS_Building,Library,Student_Center"
U0455_3,"Gym,Dorms,Cafeteria,CS_Building,Library,Student_Center,Gym,Cafeteria"
U0455_4,"Cafeteria,Library,Dorms,Math_Building"
U0455_5,"CS_Building,Library,Dorms,CS_Building"
U0455_6,"Dorms,CS_Building,Library,Cafeteria"
U0455_7,"Dorms,Library,Gym,Dorms"
U0455_8,"Dorms,Cafeteria,Student_Center"
U0455_9,"Dorms,Library,Dorms,Math_Building"
U0456_1,"Dorms,Math_Building,Cafeteria,CS_Building,Library,Dorms,Math_Building,Student_Center"
U0456_10,"Dorms,Cafeteria,Student_Center,Gym,Cafeteria,Student_Center,Library"
U0456_11,"Dorms,Math_Building,Cafeteria"
U0456_12,"Dorms,CS_Building,Student_Center,Library"
U0456_2,"CS_Building,Library,Student_Center,Library,Gym,Dorms,Dorms,Math_Building,Cafeteria,CS_Building"
U0456_3,"Dorms,CS_Building,Dorms,Cafeteria,Dorms,Math_Building,Cafeteria"
U0456_4,"Dorms,Cafeteria,Library,Dorms,Cafeteria,Math_Building,Student_Center,Dorms"
U0456_5,"Gym,Dorms,Cafeteria,CS_Building,Student_Center,Dorms,CS_Building"
U0456_6,"Dorms,CS_Building,Library,Dorms,Cafeteria,CS_Building,Library,Cafeteria,Library,Gym"
U0456_7,"Dorms,Cafeteria,Library,Cafeteria,CS_Building,Library,Dorms,Cafeteria"
U0456_8,"Dorms,Cafeteria,Library,Dorms,Cafeteria,Math_Building"
U0456_9,"Dorms,CS_Building,Library,Dorms,CS_Building,Cafeteria"
U0457_1,"Dorms,Cafeteria,Library,Gym"
U0457_2,"Library,Cafeteria,CS_Building"
U0457_3,"Dorms,Cafeteria,CS_Building,Library,Cafeteria,Math_Building,Dorms"
U0457_4,"Dorms,Cafeteria,Student_Center"
U0457_5,"Dorms,Cafeteria,CS_Building,Library,Library,Dorms,Cafeteria,Library,Cafeteria,Library,Cafeteria"
U0457_6,"Dorms,CS_Building,Student_Center,Dorms,Cafeteria,CS_Building,Student_Center"
U0457_7,"Cafeteria,Math_Building,Library,Dorms,CS_Building,Student_Center"
U0457_8,"Dorms,CS_Building,Cafeteria,CS_Building,Library"
U0457_9,"Dorms,Library,Cafeteria,Math_Building,Dorms"
U0458_1,"Gym,Dorms,CS_Building,Library,Dorms"
U0458_10,"Dorms,Math_Building,Student_Center,Dorms,Cafeteria,CS_Building,Dorms,Cafeteria,Math_Building,Dorms,Cafeteria,CS_Building,Library"
U0458_11,"CS_Building,Cafeteria,CS_Building,Library,Student_Center,Library,Dorms,CS_Building"
U0458_12,"Dorms,Library,Gym,Cafeteria"
U0458_13,"Dorms,Cafeteria,CS_Building,Cafeteria,CS_Building"
U0458_14,"Cafeteria,Library,Dorms,Cafeteria,CS_Building,Library,Gym"
U0458_2,"Dorms,Cafeteria,CS_Building,Cafeteria,Student_Center,Dorms,Dorms,Math_Building,Student_Center,Gym,Dorms,Library,Cafeteria,CS_Building"
U0458_3,"Dorms,Cafeteria,Student_Center,Gym,Cafeteria,CS_Building,Cafeteria"
U0458_4,"Dorms,Library,Cafeteria,CS_Building,Cafeteria,Library,Gym"
U0458_5,"Dorms,Math_Building,Cafeteria,Math_Building,Student_Center,Library,Dorms,Cafeteria,Math_Building,Cafeteria,CS_Building"
U0458_6,"Dorms,CS_Building,Library,Cafeteria,Library,Cafeteria"
U0458_7,"Dorms,Cafeteria,Math_Building,Student_Center,Gym"
U0458_8,"Dorms,Cafeteria,CS_Building,Student_Center,Dorms,Library,Cafeteria"
U0458_9,"Math_Building,Cafeteria,Library,Cafeteria,Math_Building,Library,Gym,Dorms"
U0459_1,"Dorms,Library,Cafeteria,Library,Cafeteria,Math_Building,Student_Center,Dorms"
U0459_10,"Dorms,Cafeteria,CS_Building"
U0459_11,"Dorms,Cafeteria,Student_Center,Dorms,Math_Building,Library"
U0459_12,"Dorms,CS_Building,Cafeteria,Library,Dorms,Cafeteria,CS_Building,Student_Center"
U0459_13,"Dorms,Math_Building,Cafeteria,Library,Dorms,Math_Building,Library"
U0459_14,"Dorms,Cafeteria,Math_Building,Student_Center,Gym"
U0459_15,"Dorms,CS_Building,Library,Student_Center,Dorms,Math_Building,Student_Center,Dorms,Cafeteria,Math_Building,Student_Center,Gym,Dorms,Math_Building,Library"
U0459_16,"Library,Cafeteria,CS_Building,Cafeteria,Library,Dorms,Library,Cafeteria"
U0459_2,"CS_Building,Dorms,Cafeteria,CS_Building,Cafeteria"
U0459_3,"Gym,Dorms,Cafeteria,Dorms,Cafeteria,CS_Building,Library,Dorms"
U0459_4,"Dorms,Cafeteria,Math_Building,Library,Cafeteria"
U0459_5,"Dorms,Cafeteria,Library"
U0459_6,"Dorms,Math_Building,Student_Center,Library,Dorms,Cafeteria,CS_Building,Library"
U0459_7,"Dorms,Cafeteria,Math_Building,Library,Student_Center,Dorms"
U0459_8,"Dorms,Library,Cafeteria,Student_Center"
U0459_9,"Cafeteria,CS_Building,Library,Dorms"
U0460_1,"Student_Center,Dorms,Cafeteria,CS_Building,Student_Center,Dorms,Cafeteria,Math_Building,Library"
U0460_10,"Gym,Dorms,CS_Building,Library,Student_Center,Dorms,Cafeteria,Math_Building,Student_Center"
U0460_11,"Library,Dorms,Cafeteria,CS_Building,Dorms,Cafeteria,CS_Building"
U0460_12,"Dorms,Cafeteria,CS_Building"
U0460_2,"Dorms,Cafeteria,Student_Center"
U0460_3,"Dorms,Math_Building,Student_Center,Dorms"
U0460_4,"CS_Building,Student_Center,Gym,Dorms,Cafeteria,CS_Building,Library,Gym"
U0460_5,"Dorms,Cafeteria,Student_Center,Dorms,CS_Building,Student_Center,Dorms"
U0460_6,"Dorms,Cafeteria,Student_Center,Gym,Dorms"
U0460_7,"Library,Dorms,Cafeteria,Math_Building"
U0460_8,"Dorms,Cafeteria,Library,Dorms,Cafeteria,Library,Cafeteria"
U0460_9,"Dorms,Cafeteria,Math_Building,Cafeteria,CS_Building"
U0461_1,"Dorms,Cafeteria,Math_Building,Student_Center,Library,Dorms"
U0461_10,"CS_Building,Library,Dorms,Cafeteria,CS_Building,Library,Gym,Dorms"
U0461_11,"Dorms,Cafeteria,CS_Building,Library,Dorms,Cafeteria,Math_Building,Library,Student_Center,Dorms,Math_Building,Library"
U0461_12,"Dorms,CS_Building,Library,Cafeteria,CS_Building"
U0461_13,"Dorms,CS_Building,Student_Center,Dorms,Cafeteria,Library,Cafeteria,Math_Building"
U0461_14,"Dorms,Cafeteria,CS_Building"
U0461_15,"Dorms,Cafeteria,CS_Building,Student_Center,Dorms,Library,Dorms,Cafeteria,Math_Building,Student_Center"
U0461_2,"Gym,Dorms,Cafeteria,CS_Building,Student_Center,Dorms,CS_Building"
U0461_3,"Dorms,Cafeteria,CS_Building,Student_Center,Gym,Dorms,Cafeteria,CS_Building"
U0461_4,"Dorms,Cafeteria,Library"
U0461_5,"Dorms,Cafeteria,Student_Center,Dorms,Cafeteria"
U0461_6,"Student_Center,Dorms,Math_Building"
U0461_7,"Dorms,Math_Building,Cafeteria,CS_Building,Student_Center,Library"
U0461_8,"Student_Center,Dorms,Cafeteria,Library"
U0461_9,"Dorms,Cafeteria,Math_Building,Student_Center,Library,Gym,Dorms,CS_Building,Cafeteria,Library,Gym,Dorms,Cafeteria"
U0462_1,"Dorms,Library,Gym,Dorms"
U0462_2,"Student_Center,Dorms,Cafeteria,CS_Building,Cafeteria,CS_Building"
U0462_3,"Dorms,Cafeteria,Student_Center,Dorms,Math_Building,Cafeteria"
U0462_4,"Dorms,Math_Building,Cafeteria,CS_Building,Student_Center,Dorms"
U0462_5,"Dorms,Math_Building,Library,Dorms,Cafeteria,CS_Building"
U0462_6,"Dorms,Cafeteria,CS_Building,Student_Center,Dorms,Dorms,Library,Dorms,Cafeteria"
U0462_7,"Dorms,Library,Dorms,CS_Building,Cafeteria,Student_Center,Gym"
U0462_8,"Dorms,Math_Building,Dorms,Cafeteria,Student_Center,Gym,Dorms,Cafeteria,Dorms,Cafeteria,Library,Cafeteria,Student_Center,Dorms"
U0463_1,"Dorms,Math_Building,Library,Gym,Dorms"
U0463_10,"Dorms,Cafeteria,Student_Center,Dorms,Cafeteria"
U0463_11,"Dorms,CS_Building,Student_Center,Library,Gym,Dorms,CS_Building,Cafeteria"
U0463_12,"Student_Center,Dorms,CS_Building,Cafeteria,CS_Building,Cafeteria,CS_Building,Cafeteria,CS_Building,Cafeteria,CS_Building,Library,Cafeteria,CS_Building,Dorms,Cafeteria,Math_Building,Cafeteria,CS_Building"
U0463_2,"Dorms,Cafeteria,CS_Building"
U0463_3,"Student_Center,Dorms,Library,Gym"
U0463_4,"Dorms,Cafeteria,CS_Building,Dorms,Cafeteria,Math_Building,Dorms,Cafeteria,CS_Building,Student_Center"
U0463_5,"Math_Building,Cafeteria,Math_Building"
U0463_6,"Library,Dorms,Cafeteria,Library,Gym,Cafeteria,CS_Building,Student_Center"
U0463_7,"Dorms,Cafeteria,CS_Building,Cafeteria,CS_Building,Library,Cafeteria"
U0463_8,"Dorms,Cafeteria,Library,Student_Center,Library,Dorms,Math_Building,Library"
U0463_9,"Library,Dorms,Cafeteria,Library,Student_Center,Library,Dorms"
U0464_1,"Dorms,Cafeteria,Math_Building,Dorms,Math_Building,Gym,Dorms,Library,Dorms,Cafeteria"
U0464_10,"Dorms,CS_Building,Student_Center,Library,Student_Center,Dorms,Math_Building"
U0464_11,"Dorms,CS_Building,Dorms,CS_Building,Cafeteria,CS_Building"
U0464_12,"Library,Gym,Cafeteria,Student_Center,Dorms,Cafeteria,Student_Center,Library"
U0464_2,"Library,Cafeteria,Library,Cafeteria,Library,Dorms,Cafeteria"
U0464_3,"Dorms,Cafeteria,Student_Center,Library,Dorms,Cafeteria,CS_Building,Library"
U0464_4,"Dorms,Cafeteria,Math_Building,Cafeteria,CS_Building,Student_Center"
U0464_5,"Dorms,Cafeteria,Math_Building"
U0464_6,"Dorms,Cafeteria,CS_Building"
U0464_7,"Dorms,Library,Dorms,Cafeteria,CS_Building,Dorms,Cafeteria,Math_Building,Student_Center,Gym"
U0464_8,"Dorms,Cafeteria,Library,Dorms"
U0464_9,"Dorms,Cafeteria,CS_Building,Library,Cafeteria,Library,Cafeteria,Dorms,Library,Dorms,Cafeteria,CS_Building,Cafeteria"
U0465_1,"Dorms,Cafeteria,CS_Building,Student_Center,Gym"
U0465_2,"Library,Cafeteria,Math_Building,Dorms,Cafeteria,Student_Center,Dorms,Math_Building"
U0465_3,"Dorms,Library,Gym,Dorms,Library,Dorms,Cafeteria"
U0465_4,"CS_Building,Library,Gym,Dorms,CS_Building,Library,Dorms,Cafeteria"
U0465_5,"Dorms,Library,Gym"
U0465_6,"Student_Center,Library,Dorms,Cafeteria,Student_Center"
U0465_7,"Student_Center,Library,Dorms,Cafeteria,CS_Building,Library,Dorms"
U0465_8,"Gym,Cafeteria,Library,Gym,Cafeteria,Library,Cafeteria,Dorms,Cafeteria,CS_Building,Student_Center,Library,Cafeteria,CS_Building,Library"
U0465_9,"Dorms,Library,Gym,Cafeteria,Math_Building,Library"
U0466_1,"Dorms,Cafeteria,CS_Building"
U0466_10,"Dorms,Math_Building,Cafeteria,Math_Building,Library,Dorms,Cafeteria,CS_Building,Student_Center,Gym,Dorms,Cafeteria,Student_Center,Gym,Dorms"
U0466_11,"Dorms,CS_Building,Student_Center,Library,Dorms,CS_Building,Dorms"
U0466_2,"Dorms,Library,Dorms,Library,Dorms,Cafeteria,Math_Building"
U0466_3,"Dorms,CS_Building,Cafeteria"
U0466_4,"Student_Center,Library,Cafeteria,CS_Building,Library"
U0466_5,"Dorms,Math_Building,Dorms,Cafeteria"
U0466_6,"Dorms,Cafeteria,Math_Building,Cafeteria,CS_Building,Dorms,Library,Cafeteria"
U0466_7,"Dorms,Cafeteria,CS_Building,Dorms,CS_Building,Library,Dorms,Math_Building,Dorms"
U0466_8,"Cafeteria,Library,Gym,Dorms"
U0466_9,"Dorms,Cafeteria,CS_Building,Student_Center,Gym,Cafeteria"
U0467_1,"CS_Building,Library,Dorms,CS_Building,Library,Gym"
U0467_10,"Dorms,Library,Gym,Dorms,CS_Building,Dorms,CS_Building"
U0467_11,"Dorms,Math_Building,Library,Cafeteria,Library,Cafeteria"
U0467_2,"Dorms,Cafeteria,Math_Building,Cafeteria,Student_Center,Dorms"
U0467_3,"Math_Building,Library,Gym,Dorms,Math_Building,Dorms"
U0467_4,"Dorms,Cafeteria,CS_Building,Library,Gym,Dorms"
U0467_5,"Student_Center,Dorms,Cafeteria,CS_Building"
U0467_6,"Dorms,Cafeteria,Math_Building,Cafeteria,Student_Center,Gym"
U0467_7,"Dorms,Math_Building,Student_Center,Library"
U0467_8,"Library,Dorms,Math_Building,Library,Dorms,Cafeteria,Library"
U0467_9,"Dorms,Cafeteria,Library"
U0468_1,"Cafeteria,Math_Building,Cafeteria,CS_Building,Student_Center,Dorms,Cafeteria"
U0468_10,"Dorms,Cafeteria,Student_Center,Dorms,Cafeteria,Math_Building,Dorms,Cafeteria,Student_Center,Dorms,CS_Building,Library"
U0468_2,"Dorms,Cafeteria,Student_Center,Library"
U0468_3,"Gym,Dorms,Library,Dorms,Math_Building,Student_Center"
U0468_4,"Dorms,Cafeteria,Math_Building,Student_Center,Gym,Dorms,Cafeteria,Dorms,Cafeteria,CS_Building,Library,Dorms"
U0468_5,"Dorms,Cafeteria,Math_Building,Student_Center,Library"
U0468_6,"Dorms,Cafeteria,CS_Building,Student_Center,Gym"
U0468_7,"Dorms,Cafeteria,CS_Building,Library,Dorms"
U0468_8,"CS_Building,Library,Gym,Dorms,CS_Building,Student_Center"
U0468_9,"Dorms,Library,Cafeteria,CS_Building"
U0469_1,"CS_Building,Library,Cafeteria,CS_Building"
U0469_10,"Dorms,Library,Cafeteria,Library,Dorms,Cafeteria,Math_Building"
U0469_11,"Math_Building,Dorms,CS_Building,Student_Center,Dorms"
U0469_12,"Math_Building,Student_Center,Gym"
U0469_13,"CS_Building,Library,Dorms,Cafeteria,CS_Building,Library"
U0469_2,"Dorms,CS_Building,Cafeteria,CS_Building,Library,Dorms"
U0469_3,"Dorms,Cafeteria,CS_Building,Library,Cafeteria,Library"
U0469_4,"Dorms,Cafeteria,Math_Building,Library,Gym,Cafeteria,CS_Building,Student_Center"
U0469_5,"Cafeteria,CS_Building,Student_Center,Library,Dorms"
U0469_6,"Dorms,Cafeteria,Math_Building"
U0469_7,"Math_Building,Library,Student_Center,Dorms,Math_Building"
U0469_8,"Dorms,CS_Building,Library,Cafeteria,CS_Building,Student_Center,Dorms,CS_Building"
U0469_9,"Dorms,Cafeteria,CS_Building,Student_Center,Gym,Dorms"
U0470_1,"CS_Building,Cafeteria,Math_Building,Student_Center,Library"
U0470_10,"Dorms,Cafeteria,Math_Building,Library"
U0470_11,"Dorms,Math_Building,Cafeteria"
U0470_12,"Dorms,Math_Building,Library,Cafeteria,CS_Building,Cafeteria"
U0470_13,"Dorms,CS_Building,Dorms,Math_Building"
U0470_14,"Dorms,CS_Building,Cafeteria,CS_Building,Library"
U0470_2,"Dorms,Cafeteria,CS_Building,Cafeteria,Math_Building,Library"
U0470_3,"CS_Building,Cafeteria,Math_Building,Dorms,Cafeteria,CS_Building,Cafeteria,Dorms,Cafeteria,CS_Building,Library,Gym,Dorms,Cafeteria"
U0470_4,"Math_Building,Cafeteria,Library,Gym"
U0470_5,"Dorms,Math_Building,Library,Cafeteria"
U0470_6,"Dorms,Cafeteria,Library"
U0470_7,"Dorms,CS_Building,Dorms,Cafeteria"
U0470_8,"Dorms,CS_Building,Cafeteria"
U0470_9,"Dorms,Cafeteria,Library"
U0471_1,"Dorms,Math_Building,Dorms,Library,Student_Center,Library,Dorms,Math_Building,Student_Center,Library,Cafeteria"
U0471_10,"Dorms,Cafeteria,Library,Cafeteria,CS_Building,Cafeteria"
U0471_11,"Dorms,Math_Building,Student_Center,Library,Dorms,Cafeteria,Library"
U0471_12,"Dorms,Library,Dorms,Cafeteria,Library,Gym,Cafeteria,Math_Building"
U0471_2,"Dorms,CS_Building,Library,Gym"
U0471_3,"Dorms,Cafeteria,Library,Student_Center,Dorms,CS_Building,Cafeteria"
U0471_4,"Gym,Dorms,CS_Building"
U0471_5,"Dorms,Cafeteria,Math_Building,Student_Center,Library"
U0471_6,"Dorms,Math_Building,Student_Center,Library"
U0471_7,"Dorms,CS_Building,Cafeteria,Math_Building,Student_Center,Dorms,Math_Building,Cafeteria,Library,Dorms,Cafeteria,Math_Building,Library,Dorms"
U0471_8,"Dorms,Cafeteria,CS_Building,Cafeteria,Library,Cafeteria,Math_Building,Student_Center"
U0471_9,"Gym,Dorms,Cafeteria,Library,Gym,Dorms,Math_Building,Student_Center,Dorms,Math_Building,Library,Gym,Dorms"
U0472_1,"Dorms,Cafeteria,Math_Building,Library,Gym,Cafeteria,CS_Building,Student_Center,Dorms,Cafeteria"
U0472_10,"Dorms,Cafeteria,CS_Building"
U0472_11,"Dorms,Cafeteria,Library,Dorms,CS_Building,Dorms,CS_Building,Library,Gym,Dorms,Cafeteria"
U0472_12,"Dorms,Cafeteria,Math_Building,Student_Center,Library,Cafeteria,Math_Building,Library"
U0472_13,"Dorms,Cafeteria,Math_Building"
U0472_14,"Dorms,Cafeteria,Student_Center"
U0472_15,"CS_Building,Cafeteria,CS_Building,Student_Center,Library"
U0472_2,"CS_Building,Student_Center,Dorms,Cafeteria"
U0472_3,"Dorms,Cafeteria,CS_Building,Student_Center,Library,Student_Center"
U0472_4,"Dorms,Math_Building,Student_Center,Dorms"
U0472_5,"Dorms,Cafeteria,Math_Building,Cafeteria,Library,Student_Center,Gym"
U0472_6,"Dorms,Cafeteria,Library,Gym,Dorms,CS_Building,Student_Center,Library"
U0472_7,"Dorms,CS_Building,Dorms,Math_Building"
U0472_8,"Dorms,Cafeteria,CS_Building"
U0472_9,"Dorms,Cafeteria,Math_Building,Student_Center,Gym"
U0473_1,"Dorms,Cafeteria,Math_Building,Cafeteria"
U0473_10,"Dorms,Math_Building,Library,Dorms,Cafeteria,Math_Building,Student_Center,Gym"
U0473_11,"CS_Building,Cafeteria,CS_Building,Student_Center,Gym,Dorms"
U0473_12,"Dorms,Cafeteria,Math_Building,Cafeteria,Math_Building,Student_Center"
U0473_2,"Dorms,Cafeteria,CS_Building,Library,Cafeteria,CS_Building"
U0473_3,"Dorms,Math_Building,Student_Center,Gym,Dorms"
U0473_4,"Dorms,Cafeteria,Student_Center,Library"
U0473_5,"Dorms,Math_Building,Library"
U0473_6,"Dorms,Cafeteria,Library"
U0473_7,"Dorms,CS_Building,Student_Center,Gym"
U0473_8,"Dorms,Library,Dorms,Math_Building,Student_Center"
U0473_9,"Math_Building,Library,Cafeteria,Library,Dorms,Cafeteria,Math_Building,Dorms,Cafeteria,CS_Building,Dorms,CS_Building,Cafeteria,Math_Building"
U0474_1,"Dorms,CS_Building,Student_Center,Dorms,Cafeteria,CS_Building,Dorms,Math_Building,Library,Cafeteria,Library,Dorms,Cafeteria"
U0474_10,"Dorms,Cafeteria,CS_Building,Student_Center,Gym,Dorms"
U0474_11,"Math_Building,Cafeteria,CS_Building,Student_Center"
U0474_12,"Dorms,CS_Building,Dorms,Cafeteria,CS_Building,Math_Building,Student_Center,Gym"
U0474_2,"Dorms,Cafeteria,Math_Building,Student_Center,Library,Student_Center"
U0474_3,"Dorms,Cafeteria,CS_Building,Student_Center,Library,Dorms,Cafeteria"
U0474_4,"Gym,Dorms,Cafeteria,CS_Building,Student_Center,Dorms,Cafeteria,Cafeteria,CS_Building,Cafeteria,Math_Building,Library"
U0474_5,"Dorms,CS_Building,Library,Cafeteria,Math_Building,Cafeteria"
U0474_6,"CS_Building,Library,Student_Center"
U0474_7,"Dorms,CS_Building,Student_Center"
U0474_8,"Cafeteria,Student_Center,Dorms,Math_Building"
U0474_9,"Dorms,Math_Building,Cafeteria,Math_Building,Dorms"
U0475_1,"Dorms,Math_Building,Dorms,Cafeteria,Student_Center"
U0475_10,"Library,Dorms,Cafeteria,Library,Dorms,Cafeteria,Library,Dorms,Dorms,Cafeteria,Math_Building"
U0475_2,"Dorms,CS_Building,Library,Cafeteria,Math_Building,Library,Cafeteria,Dorms,CS_Building,Library,Dorms,CS_Building,Student_Center"
U0475_3,"Dorms,CS_Building,Student_Center,Library,Dorms"
U0475_4,"Dorms,CS_Building,Library"
U0475_5,"Dorms,Cafeteria,Library,Dorms,Library,Student_Center,Gym"
U0475_6,"Cafeteria,Math_Building,Student_Center,Library,Dorms"
U0475_7,"Dorms,Math_Building,Dorms"
U0475_8,"Dorms,Cafeteria,Student_Center,Dorms"
U0475_9,"Dorms,Math_Building,Student_Center,Library,Gym,Dorms"
U0476_1,"Dorms,Cafeteria,CS_Building,Library,Dorms,CS_Building,Dorms,Cafeteria,Library,Cafeteria,Math_Building"
U0476_10,"Cafeteria,CS_Building,Library,Dorms,Math_Building,Student_Center,Dorms,Cafeteria"
U0476_11,"Dorms,Cafeteria,Library,Cafeteria,Library"
U0476_12,"Dorms,Cafeteria,Math_Building,Cafeteria,CS_Building,Dorms,Math_Building"
U0476_13,"Dorms,Math_Building,Cafeteria,Library,Student_Center,Gym,Dorms,Dorms,CS_Building,Student_Center,Dorms,Library"
U0476_14,"Gym,Dorms,Cafeteria,Library,Dorms,Math_Building,Library,Gym"
U0476_15,"Dorms,CS_Building,Student_Center,Dorms"
U0476_16,"Dorms,Library,Gym,Dorms,Library,Gym,Dorms,CS_Building"
U0476_2,"Dorms,Cafeteria,Math_Building,Student_Center,Dorms,Cafeteria,Library,Dorms"
U0476_3,"Gym,Dorms,Math_Building,Student_Center,Library,Dorms,Cafeteria"
U0476_4,"CS_Building,Library,Cafeteria,CS_Building,Dorms,Math_Building,Student_Center"
U0476_5,"Dorms,Cafeteria,Math_Building,Student_Center,Library,Gym"
U0476_6,"Dorms,CS_Building,Student_Center,Dorms,CS_Building,Student_Center,Gym"
U0476_7,"CS_Building,Student_Center,Gym,Dorms"
U0476_8,"Cafeteria,CS_Building,Library,Student_Center,Dorms,Library,Cafeteria,CS_Building"
U0476_9,"Dorms,CS_Building,Cafeteria"
U0477_1,"Gym,Dorms,Math_Building,Library,Dorms,Math_Building"
U0477_2,"Dorms,Cafeteria,CS_Building,Student_Center,Gym"
U0477_3,"Dorms,Cafeteria,Math_Building,Library,Gym"
U0477_4,"CS_Building,Cafeteria,CS_Building,Cafeteria,Dorms,CS_Building,Student_Center,Dorms,Cafeteria,CS_Building,Library"
U0477_5,"Dorms,CS_Building,Cafeteria,Library,Cafeteria,CS_Building,Cafeteria,Math_Building"
U0477_6,"Library,Dorms,Cafeteria,CS_Building,Cafeteria,CS_Building"
U0477_7,"Dorms,Math_Building,Cafeteria,CS_Building"
U0477_8,"Cafeteria,Math_Building,Student_Center,Gym,Dorms,Dorms,CS_Building,Cafeteria,Math_Building,Cafeteria,Student_Center,Dorms,Cafeteria"
U0477_9,"Dorms,Cafeteria,CS_Building,Library,Cafeteria,Library,Dorms,Dorms,Cafeteria,Library,Dorms,CS_Building"
U0478_1,"Dorms,Cafeteria,Student_Center,Gym"
U0478_10,"Dorms,Cafeteria,Math_Building,Cafeteria,CS_Building"
U0478_11,"Dorms,CS_Building,Cafeteria,CS_Building,Student_Center"
U0478_12,"Dorms,Cafeteria,Math_Building,Cafeteria,CS_Building,Cafeteria"
U0478_13,"Dorms,Math_Building,Library"
U0478_14,"Dorms,Cafeteria,CS_Building,Library,Student_Center,Library,Gym,Dorms"
U0478_15,"Dorms,Cafeteria,CS_Building,Dorms"
U0478_2,"Math_Building,Dorms,Cafeteria"
U0478_3,"Math_Building,Cafeteria,CS_Building,Library,Dorms,Cafeteria,CS_Building"
U0478_4,"Library,Student_Center,Dorms,Cafeteria,Library,Cafeteria,CS_Building"
U0478_5,"Dorms,Library,Cafeteria"
U0478_6,"Dorms,Math_Building,Cafeteria,Math_Building,Library,Cafeteria,Math_Building,Dorms"
U0478_7,"Dorms,Cafeteria,CS_Building"
U0478_8,"Library,Dorms,Cafeteria,Math_Building,Cafeteria"
U0478_9,"Dorms,Cafeteria,CS_Building,Dorms,Cafeteria,Math_Building,Cafeteria"
U0479_1,"Dorms,Cafeteria,Library,Gym,Dorms"
U0479_10,"Dorms,Cafeteria,Math_Building,Cafeteria,Student_Center,Dorms,Cafeteria,Student_Center,Dorms,Math_Building,Library"
U0479_11,"Dorms,Cafeteria,Library,Cafeteria"
U0479_12,"Dorms,Cafeteria,CS_Building,Student_Center,Dorms,Cafeteria,CS_Building,Cafeteria"
U0479_13,"Dorms,Cafeteria,CS_Building,Library,Gym,Cafeteria,CS_Building,Student_Center"
U0479_14,"Dorms,Math_Building,Dorms"
U0479_2,"Dorms,CS_Building,Library,Cafeteria,Math_Building,Student_Center,Dorms,Cafeteria,CS_Building,Library,Dorms,Cafeteria"
U0479_3,"Dorms,Math_Building,Library"
U0479_4,"Cafeteria,Library,Student_Center"
U0479_5,"Library,Cafeteria,CS_Building"
U0479_6,"Dorms,Library,Gym,Dorms,Math_Building,Dorms,CS_Building,Library,Cafeteria,CS_Building"
U0479_7,"Student_Center,Gym,Dorms,Cafeteria,CS_Building,Library,Cafeteria"
U0479_8,"Dorms,Cafeteria,Library,Gym,Dorms,CS_Building"
U0479_9,"Dorms,Cafeteria,Library,Dorms,Cafeteria,Library,Dorms,Cafeteria"
U0480_1,"Gym,Cafeteria,Student_Center"
U0480_10,"Library,Dorms,Cafeteria,Math_Building,Library,Cafeteria,CS_Building"
U0480_11,"Dorms,Math_Building,Student_Center,Library,Dorms,Cafeteria,CS_Building,Student_Center"
U0480_2,"Dorms,CS_Building,Student_Center,Dorms"
U0480_3,"Dorms,CS_Building,Library,Gym,Cafeteria,CS_Building,Cafeteria,CS_Building"
U0480_4,"Dorms,Cafeteria,Math_Building,Student_Center,Gym,Dorms"
U0480_5,"Dorms,CS_Building,Dorms,Cafeteria,CS_Building,Cafeteria"
U0480_6,"Dorms,Library,Cafeteria,Library,Gym,Cafeteria,Math_Building,Library"
U0480_7,"Dorms,Cafeteria,Math_Building,Cafeteria,Math_Building,Library,Dorms,Cafeteria"
U0480_8,"Math_Building,Student_Center,Gym,Cafeteria,Math_Building,Dorms,Cafeteria"
U0480_9,"Student_Center,Gym,Dorms,Cafeteria,Math_Building"
U0481_1,"Dorms,Cafeteria,Math_Building,Cafeteria,Library"
U0481_10,"Dorms,Cafeteria,CS_Building,Student_Center,Dorms,CS_Building,Library"
U0481_11,"Gym,Dorms,CS_Building"
U0481_2,"Dorms,Cafeteria,CS_Building,Cafeteria,Dorms,Cafeteria,Math_Building,Cafeteria,Library,Cafeteria"
U0481_3,"Library,Cafeteria,CS_Building,Student_Center,Gym,Dorms,CS_Building,Student_Center"
U0481_4,"Dorms,CS_Building,Library,Student_Center,Dorms,Dorms,CS_Building,Student_Center"
U0481_5,"Dorms,Cafeteria,CS_Building,Cafeteria"
U0481_6,"Dorms,CS_Building,Student_Center,Library,Gym,Dorms,Cafeteria"
U0481_7,"Dorms,Cafeteria,Math_Building"
U0481_8,"Dorms,Cafeteria,Library,Cafeteria"
U0481_9,"Dorms,Cafeteria,Student_Center,Library,Cafeteria,CS_Building,Library,Cafeteria"
U0482_1,"Gym,Dorms,Cafeteria,Student_Center,Dorms,CS_Building,Cafeteria,Math_Building,Library,Gym,Dorms"
U0482_10,"Dorms,Cafeteria,Student_Center,Dorms"
U0482_2,"Dorms,Cafeteria,CS_Building"
U0482_3,"Gym,Dorms,CS_Building,Student_Center,Gym,Dorms"
U0482_4,"Dorms,Math_Building,Library,Dorms,Cafeteria,CS_Building,Library"
U0482_5,"Math_Building,Library,Cafeteria"
U0482_6,"Dorms,Cafeteria,Math_Building,Library"
U0482_7,"Cafeteria,Math_Building,Student_Center,Gym,Dorms,Library"
U0482_8,"Dorms,CS_Building,Student_Center,Gym,Cafeteria,Math_Building,Student_Center"
U0482_9,"Dorms,Cafeteria,CS_Building,Student_Center"
U0483_1,"Math_Building,Library,Dorms,Cafeteria,Math_Building,Library,Gym,Dorms"
U0483_10,"Gym,Dorms,CS_Building,Student_Center,Dorms,Math_Building,Student_Center,Gym"
U0483_11,"Dorms,Cafeteria,CS_Building,Cafeteria,Math_Building,Cafeteria"
U0483_12,"Dorms,Math_Building,Student_Center,Library,Cafeteria,CS_Building,Student_Center,Dorms"
U0483_13,"Dorms,CS_Building,Cafeteria,Dorms,Cafeteria,Math_Building"
U0483_2,"Dorms,Cafeteria,CS_Building,Student_Center"
U0483_3,"Dorms,CS_Building,Student_Center"
U0483_4,"Math_Building,Library,Dorms,CS_Building"
U0483_5,"Dorms,Library,Dorms,Cafeteria,CS_Building,Student_Center,Library,Student_Center,Dorms,CS_Building,Library,Cafeteria,Math_Building,Dorms,CS_Building,Student_Center"
U0483_6,"Dorms,Cafeteria,CS_Building,Cafeteria,Math_Building,Student_Center"
U0483_7,"Dorms,Cafeteria,Math_Building,Cafeteria"
U0483_8,"Dorms,Math_Building,Student_Center,Gym,Cafeteria,Math_Building,Dorms,Math_Building,Student_Center,Library"
U0483_9,"Dorms,CS_Building,Library,Dorms"
U0484_1,"Dorms,Cafeteria,Math_Building,Cafeteria,CS_Building"
U0484_10,"Dorms,Math_Building,Library,Dorms"
U0484_11,"Dorms,Math_Building,Library,Student_Center,Library,Cafeteria,Student_Center"
U0484_12,"Dorms,Cafeteria,Library,Dorms,CS_Building,Cafeteria"
U0484_13,"Dorms,Cafeteria,CS_Building,Student_Center,Library,Dorms,Cafeteria"
U0484_14,"Dorms,Math_Building,Library,Cafeteria,Math_Building"
U0484_15,"Dorms,CS_Building,Library"
U0484_16,"Dorms,Cafeteria,CS_Building,Cafeteria,Student_Center"
U0484_2,"Dorms,Cafeteria,Math_Building,Library,Dorms,Math_Building,Cafeteria,CS_Building"
U0484_3,"Math_Building,Library,Gym,Dorms,Math_Building,Student_Center,Dorms,Cafeteria"
U0484_4,"Dorms,Cafeteria,CS_Building,Cafeteria,CS_Building,Cafeteria"
U0484_5,"Cafeteria,Student_Center,Gym,Dorms,Library,Gym,Dorms"
U0484_6,"Library,Cafeteria,CS_Building"
U0484_7,"Dorms,Cafeteria,CS_Building,Dorms,Library,Gym,Dorms"
U0484_8,"Dorms,Cafeteria,Student_Center,Dorms"
U0484_9,"Dorms,CS_Building,Dorms,Math_Building,Dorms,CS_Building"
U0485_1,"Dorms,CS_Building,Library,Gym,Dorms,Cafeteria,CS_Building,Library"
U0485_10,"Cafeteria,CS_Building,Student_Center,Dorms"
U0485_2,"Library,Dorms,Library,Gym,Dorms,Cafeteria"
U0485_3,"Dorms,CS_Building,Library,Cafeteria,Math_Building,Student_Center"
U0485_4,"Dorms,Cafeteria,CS_Building,Student_Center,Dorms,Cafeteria,CS_Building,Library"
U0485_5,"Dorms,Cafeteria,CS_Building,Student_Center,Dorms,CS_Building,Dorms,Library,Student_Center,Library,Gym,Dorms,Library"
U0485_6,"Dorms,Cafeteria,CS_Building,Library,Dorms,Cafeteria"
U0485_7,"CS_Building,Library,Gym,Dorms"
U0485_8,"Dorms,CS_Building,Cafeteria,CS_Building,Library"
U0485_9,"Dorms,Math_Building,Student_Center,Dorms,Cafeteria,Dorms,Library,Cafeteria,Math_Building,Cafeteria,CS_Building"
U0486_1,"Dorms,Cafeteria,CS_Building,Library"
U0486_10,"Dorms,Cafeteria,Student_Center,Dorms,Cafeteria"
U0486_11,"Dorms,Cafeteria,Math_Building,Dorms,Cafeteria,CS_Building,Student_Center,Gym,Cafeteria,CS_Building"
U0486_12,"Gym,Dorms,Cafeteria,Student_Center,Dorms,Math_Building,Cafeteria,Math_Building"
U0486_13,"Math_Building,Student_Center,Dorms,Math_Building,Dorms,Cafeteria,Student_Center,Library,Dorms,CS_Building,Library,Student_Center"
U0486_2,"Dorms,Cafeteria,Library,Cafeteria,Math_Building,Student_Center,Gym,Dorms"
U0486_3,"Dorms,Math_Building,Dorms,Cafeteria,CS_Building,Cafeteria,CS_Building,Cafeteria"
U0486_4,"Math_Building,Library,Gym,Dorms,Math_Building,Student_Center,Dorms,Math_Building"
U0486_5,"Dorms,Library,Dorms,Cafeteria,CS_Building,Dorms,Cafeteria,Library,Cafeteria,Math_Building,Dorms,Cafeteria,CS_Building"
U0486_6,"Dorms,CS_Building,Cafeteria,Library,Dorms,Math_Building"
U0486_7,"Dorms,CS_Building,Library"
U0486_8,"Dorms,Math_Building,Library"
U0486_9,"Dorms,Cafeteria,Math_Building"
U0487_1,"Dorms,Math_Building,Cafeteria,Library,Dorms,CS_Building,Dorms,Cafeteria"
U0487_10,"Dorms,Cafeteria,CS_Building,Dorms,Cafeteria"
U0487_11,"Dorms,Library,Dorms,Math_Building,Student_Center,Library,Cafeteria,Math_Building"
U0487_12,"Dorms,CS_Building,Student_Center,Gym,Dorms,CS_Building,Library,Gym"
U0487_13,"Dorms,Cafeteria,CS_Building,Cafeteria,Student_Center,Dorms"
U0487_14,"Dorms,Cafeteria,CS_Building,Cafeteria,CS_Building,Library,Dorms,Math_Building"
U0487_2,"CS_Building,Library,Student_Center,Dorms,Cafeteria,CS_Building"
U0487_3,"Library,Cafeteria,Library,Dorms,Math_Building"
U0487_4,"Dorms,Cafeteria,Library,Dorms,Cafeteria,Student_Center,Dorms,Cafeteria"
U0487_5,"Cafeteria,CS_Building,Library,Gym,Dorms,Cafeteria,Library,Dorms"
U0487_6,"Dorms,CS_Building,Library"
U0487_7,"Dorms,CS_Building,Dorms,Cafeteria,Library,Cafeteria,Math_Building"
U0487_8,"Dorms,Cafeteria,Math_Building,Dorms,Library,Dorms,Cafeteria,Math_Building"
U0487_9,"CS_Building,Library,Dorms"
U0488_1,"Dorms,Cafeteria,CS_Building,Library"
U0488_10,"Dorms,Math_Building,Dorms,Cafeteria,CS_Building,Library,Cafeteria,CS_Building,Math_Building,Dorms,CS_Building,Cafeteria,CS_Building,Student_Center,Dorms"
U0488_11,"Dorms,Cafeteria,Math_Building,Library,Cafeteria,Math_Building,Cafeteria,CS_Building"
U0488_12,"Dorms,Math_Building,Library,Gym,Dorms,CS_Building"
U0488_2,"Dorms,Library,Cafeteria"
U0488_3,"Dorms,Library,Dorms,Cafeteria"
U0488_4,"Dorms,Library,Dorms,Cafeteria,CS_Building,Student_Center"
U0488_5,"Dorms,Math_Building,Cafeteria,Math_Building,Cafeteria,CS_Building,Dorms,CS_Building,Student_Center,Dorms"
U0488_6,"CS_Building,Student_Center,Library"
U0488_7,"Dorms,Cafeteria,Math_Building,Student_Center,Library,Dorms"
U0488_8,"Dorms,Cafeteria,Math_Building,Student_Center,Library,Gym"
U0488_9,"Dorms,Cafeteria,Math_Building,Student_Center,Dorms,Library"
U0489_1,"Dorms,Math_Building,Student_Center,Dorms"
U0489_10,"Library,Student_Center,Gym,Cafeteria,Library"
U0489_2,"Dorms,Cafeteria,Library,Gym,Dorms,Library,Dorms,CS_Building,Dorms,CS_Building,Student_Center,Gym,Dorms,Cafeteria,Math_Building,Library"
U0489_3,"Dorms,Cafeteria,Math_Building"
U0489_4,"Dorms,CS_Building,Dorms,Cafeteria,Library,Dorms,Cafeteria"
U0489_5,"Dorms,Cafeteria,CS_Building,Library,Gym,Dorms,Cafeteria"
U0489_6,"Dorms,Cafeteria,CS_Building,Cafeteria,Student_Center,Gym,Cafeteria,Library"
U0489_7,"Dorms,Library,Gym,Dorms,Cafeteria,Math_Building,Dorms,CS_Building,Cafeteria,Math_Building,Library,Cafeteria,Library"
U0489_8,"Dorms,Cafeteria,Library,Cafeteria,Math_Building,Library"
U0489_9,"Cafeteria,Library,Dorms"
U0490_1,"Dorms,Cafeteria,CS_Building,Library,Gym,Dorms"
U0490_2,"Dorms,Cafeteria,Math_Building,Student_Center"
U0490_3,"Dorms,Library,Student_Center,Library,Student_Center,Library,Dorms,Cafeteria,Cafeteria,CS_Building,Student_Center,Gym,Dorms"
U0490_4,"Dorms,CS_Building,Cafeteria,CS_Building,Cafeteria,Dorms,Library,Dorms,Cafeteria,Math_Building,Cafeteria,Library"
U0490_5,"Gym,Cafeteria,Math_Building,Cafeteria,CS_Building,Library,Student_Center"
U0490_6,"Dorms,Cafeteria,CS_Building,Library,Dorms,Math_Building,Library,Cafeteria,CS_Building,Library,Cafeteria,CS_Building"
U0490_7,"Dorms,CS_Building,Dorms,CS_Building,Student_Center,Dorms"
U0490_8,"Math_Building,Cafeteria,CS_Building"
U0490_9,"Dorms,Cafeteria,Math_Building,Cafeteria"
U0491_1,"Dorms,Library,Student_Center,Gym,Cafeteria,CS_Building,Library,Cafeteria"
U0491_10,"Dorms,Cafeteria,Math_Building,Library,Gym,Dorms"
U0491_11,"Dorms,Cafeteria,Library,Cafeteria,Library,Cafeteria"
U0491_12,"Dorms,Cafeteria,Math_Building"
U0491_13,"Dorms,Math_Building,Library"
U0491_2,"Dorms,Cafeteria,Library,Dorms,CS_Building,Library"
U0491_3,"Cafeteria,Library,Dorms,Library,Cafeteria"
U0491_4,"Dorms,Cafeteria,Math_Building,Dorms,CS_Building,Student_Center"
U0491_5,"Dorms,Cafeteria,CS_Building,Library,Cafeteria,Student_Center,Gym"
U0491_6,"Dorms,Math_Building,Library,Cafeteria,Library,Dorms,Cafeteria"
U0491_7,"Dorms,Library,Dorms,Cafeteria,CS_Building"
U0491_8,"Dorms,Math_Building,Dorms,Library"
U0491_9,"Math_Building,Cafeteria,Math_Building,Cafeteria"
U0492_1,"Dorms,Math_Building,Cafeteria"
U0492_10,"Dorms,Cafeteria,Math_Building,Cafeteria"
U0492_11,"Dorms,Library,Gym,Dorms,Math_Building"
U0492_12,"Dorms,Cafeteria,CS_Building"
U0492_13,"Dorms,Cafeteria,Library,Dorms,Math_Building,Dorms,Library"
U0492_14,"Dorms,Math_Building,Student_Center,Library"
U0492_15,"Dorms,Math_Building,Dorms,Math_Building"
U0492_2,"Dorms,Cafeteria,Math_Building"
U0492_3,"Dorms,CS_Building,Student_Center,Dorms,CS_Building,Cafeteria,CS_Building,Library"
U0492_4,"Dorms,Cafeteria,Library,Student_Center,Gym,Dorms,CS_Building,Cafeteria"
U0492_5,"CS_Building,Library,Dorms,Math_Building,Student_Center,Library,Dorms"
U0492_6,"Dorms,Cafeteria,Math_Building,Cafeteria,Math_Building,Cafeteria,Dorms,Library,Dorms,CS_Building,Cafeteria"
U0492_7,"Library,Dorms,Cafeteria"
U0492_8,"Dorms,Cafeteria,CS_Building"
U0492_9,"Student_Center,Gym,Dorms"
U0493_1,"CS_Building,Dorms,Library,Dorms"
U0493_10,"Dorms,CS_Building,Cafeteria,Math_Building,Cafeteria,Student_Center,Dorms"
U0493_11,"Dorms,Cafeteria,Library,Dorms,Library"
U0493_12,"Gym,Dorms,Cafeteria,Math_Building,Cafeteria,CS_Building"
U0493_13,"Student_Center,Dorms,CS_Building,Student_Center,Gym,Cafeteria"
U0493_14,"Dorms,Cafeteria,Library,Cafeteria"
U0493_15,"Dorms,Cafeteria,CS_Building,Student_Center,Dorms,Library"
U0493_2,"Library,Gym,Dorms,Math_Building"
U0493_3,"Dorms,Cafeteria,Math_Building,Cafeteria,CS_Building,Library,Student_Center"
U0493_4,"Dorms,Cafeteria,Library,Dorms,Math_Building,Student_Center,Gym,Dorms"
U0493_5,"Cafeteria,CS_Building,Library,Student_Center,Gym"
U0493_6,"Dorms,Cafeteria,Math_Building,Student_Center,Dorms,CS_Building,Dorms,Cafeteria"
U0493_7,"Cafeteria,CS_Building,Cafeteria,Math_Building,Student_Center,Gym,Dorms,Cafeteria"
U0493_8,"Dorms,Cafeteria,CS_Building,Library,Dorms"
U0493_9,"Dorms,Cafeteria,CS_Building,Library,Cafeteria,CS_Building,Dorms,CS_Building,Cafeteria"
U0494_1,"Dorms,CS_Building,Library"
U0494_10,"Dorms,Cafeteria,Math_Building"
U0494_11,"Dorms,Cafeteria,Math_Building,Cafeteria"
U0494_12,"Dorms,CS_Building,Dorms,Library,Gym"
U0494_13,"Dorms,Cafeteria,Library,Dorms,Library,Dorms,Math_Building"
U0494_14,"Library,Dorms,Math_Building,Dorms,CS_Building,Library,Gym,Dorms"
U0494_15,"Dorms,Cafeteria,Math_Building,Student_Center,Gym,Dorms"
U0494_16,"Student_Center,Dorms,CS_Building,Library,Cafeteria"
U0494_2,"Math_Building,Cafeteria,Library,Dorms,Dorms,CS_Building,Cafeteria,Library,Dorms,Library,Dorms,Cafeteria"
U0494_3,"Dorms,CS_Building,Library,Dorms,CS_Building,Cafeteria,Library,Dorms,Cafeteria,Math_Building"
U0494_4,"Dorms,Cafeteria,CS_Building,Library,Cafeteria,Library,Cafeteria,CS_Building"
U0494_5,"Dorms,Math_Building,Library,Cafeteria,CS_Building"
U0494_6,"Dorms,Cafeteria,Library,Cafeteria,CS_Building,Library,Gym,Dorms"
U0494_7,"Dorms,Math_Building,Student_Center,Gym,Library,Dorms,CS_Building,Student_Center,Dorms,CS_Building,Cafeteria,CS_Building"
U0494_8,"Student_Center,Dorms,Library,Dorms"
U0494_9,"Gym,Cafeteria,Library,Dorms,Math_Building,Library,Dorms,Library"
U0495_1,"Dorms,Cafeteria,CS_Building,Student_Center,Dorms,Cafeteria,Student_Center,Library,Dorms,Cafeteria"
U0495_10,"Math_Building,Library,Dorms,CS_Building,Student_Center,Library"
U0495_11,"Dorms,Cafeteria,Math_Building,Cafeteria,CS_Building,Dorms"
U0495_12,"Dorms,Cafeteria,Library,Student_Center,Gym,Dorms"
U0495_13,"Dorms,Cafeteria,Math_Building,Library"
U0495_14,"Dorms,Library,Gym,Dorms,Cafeteria,Student_Center,Dorms,Cafeteria"
U0495_15,"Dorms,Cafeteria,CS_Building,Dorms,CS_Building,Dorms"
U0495_2,"Dorms,CS_Building,Student_Center,Dorms"
U0495_3,"Dorms,Library,Gym,Dorms"
U0495_4,"Dorms,Cafeteria,Math_Building,Student_Center,Library,Dorms,Math_Building"
U0495_5,"Dorms,Cafeteria,Library,Gym,Dorms,Cafeteria"
U0495_6,"Dorms,Cafeteria,Math_Building,Student_Center,Gym,Cafeteria,CS_Building"
U0495_7,"Dorms,Cafeteria,CS_Building,Student_Center,Gym"
U0495_8,"Dorms,Math_Building,Library,Gym,Dorms"
U0495_9,"Dorms,Cafeteria,Library,Dorms,Library,Dorms,Cafeteria"
U0496_1,"Dorms,Cafeteria,CS_Building,Dorms,Cafeteria,Math_Building,Library,Dorms"
U0496_10,"Dorms,CS_Building,Cafeteria"
U0496_11,"CS_Building,Library,Cafeteria,Math_Building"
U0496_12,"Gym,Dorms,Cafeteria,Library"
U0496_13,"Dorms,Cafeteria,Library,Cafeteria,Math_Building,Student_Center"
U0496_14,"Library,Dorms,Cafeteria,CS_Building,Library"
U0496_2,"Math_Building,Library,Gym,Dorms,CS_Building,Cafeteria,Library,Dorms"
U0496_3,"Gym,Cafeteria,Math_Building"
U0496_4,"Gym,Cafeteria,Library,Dorms"
U0496_5,"Dorms,Cafeteria,Student_Center,Dorms"
U0496_6,"Dorms,Math_Building,Library,Cafeteria,Math_Building"
U0496_7,"Dorms,Cafeteria,Math_Building,Student_Center,Dorms,CS_Building,Library"
U0496_8,"Cafeteria,Library,Gym,Dorms,Cafeteria,Math_Building"
U0496_9,"Dorms,CS_Building,Student_Center"
U0497_1,"Dorms,Cafeteria,CS_Building,Student_Center,Dorms,Dorms,Cafeteria,CS_Building,Library,Cafeteria,Math_Building"
U0497_10,"Dorms,CS_Building,Dorms,Library,Dorms,Cafeteria,Student_Center,Gym"
U0497_11,"Dorms,Cafeteria,Math_Building,Library,Cafeteria,Math_Building"
U0497_12,"Dorms,Cafeteria,Student_Center,Gym,Cafeteria,CS_Building,Student_Center"
U0497_13,"Dorms,Library,Dorms,Cafeteria,CS_Building"
U0497_14,"Dorms,Library,Dorms,CS_Building,Library,Gym,Dorms,Library"
U0497_2,"Dorms,Cafeteria,Math_Building,Cafeteria,CS_Building"
U0497_3,"Dorms,CS_Building,Cafeteria,Library,Dorms"
U0497_4,"Dorms,CS_Building,Library"
U0497_5,"Dorms,Math_Building,Student_Center"
U0497_6,"Dorms,Cafeteria,CS_Building,Library,Cafeteria,Student_Center,Library,Cafeteria,Library"
U0497_7,"Dorms,Library,Dorms,CS_Building,Student_Center,Dorms,CS_Building"
U0497_8,"Dorms,Math_Building,Student_Center,Gym,Dorms"
U0497_9,"Dorms,Math_Building,Cafeteria,Library,Dorms,Library"
U0498_1,"Dorms,CS_Building,Student_Center,Dorms,Dorms,Cafeteria,Math_Building,Cafeteria,CS_Building,Student_Center,Library,Dorms"
U0498_10,"Student_Center,Dorms,CS_Building,Library,Dorms,Cafeteria"
U0498_11,"Dorms,Cafeteria,CS_Building,Library,Dorms,Library,Dorms"
U0498_12,"Dorms,Library,Dorms,Cafeteria,Student_Center,Library,Student_Center"
U0498_13,"Dorms,Math_Building,Dorms,Math_Building,Student_Center,Library,Gym,Dorms"
U0498_14,"Dorms,Cafeteria,Math_Building,Library,Cafeteria,CS_Building,Cafeteria,CS_Building"
U0498_15,"Dorms,Math_Building,Library,Cafeteria,Student_Center,Gym"
U0498_2,"Math_Building,Student_Center,Dorms,Cafeteria,Math_Building,Library,Student_Center,Gym"
U0498_3,"Dorms,Cafeteria,Math_Building,Cafeteria,CS_Building,Library,Cafeteria"
U0498_4,"Dorms,CS_Building,Cafeteria,CS_Building,Library,Cafeteria,Math_Building,Library"
U0498_5,"Dorms,Cafeteria,Math_Building"
U0498_6,"Dorms,Library,Dorms,Cafeteria,Library,Cafeteria,Math_Building"
U0498_7,"Student_Center,Dorms,Cafeteria,CS_Building,Library,Dorms,Math_Building"
U0498_8,"Dorms,Cafeteria,Library,Cafeteria,Library"
U0498_9,"Math_Building,Dorms,Cafeteria,CS_Building,Cafeteria,CS_Building,Library,Dorms"
U0499_1,"Math_Building,Dorms,Math_Building"
U0499_10,"Dorms,Cafeteria,CS_Building,Cafeteria"
U0499_11,"Gym,Dorms,Cafeteria,CS_Building,Dorms,Cafeteria,Math_Building,Student_Center"
U0499_12,"Dorms,Cafeteria,CS_Building,Cafeteria,CS_Building,Student_Center"
U0499_13,"Gym,Dorms,Cafeteria"
U0499_2,"CS_Building,Library,Dorms,CS_Building,Library,Cafeteria,CS_Building"
U0499_3,"Dorms,Cafeteria,CS_Building,Dorms,Cafeteria,CS_Building,Cafeteria,Dorms,CS_Building,Library,Cafeteria,Math_Building,Dorms"
U0499_4,"Dorms,CS_Building,Library,Dorms,Cafeteria,Library,Dorms"
U0499_5,"Dorms,Math_Building,Library,Cafeteria"
U0499_6,"Dorms,Library,Cafeteria,Student_Center,Dorms"
U0499_7,"Dorms,Math_Building,Student_Center,Dorms,CS_Building,Library,Dorms,Dorms,Cafeteria,Student_Center,Library"
U0499_8,"Dorms,Cafeteria,Library,Dorms,CS_Building,Dorms,CS_Building,Student_Center,Dorms,CS_Building,Library"
U0499_9,"Dorms,Cafeteria,CS_Building"
U0500_1,"Dorms,Math_Building,Dorms,Math_Building,Cafeteria,Math_Building"
U0500_10,"Dorms,Cafeteria,Library"
U0500_11,"Math_Building,Library,Gym,Dorms"
U0500_12,"Dorms,Math_Building,Dorms"
U0500_2,"Dorms,CS_Building,Library,Cafeteria,Library,Dorms,Cafeteria,Library,Dorms,CS_Building,Student_Center,Dorms,Library,Cafeteria,Library,Student_Center"
U0500_3,"Dorms,Math_Building,Student_Center,Gym,Dorms,Cafeteria,CS_Building"
U0500_4,"Dorms,Math_Building,Dorms,Math_Building"
U0500_5,"Math_Building,Student_Center,Library,Dorms,Cafeteria,Math_Building"
U0500_6,"CS_Building,Student_Center,Library,Dorms,Cafeteria"
U0500_7,"Dorms,Cafeteria,Library,Cafeteria,Math_Building"
U0500_8,"Dorms,Cafeteria,Student_Center,Dorms"
U0500_9,"Student_Center,Gym,Dorms,Cafeteria,Student_Center"
U0501_1,"Cafeteria,Library,Dorms,Cafeteria,Student_Center,Gym,Dorms"
U0501_10,"CS_Building,Cafeteria,CS_Building,Library,Dorms,Math_Building,Cafeteria"
U0501_11,"Dorms,Cafeteria,Math_Building,Dorms"
U0501_12,"Dorms,CS_Building,Dorms,Cafeteria,Math_Building,Library"
U0501_13,"Dorms,CS_Building,Library,Cafeteria,CS_Building,Library,Dorms"
U0501_14,"Dorms,Cafeteria,Math_Building,Library"
U0501_2,"Dorms,CS_Building,Library,Gym"
U0501_3,"Student_Center,Gym,Dorms,Cafeteria,Library,Dorms,Cafeteria,Math_Building,Dorms,CS_Building,Library,Cafeteria,Math_Building"
U0501_4,"Dorms,Math_Building,Cafeteria,Math_Building"
U0501_5,"Library,Gym,Dorms,Library,Gym,Dorms,Library,Cafeteria,Gym,Dorms,CS_Building"
U0501_6,"Library,Cafeteria,CS_Building,Cafeteria,Math_Building,Student_Center,Gym"
U0501_7,"Dorms,Math_Building,Student_Center,Dorms,Math_Building,Cafeteria,CS_Building,Student_Center"
U0501_8,"Gym,Dorms,Cafeteria,Library,Gym,Dorms,Cafeteria"
U0501_9,"Gym,Dorms,Cafeteria,Math_Building"
U0502_1,"Dorms,CS_Building,Library,Gym,Dorms"
U0502_10,"Dorms,Cafeteria,Library,Dorms,Cafeteria,CS_Building,Library,Dorms"
U0502_11,"Dorms,Math_Building,Dorms,Cafeteria,Math_Building"
U0502_2,"Dorms,Cafeteria,Math_Building,Dorms,Math_Building,Dorms,Dorms,Math_Building,Dorms,Cafeteria"
U0502_3,"Dorms,Math_Building,Library,Cafeteria,CS_Building,Cafeteria,Library,Dorms"
U0502_4,"Dorms,Cafeteria,Library,Cafeteria,Library,Student_Center,Dorms,Cafeteria,Math_Building,Dorms,CS_Building,Library,Student_Center"
U0502_5,"Gym,Cafeteria,Student_Center,Library,Cafeteria"
U0502_6,"Dorms,Math_Building,Student_Center,Dorms,Math_Building"
U0502_7,"CS_Building,Library,Student_Center,Gym,Dorms"
U0502_8,"Library,Dorms,Cafeteria,CS_Building,Cafeteria,Student_Center,Dorms,Math_Building"
U0502_9,"Dorms,Cafeteria,CS_Building,Library,Dorms,Math_Building,Student_Center"
U0503_1,"Dorms,Library,Cafeteria,Math_Building,Student_Center,Library,Cafeteria,Dorms,Cafeteria,CS_Building"
U0503_10,"Dorms,Library,Student_Center,Dorms,Cafeteria,Math_Building"
U0503_11,"Dorms,Math_Building,Cafeteria,CS_Building,Library"
U0503_12,"Dorms,Cafeteria,Math_Building,Dorms,Math_Building,Student_Center,Library"
U0503_13,"Cafeteria,CS_Building,Student_Center,Dorms,Math_Building"
U0503_2,"Dorms,CS_Building,Student_Center,Library,Cafeteria"
U0503_3,"Dorms,Math_Building,Library,Student_Center,Gym,Dorms,Math_Building,Cafeteria"
U0503_4,"Dorms,Math_Building,Student_Center,Gym,Dorms,Math_Building,Cafeteria,CS_Building"
U0503_5,"Dorms,Library,Cafeteria,Math_Building"
U0503_6,"Dorms,Cafeteria,CS_Building,Library,Dorms,Math_Building,Student_Center"
U0503_7,"Dorms,Cafeteria,Library,Dorms"
U0503_8,"Student_Center,Library,Gym,Dorms,Library,Cafeteria,Student_Center,Dorms,Cafeteria,Math_Building"
U0503_9,"Dorms,CS_Building,Dorms,Library,Student_Center,Library,Student_Center"
U0504_1,"Dorms,Library,Dorms,Student_Center,Dorms,Cafeteria,Math_Building,Cafeteria,CS_Building,Library,Dorms"
U0504_10,"Cafeteria,CS_Building,Student_Center,Dorms,Cafeteria,Library,Dorms,Cafeteria"
U0504_11,"Student_Center,Dorms,Math_Building,Cafeteria,Library,Cafeteria"
U0504_12,"Dorms,Library,Cafeteria,Math_Building,Cafeteria,Math_Building"
U0504_13,"Student_Center,Dorms,Library,Dorms,Cafeteria,Math_Building"
U0504_14,"Dorms,CS_Building,Student_Center,Library,Cafeteria,CS_Building,Library,Dorms,Cafeteria,CS_Building,Library,Dorms,CS_Building,Cafeteria,Student_Center,Library"
U0504_2,"Gym,Dorms,CS_Building"
U0504_3,"Dorms,CS_Building,Library,Cafeteria"
U0504_4,"Library,Cafeteria,CS_Building,Cafeteria,CS_Building,Library"
U0504_5,"Gym,Dorms,Cafeteria,CS_Building,Library"
U0504_6,"Dorms,Library,Gym,Dorms,Cafeteria,Math_Building"
U0504_7,"Dorms,CS_Building,Student_Center,Library"
U0504_8,"Dorms,Cafeteria,Library,Gym,Dorms,Cafeteria,Library"
U0504_9,"Dorms,CS_Building,Student_Center,Gym,Dorms,Math_Building,Cafeteria,Library"
U0505_1,"Dorms,Cafeteria,CS_Building,Cafeteria"
U0505_10,"Dorms,Cafeteria,Math_Building,Library,Dorms,Cafeteria,Library"
U0505_11,"CS_Building,Library,Dorms,Math_Building,Student_Center,Dorms,CS_Building,Student_Center"
U0505_12,"Dorms,Cafeteria,Student_Center,Library,Dorms,Cafeteria"
U0505_13,"Dorms,Cafeteria,CS_Building,Student_Center,Library"
U0505_14,"CS_Building,Library,Dorms,Cafeteria,Library,Dorms"
U0505_2,"Dorms,Cafeteria,Library,Gym,Cafeteria,CS_Building,Library,Cafeteria"
U0505_3,"Dorms,Cafeteria,Library"
U0505_4,"Library,Dorms,Math_Building,Library"
U0505_5,"Dorms,CS_Building,Cafeteria,Student_Center,Gym,Cafeteria,Math_Building,Library"
U0505_6,"Dorms,Library,Dorms,Cafeteria"
U0505_7,"Dorms,Library,Cafeteria,Library,Gym,Dorms,CS_Building"
U0505_8,"Dorms,Cafeteria,CS_Building,Library,Cafeteria,CS_Building,Library"
U0505_9,"Student_Center,Library,Gym,Dorms,Cafeteria,CS_Building,Library"
U0506_1,"Dorms,Cafeteria,Math_Building,Student_Center,Dorms"
U0506_10,"Dorms,Cafeteria,Library"
U0506_11,"Gym,Dorms,Cafeteria,Math_Building,Dorms,Library,Cafeteria"
U0506_12,"Dorms,Cafeteria,Math_Building"
U0506_13,"Dorms,CS_Building,Student_Center,Dorms,Cafeteria,CS_Building,Library,Gym"
U0506_14,"Student_Center,Library,Dorms,CS_Building,Student_Center,Dorms,CS_Building"
U0506_2,"Dorms,Cafeteria,Library,Dorms,Library"
U0506_3,"Gym,Dorms,Cafeteria,CS_Building,Library,Cafeteria,Library"
U0506_4,"Dorms,Cafeteria,Library,Cafeteria,Library"
U0506_5,"Dorms,Cafeteria,Library"
U0506_6,"Dorms,CS_Building,Cafeteria,Library,Gym,Dorms"
U0506_7,"Dorms,Cafeteria,Library,Dorms,Cafeteria,Library,Gym,Cafeteria"
U0506_8,"Dorms,Cafeteria,Student_Center,Library,Gym,Dorms,Math_Building,Cafeteria"
U0506_9,"Dorms,Cafeteria,Student_Center,Dorms,Cafeteria,Math_Building,Cafeteria"
U0507_1,"Dorms,Cafeteria,Library,Dorms,Math_Building,Library"
U0507_10,"Library,Cafeteria,CS_Building,Library,Dorms,Cafeteria,CS_Building"
U0507_11,"Cafeteria,Library,Dorms,Math_Building,Cafeteria,CS_Building,Student_Center"
U0507_12,"Dorms,Cafeteria,CS_Building,Library,Dorms,Cafeteria"
U0507_13,"Dorms,Cafeteria,Math_Building,Dorms,Math_Building,Cafeteria,CS_Building"
U0507_14,"Dorms,CS_Building,Cafeteria,Library,Dorms"
U0507_2,"Gym,Dorms,Cafeteria,Math_Building,Student_Center,Gym,Cafeteria,Math_Building"
U0507_3,"Math_Building,Library,Dorms,Cafeteria,Math_Building"
U0507_4,"Dorms,CS_Building,Library,Student_Center,Dorms,Library,Gym,Dorms"
U0507_5,"Dorms,Library,Dorms"
U0507_6,"Gym,Dorms,CS_Building,Library,Cafeteria,CS_Building,Library"
U0507_7,"Dorms,Cafeteria,CS_Building,Library,Cafeteria,Math_Building,Student_Center,Library,Cafeteria,Library,Dorms"
U0507_8,"CS_Building,Dorms,Math_Building"
U0507_9,"CS_Building,Dorms,Math_Building,Dorms,Cafeteria,Student_Center,Library"
U0508_1,"Dorms,Cafeteria,CS_Building,Student_Center,Library,Dorms"
U0508_10,"Dorms,Math_Building,Dorms,CS_Building,Library"
U0508_11,"Dorms,Cafeteria,Math_Building,Dorms,Cafeteria"
U0508_12,"Dorms,Cafeteria,Student_Center,Gym"
U0508_13,"Dorms,Math_Building,Library,Cafeteria,CS_Building,Library,Dorms,Cafeteria"
U0508_14,"Dorms,Cafeteria,CS_Building,Cafeteria,CS_Building,Library,Cafeteria"
U0508_2,"Dorms,CS_Building,Dorms,Math_Building,Dorms,Math_Building,Student_Center,Library"
U0508_3,"Dorms,CS_Building,Student_Center,Gym,Cafeteria,CS_Building,Student_Center"
U0508_4,"Dorms,Cafeteria,Student_Center,Gym,Dorms"
U0508_5,"Dorms,Math_Building,Library,Dorms,Cafeteria,Library"
U0508_6,"Dorms,Cafeteria,Library,Student_Center,Library,Cafeteria,Library"
U0508_7,"Dorms,CS_Building,Library,Dorms,Cafeteria,Math_Building,Library"
U0508_8,"Dorms,Math_Building,Library,Gym,Dorms,CS_Building,Student_Center,Library"
U0508_9,"Dorms,Cafeteria,CS_Building,Cafeteria,Math_Building"
U0509_1,"Dorms,CS_Building,Student_Center"
U0509_10,"Dorms,Cafeteria,CS_Building,Cafeteria"
U0509_11,"Dorms,Math_Building,Dorms,Math_Building,Student_Center"
U0509_12,"Dorms,Cafeteria,Math_Building"
U0509_13,"Dorms,CS_Building,Cafeteria,Math_Building,Cafeteria,CS_Building,Student_Center"
U0509_14,"Dorms,Cafeteria,Math_Building"
U0509_2,"Dorms,Cafeteria,CS_Building,Library,Dorms"
U0509_3,"Dorms,Cafeteria,Library,Cafeteria,CS_Building,Library"
U0509_4,"Dorms,Cafeteria,Math_Building,Library,Dorms,Cafeteria"
U0509_5,"Dorms,Math_Building,Cafeteria,CS_Building,Student_Center"
U0509_6,"Dorms,Math_Building,Cafeteria,CS_Building,Cafeteria,CS_Building,Library,Gym,Dorms,Cafeteria,CS_Building,Cafeteria,CS_Building,Dorms,Cafeteria,CS_Building,Cafeteria,Math_Building,Cafeteria,Math_Building,Student_Center"
U0509_7,"Math_Building,Cafeteria,Math_Building,Dorms,Library,Gym"
U0509_8,"Dorms,CS_Building,Library,Dorms"
U0509_9,"Dorms,Cafeteria,Math_Building,Library,Dorms"
U0510_1,"Dorms,Cafeteria,Math_Building,Student_Center,Dorms"
U0510_10,"Dorms,Cafeteria,Math_Building,Library,Dorms,Cafeteria,Student_Center,Gym"
U0510_11,"Dorms,Cafeteria,CS_Building,Library,Dorms"
U0510_12,"Dorms,Cafeteria,CS_Building,Library,Gym,Cafeteria,Library"
U0510_13,"Dorms,Cafeteria,Library,Cafeteria,CS_Building"
U0510_14,"CS_Building,Library,Dorms,Math_Building,Library,Gym,Cafeteria"
U0510_15,"Dorms,Cafeteria,Math_Building,Dorms,Cafeteria,Library"
U0510_16,"Dorms,Library,Gym,Dorms,Cafeteria,CS_Building,Library"
U0510_2,"Dorms,CS_Building,Cafeteria,CS_Building,Student_Center"
U0510_3,"Dorms,Cafeteria,CS_Building,Gym,Dorms,CS_Building"
U0510_4,"Dorms,Cafeteria,CS_Building,Student_Center,Gym,Dorms,CS_Building,Student_Center"
U0510_5,"Dorms,CS_Building,Library,Dorms,CS_Building"
U0510_6,"Cafeteria,CS_Building,Cafeteria"
U0510_7,"Dorms,CS_Building,Cafeteria,Student_Center,Library"
U0510_8,"Dorms,Math_Building,Library,Dorms,CS_Building,Dorms,Library"
U0510_9,"Dorms,Cafeteria,Math_Building,Student_Center,Gym,Dorms,Math_Building"
U0511_1,"Dorms,Library,Student_Center,Dorms,Cafeteria"
U0511_10,"Gym,Dorms,CS_Building,Library,Dorms,Cafeteria"
U0511_11,"Dorms,Math_Building,Library,Student_Center,Gym"
U0511_2,"Dorms,Cafeteria,CS_Building,Cafeteria,Library,Gym,Dorms,Dorms,Math_Building,Library,Gym,Dorms,Math_Building,Cafeteria,CS_Building"
U0511_3,"Dorms,Cafeteria,Math_Building,Cafeteria,Library"
U0511_4,"Dorms,Cafeteria,Math_Building,Dorms,CS_Building,Cafeteria"
U0511_5,"Dorms,Math_Building,Dorms,Math_Building"
U0511_6,"Gym,Dorms,Cafeteria"
U0511_7,"Dorms,Cafeteria,Math_Building,Dorms,CS_Building,Cafeteria"
U0511_8,"Dorms,Cafeteria,CS_Building,Library,Dorms,Cafeteria,Library,Cafeteria,CS_Building,Library,Dorms"
U0511_9,"Dorms,Library,Gym,Dorms,CS_Building"
U0512_1,"Dorms,CS_Building,Library,Dorms,Cafeteria,Student_Center,Gym,Dorms"
U0512_2,"Dorms,CS_Building,Cafeteria,CS_Building"
U0512_3,"Student_Center,Dorms,Cafeteria"
U0512_4,"CS_Building,Library,Gym,Dorms,Library,Gym,Dorms,Math_Building,Library,Dorms,Cafeteria,CS_Building"
U0512_5,"Dorms,Cafeteria,Math_Building,Library"
U0512_6,"Dorms,Cafeteria,CS_Building,Library"
U0512_7,"Dorms,Library,Student_Center,Gym,Dorms,Cafeteria"
U0512_8,"Dorms,Library,Dorms,Cafeteria,Library"
U0512_9,"Dorms,Math_Building,Dorms,Library,Cafeteria,Dorms,CS_Building,Library,Dorms,CS_Building"
U0513_1,"Dorms,Cafeteria,CS_Building,Dorms,Math_Building,Cafeteria,CS_Building"
U0513_2,"Dorms,Cafeteria,Math_Building,Cafeteria,Library,Cafeteria,CS_Building"
U0513_3,"Dorms,Library,Dorms,Cafeteria,Math_Building,Student_Center,Gym"
U0513_4,"Dorms,Cafeteria,Library,Cafeteria,CS_Building,Library,Cafeteria,Library"
U0513_5,"Dorms,CS_Building,Student_Center,Gym,Cafeteria,Library,Dorms,Cafeteria"
U0513_6,"Dorms,Cafeteria,CS_Building"
U0513_7,"Dorms,Cafeteria,Math_Building,Cafeteria,Library,Dorms,Cafeteria"
U0513_8,"Student_Center,Gym,Dorms,CS_Building,Library,Cafeteria"
U0513_9,"Dorms,CS_Building,Student_Center,Dorms"
U0514_1,"Gym,Dorms,Cafeteria,CS_Building,Cafeteria,CS_Building,Library,Dorms"
U0514_10,"CS_Building,Student_Center,Gym,Dorms,Cafeteria,Math_Building"
U0514_11,"Dorms,Cafeteria,CS_Building,Cafeteria,CS_Building"
U0514_12,"Dorms,Library,Student_Center,Library,Student_Center,Library,Cafeteria,Library"
U0514_13,"Math_Building,Library,Gym,Dorms,Math_Building,Dorms"
U0514_14,"Dorms,Cafeteria,Library,Dorms,Cafeteria,CS_Building"
U0514_2,"Dorms,Math_Building,Cafeteria,Library,Cafeteria,Student_Center,Library"
U0514_3,"Dorms,CS_Building,Student_Center,Dorms,Library"
U0514_4,"Cafeteria,Math_Building,Student_Center,Dorms,Library,Gym,Dorms"
U0514_5,"Dorms,Math_Building,Cafeteria,CS_Building,Student_Center,Library"
U0514_6,"Dorms,Math_Building,Student_Center"
U0514_7,"Dorms,Cafeteria,Math_Building,Library,Dorms,Math_Building,Library,Gym,Dorms,Cafeteria,CS_Building,Student_Center,Gym"
U0514_8,"Dorms,Cafeteria,CS_Building,Student_Center,Dorms,Math_Building,Library,Cafeteria"
U0514_9,"Dorms,Math_Building,Library,Cafeteria"
U0515_1,"Dorms,CS_Building,Library"
U0515_10,"Dorms,CS_Building,Library,Gym,Dorms,Math_Building"
U0515_11,"Math_Building,Cafeteria,Library,Dorms,Math_Building"
U0515_12,"Library,Dorms,Math_Building,Cafeteria,Student_Center,Gym,Dorms,Cafeteria,CS_Building,Dorms,Cafeteria,CS_Building,Student_Center,Dorms,CS_Building"
U0515_2,"Dorms,CS_Building,Library,Cafeteria"
U0515_3,"Dorms,CS_Building,Library,Gym"
U0515_4,"CS_Building,Student_Center,Dorms,Math_Building,Student_Center,Dorms,CS_Building"
U0515_5,"Dorms,CS_Building,Cafeteria,Math_Building,Cafeteria,Math_Building,Library,Gym"
U0515_6,"Dorms,Library,Dorms,CS_Building,Cafeteria,CS_Building,Gym,Dorms,Cafeteria,CS_Building,Student_Center"
U0515_7,"Dorms,Cafeteria,Math_Building,Student_Center,Gym,Dorms,Cafeteria"
U0515_8,"Dorms,CS_Building,Library,Dorms,Cafeteria,Library,Cafeteria"
U0515_9,"Dorms,Cafeteria,CS_Building,Library,Dorms,Cafeteria,Library"
U0516_1,"Dorms,Cafeteria,Library,Dorms,CS_Building,Library,Gym,Dorms,Cafeteria,Math_Building,Dorms,CS_Building"
U0516_10,"Dorms,Math_Building,Student_Center,Library,Dorms,CS_Building"
U0516_11,"Dorms,Cafeteria,CS_Building,Student_Center,Gym,Dorms,Math_Building"
U0516_12,"Dorms,Math_Building,Student_Center,Dorms,CS_Building"
U0516_13,"Dorms,Cafeteria,CS_Building"
U0516_14,"Dorms,Math_Building,Dorms,Cafeteria,Math_Building,Library,Cafeteria,Dorms,Math_Building,Library,Dorms,Cafeteria,Library,Dorms,Cafeteria,Library,Cafeteria,CS_Building"
U0516_2,"Cafeteria,Math_Building,Library,Cafeteria,CS_Building,Library"
U0516_3,"Dorms,Cafeteria,Library,Student_Center"
U0516_4,"Dorms,Cafeteria,CS_Building,Student_Center,Library,Dorms"
U0516_5,"Dorms,CS_Building,Student_Center,Gym,Cafeteria,Library,Dorms"
U0516_6,"Dorms,Cafeteria,Library,Gym,Dorms,Cafeteria,Math_Building,Library"
U0516_7,"Dorms,Math_Building,Student_Center"
U0516_8,"CS_Building,Student_Center,Dorms,Math_Building,Student_Center"
U0516_9,"Dorms,Math_Building,Cafeteria,CS_Building,Cafeteria,Math_Building,Cafeteria,CS_Building"
U0517_1,"Dorms,Cafeteria,CS_Building,Student_Center,Dorms,Cafeteria,Dorms,Math_Building,Library,Gym"
U0517_10,"Dorms,Cafeteria,Math_Building,Library,Dorms,Cafeteria"
U0517_11,"Dorms,Library,Dorms,Cafeteria,Student_Center,Dorms"
U0517_12,"Dorms,Cafeteria,Library,Dorms"
U0517_13,"Dorms,Cafeteria,Math_Building,Cafeteria,Library,Dorms"
U0517_14,"Dorms,Math_Building,Cafeteria,CS_Building,Library"
U0517_2,"Dorms,Cafeteria,CS_Building"
U0517_3,"Dorms,Math_Building,Cafeteria,Math_Building"
U0517_4,"Dorms,CS_Building,Cafeteria,Library,Cafeteria,Math_Building"
U0517_5,"Cafeteria,CS_Building,Student_Center,Gym,Cafeteria,Library"
U0517_6,"Dorms,Cafeteria,CS_Building,Student_Center,Gym"
U0517_7,"Dorms,Math_Building,Library,Cafeteria,Student_Center"
U0517_8,"Dorms,Cafeteria,Math_Building,Student_Center,Library,Cafeteria"
U0517_9,"Dorms,CS_Building,Library,Student_Center,Dorms,CS_Building,Student_Center"
U0518_1,"Student_Center,Gym,Dorms,Cafeteria,Dorms,Cafeteria,CS_Building,Library"
U0518_10,"Dorms,Cafeteria,Math_Building"
U0518_11,"Dorms,Cafeteria,CS_Building,Library,Dorms"
U0518_12,"Dorms,Cafeteria,CS_Building,Student_Center,Dorms"
U0518_2,"Dorms,Cafeteria,Math_Building,Library,Dorms"
U0518_3,"Gym,Dorms,CS_Building,Student_Center,Gym,Dorms"
U0518_4,"Dorms,Cafeteria,Math_Building,Library,Gym,Dorms,Math_Building,Dorms"
U0518_5,"Cafeteria,Math_Building,Dorms,Cafeteria,CS_Building,Student_Center,Gym,Dorms,CS_Building,Student_Center,Dorms,Cafeteria,CS_Building"
U0518_6,"Dorms,Cafeteria,Library,Dorms,Cafeteria,Math_Building,Cafeteria,Student_Center,Gym"
U0518_7,"Dorms,Cafeteria,CS_Building,Student_Center,Library,Cafeteria,Student_Center,Gym"
U0518_8,"Dorms,CS_Building,Student_Center"
U0518_9,"Dorms,Math_Building,Library,Dorms"
U0519_1,"Dorms,CS_Building,Cafeteria,Library,Cafeteria,CS_Building"
U0519_10,"Dorms,Library,Dorms"
U0519_11,"CS_Building,Student_Center,Library"
U0519_12,"Dorms,Cafeteria,CS_Building,Student_Center,Dorms,Library"
U0519_2,"Library,Dorms,Math_Building,Student_Center,Dorms,Cafeteria,Student_Center"
U0519_3,"Dorms,Math_Building,Student_Center,Library,Cafeteria,Library,Gym,Dorms"
U0519_4,"Student_Center,Library,Dorms,CS_Building,Student_Center,Gym,Dorms"
U0519_5,"Dorms,Cafeteria,CS_Building"
U0519_6,"Gym,Dorms,Math_Building,Cafeteria,Math_Building,Library,Dorms,Cafeteria"
U0519_7,"Math_Building,Library,Cafeteria,Math_Building,Library"
U0519_8,"Dorms,CS_Building,Cafeteria,CS_Building,Library,Gym,Dorms,Math_Building"
U0519_9,"Dorms,CS_Building,Library,Dorms,Math_Building,Cafeteria,Dorms,Cafeteria,Student_Center,Library,Cafeteria,CS_Building,Library"
U0520_1,"Dorms,CS_Building,Dorms,CS_Building,Student_Center"
U0520_10,"Dorms,Cafeteria,Library,Cafeteria,Library"
U0520_11,"CS_Building,Student_Center,Gym,Dorms"
U0520_2,"Dorms,Math_Building,Student_Center,Library"
U0520_3,"Dorms,CS_Building,Cafeteria,Math_Building,Cafeteria,Math_Building,Dorms,CS_Building,Library,Student_Center,Dorms,Library"
U0520_4,"Library,Student_Center,Dorms,Math_Building,Cafeteria"
U0520_5,"Student_Center,Gym,Dorms"
U0520_6,"Dorms,Cafeteria,Math_Building"
U0520_7,"Student_Center,Dorms,Cafeteria,Math_Building,Cafeteria"
U0520_8,"Dorms,Cafeteria,Student_Center,Gym,Dorms,CS_Building,Student_Center"
U0520_9,"Dorms,CS_Building,Student_Center,Dorms"
U0521_1,"Dorms,Library,Dorms,Cafeteria,CS_Building"
U0521_10,"Dorms,Library,Dorms,Cafeteria,CS_Building"
U0521_11,"Dorms,Cafeteria,Student_Center,Dorms,Math_Building"
U0521_12,"Dorms,Cafeteria,Math_Building,Student_Center,Library,Student_Center,Dorms,Cafeteria"
U0521_13,"Library,Gym,Dorms,Cafeteria,Library,Cafeteria,CS_Building,Student_Center"
U0521_14,"Library,Dorms,CS_Building,Student_Center,Library"
U0521_2,"Dorms,CS_Building,Library,Gym,Dorms,Library"
U0521_3,"Dorms,CS_Building,Library,Dorms,Cafeteria,CS_Building"
U0521_4,"Dorms,Cafeteria,Student_Center,Dorms,Cafeteria,Math_Building,Cafeteria"
U0521_5,"Dorms,Math_Building,Dorms,Math_Building,Dorms"
U0521_6,"Dorms,CS_Building,Student_Center"
U0521_7,"Library,Dorms,Cafeteria,CS_Building"
U0521_8,"CS_Building,Library,Dorms,Library,Dorms,Cafeteria"
U0521_9,"Dorms,Math_Building,Dorms,Math_Building,Library"
U0522_1,"Dorms,Cafeteria,CS_Building,Cafeteria"
U0522_10,"Dorms,Library,Gym"
U0522_11,"Dorms,Math_Building,Library"
U0522_12,"Dorms,Cafeteria,CS_Building,Student_Center,Dorms,Cafeteria,Math_Building,Student_Center"
U0522_13,"Dorms,Math_Building,Student_Center,Gym,Dorms,Cafeteria,Math_Building,Dorms,Cafeteria,Student_Center,Library,Dorms,Math_Building,Library"
U0522_14,"Dorms,Cafeteria,CS_Building"
U0522_2,"Dorms,Math_Building,Dorms,Cafeteria,Math_Building,Cafeteria,CS_Building,Cafeteria"
U0522_3,"Dorms,Math_Building,Dorms,Cafeteria,Library"
U0522_4,"Dorms,Math_Building,Student_Center,Library,Cafeteria,Library,Dorms"
U0522_5,"Dorms,Cafeteria,Math_Building,Library,Student_Center,Gym,Dorms,CS_Building"
U0522_6,"Library,Gym,Dorms,Library,Dorms,Cafeteria,Math_Building"
U0522_7,"Dorms,Cafeteria,CS_Building,Cafeteria"
U0522_8,"Dorms,Cafeteria,Library,Cafeteria"
U0522_9,"Dorms,Cafeteria,Library,Dorms,Cafeteria,CS_Building,Cafeteria"
U0523_1,"Dorms,Library,Cafeteria,Math_Building,Library,Dorms,Cafeteria"
U0523_10,"Dorms,CS_Building,Library,Dorms,Math_Building,Library,Gym,Dorms,Math_Building,Student_Center,Library"
U0523_11,"Dorms,Cafeteria,Math_Building,Dorms,Library,Student_Center,Library,Cafeteria,CS_Building,Cafeteria,Student_Center"
U0523_12,"Dorms,Math_Building,Cafeteria,CS_Building"
U0523_13,"Dorms,CS_Building,Library,Cafeteria,CS_Building,Dorms"
U0523_14,"Dorms,CS_Building,Cafeteria,Student_Center"
U0523_2,"Dorms,Math_Building,Dorms,Cafeteria,CS_Building,Cafeteria,Student_Center,Library"
U0523_3,"Dorms,Cafeteria,Math_Building,Student_Center,Gym,Dorms"
U0523_4,"Dorms,CS_Building,Library,Dorms"
U0523_5,"Student_Center,Library,Student_Center,Dorms,Cafeteria,Student_Center,Dorms"
U0523_6,"Dorms,Cafeteria,Math_Building,Cafeteria,Library,Student_Center,Dorms,CS_Building"
U0523_7,"Dorms,Math_Building,Library,Dorms,Cafeteria"
U0523_8,"Dorms,Math_Building,Library,Dorms,Cafeteria,CS_Building,Library"
U0523_9,"Dorms,Library,Dorms,Cafeteria,CS_Building"
U0524_1,"Dorms,Cafeteria,CS_Building,Dorms"
U0524_2,"Dorms,Math_Building,Library,Dorms,Cafeteria,Math_Building,Library"
U0524_3,"Dorms,Math_Building,Dorms,Cafeteria,Library,Gym"
U0524_4,"Dorms,CS_Building,Student_Center"
U0524_5,"Dorms,Cafeteria,CS_Building,Student_Center,Dorms,Cafeteria,Library"
U0524_6,"Dorms,Cafeteria,CS_Building,Dorms,Dorms,Cafeteria,CS_Building,Library,Dorms,Library,Dorms"
U0524_7,"Dorms,Cafeteria,CS_Building,Library,Gym,Dorms,Cafeteria,CS_Building,Dorms,Math_Building,Student_Center,Gym,Dorms"
U0524_8,"Dorms,Library,Cafeteria,CS_Building,Cafeteria,CS_Building,Dorms,Math_Building,Cafeteria"
U0524_9,"Dorms,CS_Building,Cafeteria,Math_Building,Student_Center"
U0525_1,"Library,Student_Center,Library,Cafeteria,Library"
U0525_2,"Dorms,CS_Building,Library,Gym,Dorms"
U0525_3,"Dorms,Cafeteria,CS_Building,Cafeteria,Math_Building,Student_Center,Gym,Dorms,Dorms,Cafeteria,Math_Building,Student_Center,Library,Gym,Dorms"
U0525_4,"Dorms,Math_Building,Cafeteria"
U0525_5,"Dorms,Cafeteria,CS_Building,Library,Cafeteria,Student_Center"
U0525_6,"Dorms,Math_Building,Student_Center,Library,Dorms,Cafeteria"
U0525_7,"Math_Building,Dorms,CS_Building,Cafeteria,CS_Building,Library,Dorms"
U0525_8,"Dorms,Cafeteria,Math_Building"
U0525_9,"Gym,Cafeteria,Library,Dorms,Library,Cafeteria"
U0526_1,"Dorms,Cafeteria,CS_Building,Library,Dorms,Library,Dorms"
U0526_10,"Cafeteria,Math_Building,Dorms,CS_Building,Student_Center,Gym"
U0526_11,"Dorms,Cafeteria,Library,Cafeteria,CS_Building,Dorms"
U0526_2,"Dorms,CS_Building,Student_Center,Gym,Dorms,Math_Building,Student_Center,Dorms"
U0526_3,"Dorms,Cafeteria,Math_Building,Cafeteria,Math_Building,Dorms,Library,Dorms"
U0526_4,"Gym,Dorms,Cafeteria"
U0526_5,"Dorms,Cafeteria,Math_Building,Library,Gym,Dorms"
U0526_6,"Dorms,Cafeteria,Student_Center,Gym"
U0526_7,"Dorms,CS_Building,Library,Student_Center,Gym"
U0526_8,"Dorms,Cafeteria,CS_Building,Student_Center,Dorms,CS_Building"
U0526_9,"Dorms,Cafeteria,Student_Center,Gym,Dorms,Library,Gym,Dorms"
U0527_1,"Dorms,CS_Building,Student_Center,Dorms"
U0527_10,"Dorms,Cafeteria,Math_Building,Student_Center,Dorms"
U0527_11,"Library,Dorms,Math_Building,Cafeteria,CS_Building,Student_Center"
U0527_12,"Cafeteria,CS_Building,Student_Center,Gym,Dorms,Cafeteria,CS_Building,Library,Dorms,Cafeteria,CS_Building,Dorms"
U0527_13,"Dorms,CS_Building,Library,Cafeteria,Library,Dorms,Cafeteria,Library"
U0527_2,"Dorms,CS_Building,Library,Gym,Dorms,Cafeteria,CS_Building"
U0527_3,"Cafeteria,Student_Center,Library,Cafeteria,CS_Building,Student_Center,Dorms,Cafeteria"
U0527_4,"Dorms,Math_Building,Dorms,Math_Building,Student_Center,Gym,Dorms,Cafeteria"
U0527_5,"Dorms,Cafeteria,CS_Building,Library,Student_Center,CS_Building,Student_Center,Dorms,Cafeteria,Math_Building,Cafeteria,Library"
U0527_6,"Dorms,Cafeteria,Student_Center,Dorms,Cafeteria,CS_Building,Library,Gym"
U0527_7,"Dorms,Cafeteria,CS_Building,Cafeteria,CS_Building,Library,Student_Center,Gym"
U0527_8,"Dorms,CS_Building,Library,Student_Center,Library"
U0527_9,"Dorms,Cafeteria,CS_Building,Dorms,Cafeteria,CS_Building,Library,Cafeteria,CS_Building,Library,Cafeteria"
U0528_1,"Dorms,Cafeteria,Student_Center,Dorms,Math_Building,Dorms,Cafeteria,Gym,Dorms,Math_Building,Student_Center,Gym,Dorms,CS_Building,Cafeteria"
U0528_10,"Dorms,Cafeteria,CS_Building,Dorms,Cafeteria,CS_Building,Student_Center"
U0528_11,"Dorms,Math_Building,Student_Center,Library"
U0528_12,"CS_Building,Student_Center,Dorms,Cafeteria,Student_Center,Dorms,CS_Building,Dorms"
U0528_13,"Dorms,Cafeteria,Math_Building,Library"
U0528_14,"Dorms,Cafeteria,Student_Center,Gym,Cafeteria"
U0528_15,"Dorms,Cafeteria,CS_Building"
U0528_2,"Dorms,Cafeteria,CS_Building"
U0528_3,"Student_Center,Library,Gym,Dorms,Cafeteria,Library,Cafeteria,Math_Building,Library,Cafeteria"
U0528_4,"Dorms,Cafeteria,CS_Building,Dorms,Cafeteria,Math_Building,Dorms,CS_Building,Student_Center,Dorms,CS_Building"
U0528_5,"Dorms,CS_Building,Library,Cafeteria,Math_Building,Cafeteria,CS_Building"
U0528_6,"Dorms,Cafeteria,Library"
U0528_7,"Dorms,Cafeteria,CS_Building"
U0528_8,"Dorms,CS_Building,Library,Dorms,Library,Dorms,Math_Building"
U0528_9,"Dorms,Math_Building,Library,Dorms,CS_Building"
U0529_1,"Dorms,Cafeteria,Library,Dorms,CS_Building,Student_Center"
U0529_10,"Dorms,Cafeteria,CS_Building,Library,Cafeteria,Library,Dorms,CS_Building"
U0529_2,"Dorms,Cafeteria,CS_Building,Student_Center,Library,Cafeteria,Dorms,Math_Building,Library,Dorms,Cafeteria,CS_Building,Cafeteria,Student_Center"
U0529_3,"Dorms,Library,Dorms,CS_Building,Student_Center,Dorms"
U0529_4,"CS_Building,Student_Center,Library,Dorms,CS_Building,Library,Dorms,Dorms,Cafeteria,Student_Center,Library,Cafeteria,Library,Dorms,CS_Building"
U0529_5,"Cafeteria,Math_Building,Dorms,Library,Cafeteria,CS_Building,Student_Center"
U0529_6,"Dorms,Math_Building,Cafeteria,Math_Building,Cafeteria,Library,Dorms,Cafeteria"
U0529_7,"Dorms,CS_Building,Student_Center,Dorms,Cafeteria"
U0529_8,"Library,Student_Center,Gym,Dorms,Math_Building,Library,Gym,Dorms,Dorms,Cafeteria,Library,Dorms,Cafeteria,CS_Building"
U0529_9,"Gym,Dorms,Cafeteria,Math_Building,Dorms"
U0530_1,"Dorms,Math_Building,Dorms"
U0530_10,"Library,Student_Center,Dorms,Cafeteria,CS_Building,Library,Student_Center,Library"
U0530_11,"Cafeteria,Math_Building,Student_Center"
U0530_12,"Dorms,Cafeteria,Math_Building,Library,Cafeteria,CS_Building,Cafeteria"
U0530_13,"Dorms,Math_Building,Cafeteria,CS_Building,Student_Center,Library,Gym,Math_Building,Library,Gym,Dorms,Cafeteria"
U0530_2,"Dorms,Library,Cafeteria,CS_Building,Dorms,Math_Building,Library,Dorms"
U0530_3,"Cafeteria,Library,Gym,Dorms,CS_Building,Student_Center,Library"
U0530_4,"CS_Building,Student_Center,Dorms,Cafeteria,CS_Building"
U0530_5,"Dorms,Cafeteria,CS_Building,Student_Center"
U0530_6,"Student_Center,Library,Student_Center,Dorms,CS_Building,Student_Center,Dorms,CS_Building"
U0530_7,"Dorms,Cafeteria,Library,Cafeteria"
U0530_8,"Dorms,Cafeteria,CS_Building,Library,Dorms,CS_Building,Cafeteria,Math_Building,Dorms,Math_Building,Dorms,Cafeteria,Student_Center,Library,Gym,Dorms"
U0530_9,"Dorms,Cafeteria,Math_Building,Student_Center"
U0531_1,"Dorms,CS_Building,Library,Dorms,Math_Building,Cafeteria"
U0531_2,"Dorms,Cafeteria,Math_Building,Dorms"
U0531_3,"Dorms,Math_Building,Library,Dorms,Math_Building,Dorms,CS_Building"
U0531_4,"Dorms,Cafeteria,Math_Building,Student_Center,Library"
U0531_5,"Dorms,Library,Cafeteria"
U0531_6,"Dorms,Library,Dorms,CS_Building,Library,Cafeteria,CS_Building"
U0531_7,"Dorms,CS_Building,Cafeteria,Library,Cafeteria,CS_Building,Student_Center,Dorms"
U0531_8,"Dorms,Cafeteria,Student_Center,Dorms,Cafeteria,CS_Building,Library"
U0531_9,"Dorms,Library,Cafeteria,CS_Building,Library,Dorms,Cafeteria,Library"
U0532_1,"Student_Center,Library,Dorms"
U0532_10,"Dorms,Cafeteria,Math_Building,Dorms,Cafeteria,CS_Building,Student_Center"
U0532_11,"Dorms,Cafeteria,CS_Building,Dorms,CS_Building,Dorms,CS_Building,Library,Cafeteria,Student_Center"
U0532_2,"Dorms,Cafeteria,CS_Building,Library,Cafeteria"
U0532_3,"Dorms,Cafeteria,CS_Building,Cafeteria,Math_Building,Library,Gym,Dorms"
U0532_4,"Dorms,Library,Cafeteria,Library,Student_Center"
U0532_5,"Dorms,CS_Building,Dorms"
U0532_6,"Dorms,Cafeteria,Math_Building,Dorms,CS_Building,Dorms,Cafeteria"
U0532_7,"Dorms,Library,Dorms,Library,Cafeteria,Student_Center,Gym"
U0532_8,"Dorms,CS_Building,Student_Center"
U0532_9,"Student_Center,Dorms,Cafeteria,Math_Building,Student_Center,Gym,Dorms"
U0533_1,"Dorms,Cafeteria,Student_Center,Gym"
U0533_10,"Dorms,CS_Building,Student_Center,Gym,Dorms,Cafeteria,Math_Building,Dorms"
U0533_11,"Dorms,CS_Building,Student_Center,Dorms,Library,Dorms,Cafeteria,Student_Center,Gym,Dorms,Cafeteria"
U0533_12,"Dorms,Cafeteria,Math_Building,Library"
U0533_13,"CS_Building,Cafeteria,Math_Building"
U0533_14,"Dorms,Library,Student_Center,Gym,Cafeteria,CS_Building,Library,Gym,Dorms,Library,Dorms,CS_Building,Student_Center,Gym,Dorms,Math_Building"
U0533_2,"Dorms,Math_Building,Student_Center"
U0533_3,"Dorms,Cafeteria,CS_Building,Dorms,Math_Building"
U0533_4,"CS_Building,Student_Center,Library,Dorms,Math_Building"
U0533_5,"Dorms,Cafeteria,CS_Building,Student_Center,Library,Dorms,CS_Building,Cafeteria"
U0533_6,"Dorms,Library,Cafeteria"
U0533_7,"Dorms,Cafeteria,Math_Building,Student_Center,Dorms,Library,Cafeteria,Math_Building"
U0533_8,"Dorms,Cafeteria,Student_Center,Library,Student_Center,Library,Dorms"
U0533_9,"Library,Gym,Dorms,CS_Building,Library,Dorms,Cafeteria"
U0534_1,"Dorms,CS_Building,Student_Center,Library,Gym,Dorms,Cafeteria,Library,Dorms,Math_Building,Student_Center,Library,Gym"
U0534_10,"Dorms,Cafeteria,Math_Building,Library"
U0534_2,"Cafeteria,CS_Building,Dorms,CS_Building,Student_Center,Library,Gym"
U0534_3,"Dorms,Cafeteria,CS_Building,Student_Center,Dorms,CS_Building,Library"
U0534_4,"Gym,Dorms,Cafeteria,CS_Building"
U0534_5,"Dorms,Math_Building,Dorms,Cafeteria,Student_Center,Gym,Dorms,Cafeteria"
U0534_6,"Dorms,Cafeteria,Student_Center"
U0534_7,"Dorms,Cafeteria,Student_Center"
U0534_8,"Dorms,Cafeteria,Library,Dorms,Cafeteria"
U0534_9,"CS_Building,Student_Center,Library,Dorms,CS_Building,Student_Center,Library,Dorms"
U0535_1,"Dorms,Cafeteria,CS_Building,Library,Dorms,Cafeteria"
U0535_10,"Dorms,Math_Building,Student_Center,Library,Gym,Dorms,Library,Dorms"
U0535_11,"Student_Center,Gym,Cafeteria,Library,Gym"
U0535_12,"Dorms,CS_Building,Student_Center,Dorms,Cafeteria,Math_Building,Dorms,Cafeteria,Math_Building,Dorms,CS_Building"
U0535_2,"Dorms,Cafeteria,CS_Building,Cafeteria,CS_Building"
U0535_3,"Dorms,Cafeteria,CS_Building"
U0535_4,"Math_Building,Student_Center,Dorms,Cafeteria,CS_Building,Cafeteria,CS_Building"
U0535_5,"Dorms,Math_Building,Library,Cafeteria,CS_Building,Library,Cafeteria"
U0535_6,"Dorms,Math_Building,Student_Center,Library,Dorms,Cafeteria"
U0535_7,"Dorms,Cafeteria,CS_Building,Library,Student_Center,Dorms,Math_Building"
U0535_8,"Dorms,Cafeteria,CS_Building,Library,Dorms,CS_Building,Student_Center,Library,Dorms,Math_Building,Dorms"
U0535_9,"Dorms,CS_Building,Library,Cafeteria"
U0536_1,"Dorms,Math_Building,Cafeteria,CS_Building,Library,Dorms,Dorms,Cafeteria,Library,Dorms"
U0536_10,"CS_Building,Cafeteria,CS_Building,Library,Dorms,Math_Building,Student_Center"
U0536_11,"Dorms,Cafeteria,Math_Building,Student_Center,Library,Dorms,Cafeteria,CS_Building"
U0536_12,"Dorms,Cafeteria,CS_Building,Library,Dorms,Cafeteria,Library"
U0536_2,"Dorms,Math_Building,Student_Center,Dorms"
U0536_3,"Math_Building,Library,Gym,Dorms"
U0536_4,"Dorms,CS_Building,Student_Center,Library,Gym,Dorms"
U0536_5,"Dorms,Math_Building,Library,Dorms,Math_Building,Dorms"
U0536_6,"Dorms,Cafeteria,Math_Building,Library,Cafeteria,CS_Building,Library"
U0536_7,"Dorms,Math_Building,Library,Dorms,CS_Building,Cafeteria"
U0536_8,"Dorms,Cafeteria,Library,Gym,Dorms"
U0536_9,"Cafeteria,CS_Building,Library,Cafeteria,Student_Center,Dorms,Cafeteria,Library,Gym,Student_Center,Gym,Dorms,Cafeteria,CS_Building"
U0537_1,"Dorms,Cafeteria,Math_Building,Dorms,CS_Building,Dorms,Math_Building,Dorms,Cafeteria,CS_Building,Library,Dorms"
U0537_10,"Library,Cafeteria,Math_Building"
U0537_11,"Dorms,Math_Building,Library,Dorms"
U0537_12,"Dorms,CS_Building,Library,Gym,Dorms,CS_Building,Cafeteria,Dorms,Cafeteria,Library,Dorms,Library,Cafeteria,CS_Building"
U0537_13,"Dorms,CS_Building,Library,Cafeteria"
U0537_2,"Dorms,Cafeteria,CS_Building,Cafeteria,CS_Building,Student_Center,Gym,Dorms"
U0537_3,"Student_Center,Gym,Dorms,Math_Building,Dorms"
U0537_4,"Dorms,CS_Building,Library,Gym,Dorms"
U0537_5,"Dorms,Cafeteria,Student_Center,Gym,Dorms,Cafeteria,CS_Building"
U0537_6,"Dorms,Math_Building,Cafeteria,Math_Building"
U0537_7,"Dorms,Cafeteria,Library,Library,Cafeteria,Library,Gym"
U0537_8,"Math_Building,Student_Center,Gym,Cafeteria,Student_Center,Dorms"
U0537_9,"Dorms,Math_Building,Student_Center,Library,Dorms,Cafeteria"
U0538_1,"Dorms,Math_Building,Student_Center,Library,Dorms,Math_Building,Student_Center"
U0538_10,"Dorms,Cafeteria,CS_Building,Library,Gym,Dorms"
U0538_11,"Dorms,CS_Building,Library,Dorms"
U0538_12,"Dorms,Math_Building,Library,Dorms,CS_Building,Cafeteria"
U0538_13,"Dorms,Math_Building,Library,Dorms,Math_Building,Dorms,Cafeteria,Dorms,Cafeteria,Library,Gym"
U0538_14,"Dorms,CS_Building,Student_Center,Dorms,Math_Building,Library"
U0538_2,"Dorms,Library,Dorms,Cafeteria"
U0538_3,"Dorms,Math_Building,Student_Center,Gym"
U0538_4,"Dorms,Cafeteria,Math_Building,Cafeteria,CS_Building,Dorms,Cafeteria,Library,Student_Center,Dorms"
U0538_5,"Dorms,CS_Building,Cafeteria,Math_Building"
U0538_6,"Dorms,Cafeteria,CS_Building,Dorms"
U0538_7,"Library,Student_Center,Library,Dorms,Math_Building,Cafeteria,CS_Building"
U0538_8,"Dorms,Cafeteria,Library,Gym,Dorms,Cafeteria,Math_Building"
U0538_9,"Dorms,CS_Building,Dorms,Math_Building"
U0539_1,"Library,Dorms,Math_Building"
U0539_10,"Student_Center,Dorms,Math_Building,Cafeteria,CS_Building,Library,Cafeteria"
U0539_11,"Dorms,Math_Building,Cafeteria"
U0539_12,"Dorms,Cafeteria,Library"
U0539_13,"Dorms,Cafeteria,Library,Dorms,CS_Building,Library,Cafeteria,Math_Building,Dorms,Cafeteria,CS_Building,Student_Center,Dorms,Cafeteria"
U0539_14,"Math_Building,Library,Cafeteria,Library,Dorms,Cafeteria,Math_Building"
U0539_2,"Dorms,CS_Building,Library,Gym,Dorms"
U0539_3,"Dorms,CS_Building,Library"
U0539_4,"Dorms,Cafeteria,Library"
U0539_5,"Cafeteria,Student_Center,Dorms,Cafeteria"
U0539_6,"Dorms,Math_Building,Cafeteria"
U0539_7,"Library,Student_Center,Dorms"
U0539_8,"Dorms,Cafeteria,Library,Dorms,CS_Building,Cafeteria,Math_Building,Library"
U0539_9,"Dorms,Cafeteria,Math_Building,Library,Cafeteria,Library,Student_Center,Gym,Dorms,Math_Building,Cafeteria,Library,Gym"
U0540_1,"CS_Building,Library,Dorms,Cafeteria,Math_Building,Library"
U0540_10,"Dorms,Math_Building,Student_Center,Dorms,CS_Building,Cafeteria,Math_Building,Cafeteria"
U0540_11,"Gym,Dorms,CS_Building,Library,Dorms"
U0540_12,"Dorms,CS_Building,Library"
U0540_13,"Student_Center,Gym,Dorms,Cafeteria,Library,Cafeteria"
U0540_2,"Dorms,Cafeteria,CS_Building,Cafeteria"
U0540_3,"Dorms,Library,Student_Center,Library"
U0540_4,"Dorms,Library,Cafeteria,CS_Building,Library,Dorms,Cafeteria,Student_Center"
U0540_5,"Dorms,Library,Cafeteria,Math_Building,Cafeteria,CS_Building,Cafeteria"
U0540_6,"Dorms,Cafeteria,Student_Center,Library,Cafeteria"
U0540_7,"Dorms,CS_Building,Student_Center,Library,Dorms"
U0540_8,"Gym,Dorms,Math_Building,Cafeteria,CS_Building,Library,Student_Center"
U0540_9,"Dorms,CS_Building,Library,Dorms,Cafeteria"
U0541_1,"Dorms,Cafeteria,Student_Center,Dorms,Math_Building,Student_Center,Dorms"
U0541_10,"Library,Student_Center,Dorms,Math_Building,Library,Dorms,Math_Building,Dorms,Cafeteria,Math_Building,Library,Student_Center,Gym,Dorms,Cafeteria"
U0541_11,"Student_Center,Gym,Dorms,Cafeteria,Student_Center,Dorms,Cafeteria,Cafeteria,CS_Building,Student_Center,Dorms,Cafeteria,CS_Building"
U0541_12,"Library,Cafeteria,CS_Building,Library,Dorms,Math_Building,Dorms,CS_Building,Library"
U0541_2,"Dorms,Cafeteria,Student_Center"
U0541_3,"Dorms,Math_Building,Student_Center,Dorms,CS_Building"
U0541_4,"Dorms,Math_Building,Dorms,Math_Building,Dorms,Math_Building,Cafeteria,Math_Building,Cafeteria,Library,Dorms,Cafeteria"
U0541_5,"Dorms,Library,Gym,Dorms"
U0541_6,"Dorms,Cafeteria,CS_Building,Student_Center,Library,Cafeteria,Library"
U0541_7,"Dorms,CS_Building,Library,Cafeteria,CS_Building,Library"
U0541_8,"Dorms,Cafeteria,CS_Building,Library"
U0541_9,"Dorms,CS_Building,Student_Center,Library"
U0542_1,"Dorms,Math_Building,Cafeteria,CS_Building,Library,Gym"
U0542_10,"Dorms,Library,Dorms,Cafeteria,CS_Building,Cafeteria,Math_Building"
U0542_2,"Dorms,Cafeteria,Student_Center,Library,Gym,Dorms"
U0542_3,"Dorms,Cafeteria,Math_Building,Library,Dorms"
U0542_4,"Math_Building,Student_Center,Library,Dorms,Cafeteria,CS_Building"
U0542_5,"Dorms,Cafeteria,Library,Dorms,CS_Building,Dorms,Cafeteria,Math_Building,Student_Center,Gym,Dorms,Math_Building,Dorms,Cafeteria,CS_Building"
U0542_6,"Dorms,Cafeteria,CS_Building"
U0542_7,"Dorms,Math_Building,Library,Student_Center"
U0542_8,"Dorms,Cafeteria,Library,Dorms"
U0542_9,"Cafeteria,Math_Building,Dorms,Cafeteria"
U0543_1,"Dorms,Math_Building,Dorms"
U0543_10,"Dorms,Math_Building,Dorms,Cafeteria,CS_Building,Cafeteria,Library,Student_Center,Dorms"
U0543_11,"Dorms,Cafeteria,Math_Building,Cafeteria,Library,Student_Center,Dorms,Math_Building"
U0543_12,"Dorms,Math_Building,Student_Center,Library,Dorms,CS_Building,Library"
U0543_2,"Dorms,Math_Building,Student_Center,Library,Cafeteria,CS_Building"
U0543_3,"CS_Building,Library,Dorms,CS_Building"
U0543_4,"Dorms,Cafeteria,Library,Dorms"
U0543_5,"Dorms,CS_Building,Student_Center,Dorms,Cafeteria,Dorms,Cafeteria,Student_Center,Gym,Dorms,Cafeteria,CS_Building,Library"
U0543_6,"Dorms,CS_Building,Cafeteria,Math_Building"
U0543_7,"Dorms,CS_Building,Library,Dorms,Math_Building,Student_Center,Library,Dorms,Cafeteria,Math_Building,Library"
U0543_8,"Dorms,Cafeteria,Math_Building,Library,Cafeteria,Math_Building,Dorms,Math_Building"
U0543_9,"Math_Building,Student_Center,Dorms,CS_Building,Library,Gym,Dorms"
U0544_1,"Dorms,Math_Building,Library,Dorms,Cafeteria"
U0544_10,"Dorms,Math_Building,Student_Center,Gym"
U0544_11,"Math_Building,Dorms,Math_Building"
U0544_12,"Dorms,Math_Building,Dorms,Cafeteria,Student_Center,Gym,Dorms,Dorms,Cafeteria,Math_Building"
U0544_2,"Dorms,CS_Building,Student_Center,Library,Cafeteria"
U0544_3,"Dorms,Cafeteria,CS_Building,Student_Center,Gym,Dorms,Library,Dorms,Cafeteria,CS_Building,Cafeteria,Math_Building,Library,Dorms,Math_Building"
U0544_4,"Cafeteria,Library,Cafeteria,Math_Building,Student_Center,Library,Cafeteria,CS_Building"
U0544_5,"Dorms,Cafeteria,Math_Building,Dorms,Math_Building"
U0544_6,"Dorms,CS_Building,Student_Center"
U0544_7,"Gym,Dorms,Cafeteria,Math_Building"
U0544_8,"Dorms,Math_Building,Cafeteria,Math_Building,Dorms,CS_Building,Student_Center"
U0544_9,"Dorms,Cafeteria,CS_Building,Cafeteria,Library"
U0545_1,"Dorms,Cafeteria,Student_Center,Gym,Library,Student_Center,Dorms,CS_Building,Library,Dorms,Cafeteria,CS_Building"
U0545_10,"Library,Dorms,CS_Building"
U0545_11,"Dorms,Cafeteria,Library,Dorms,Cafeteria"
U0545_12,"Dorms,Cafeteria,Library,Dorms,CS_Building,Library,Dorms,Library,Gym,Dorms,Math_Building,Library"
U0545_13,"Math_Building,Student_Center,Dorms"
U0545_14,"Student_Center,Library,Dorms,Math_Building,Library,Student_Center"
U0545_2,"Dorms,CS_Building,Dorms,Cafeteria,Math_Building,Cafeteria,Math_Building"
U0545_3,"Dorms,Cafeteria,CS_Building,Library,Dorms,Cafeteria,CS_Building,Cafeteria"
U0545_4,"Dorms,Cafeteria,Student_Center"
U0545_5,"Dorms,Cafeteria,CS_Building,Student_Center"
U0545_6,"Dorms,Math_Building,Cafeteria,Library,Cafeteria,CS_Building"
U0545_7,"Dorms,Cafeteria,Library,Gym,Dorms,Math_Building"
U0545_8,"Dorms,Math_Building,Cafeteria,Math_Building"
U0545_9,"Dorms,Math_Building,Student_Center,Gym,Cafeteria"
U0546_1,"Dorms,CS_Building,Library,Dorms,Library,Gym"
U0546_10,"Dorms,Cafeteria,Library,Gym,Cafeteria,Library,Dorms,CS_Building"
U0546_11,"Dorms,Cafeteria,CS_Building"
U0546_2,"Dorms,Cafeteria,Math_Building,Library,Gym,Dorms,Cafeteria,CS_Building"
U0546_3,"Dorms,Library,Cafeteria,Dorms,Math_Building,Student_Center,Library,Dorms"
U0546_4,"Math_Building,Cafeteria,Student_Center,Library,Cafeteria,CS_Building,Cafeteria,Math_Building"
U0546_5,"Dorms,Library,Cafeteria,Math_Building,Cafeteria,Library"
U0546_6,"Dorms,CS_Building,Library"
U0546_7,"Student_Center,Library,Gym,Dorms"
U0546_8,"Dorms,Math_Building,Cafeteria,CS_Building,Library"
U0546_9,"Dorms,Library,Dorms,Library,Dorms"
U0547_1,"Math_Building,Cafeteria,Math_Building,Library,Dorms,Cafeteria,CS_Building,Cafeteria"
U0547_10,"Library,Gym,Cafeteria,CS_Building,Student_Center,Library,Gym,Dorms"
U0547_11,"CS_Building,Student_Center,Library"
U0547_12,"CS_Building,Dorms,Cafeteria,CS_Building,Library,Dorms,CS_Building,Student_Center"
U0547_2,"Dorms,CS_Building,Library,Dorms"
U0547_3,"Dorms,Cafeteria,CS_Building,Cafeteria,CS_Building"
U0547_4,"Dorms,Cafeteria,Math_Building,Library,Cafeteria,Student_Center,Dorms,Cafeteria,Student_Center,Dorms,CS_Building,Library,Student_Center"
U0547_5,"Dorms,Cafeteria,CS_Building,Student_Center,Gym,Dorms,Dorms,Math_Building,Library,Gym,Dorms,CS_Building,Library,Dorms,Cafeteria,Math_Building"
U0547_6,"Dorms,CS_Building,Dorms"
U0547_7,"Math_Building,Cafeteria,CS_Building,Library,Cafeteria,Math_Building,Cafeteria"
U0547_8,"Student_Center,Gym,Dorms,CS_Building,Cafeteria,Math_Building,Student_Center"
U0547_9,"Dorms,CS_Building,Cafeteria,Student_Center,Library"
U0548_1,"Dorms,Cafeteria,CS_Building"
U0548_10,"Dorms,CS_Building,Cafeteria,CS_Building,Dorms,Library,Dorms,CS_Building"
U0548_11,"Math_Building,Cafeteria,Math_Building,Student_Center,Dorms,Cafeteria,Math_Building,Library"
U0548_2,"CS_Building,Student_Center,Dorms,Cafeteria"
U0548_3,"Dorms,Math_Building,Library,Dorms,Cafeteria,CS_Building"
U0548_4,"CS_Building,Library,Dorms"
U0548_5,"Dorms,Math_Building,Student_Center,Dorms,Cafeteria,Dorms,Cafeteria,CS_Building,Library,Cafeteria,Math_Building,Dorms,Library"
U0548_6,"Dorms,Cafeteria,CS_Building,Library,Cafeteria,Math_Building,Dorms,Cafeteria,Library,Dorms,Cafeteria,Student_Center,Gym"
U0548_7,"Dorms,Cafeteria,CS_Building,Cafeteria"
U0548_8,"Dorms,CS_Building,Student_Center,Gym,Dorms,Cafeteria,Library"
U0548_9,"CS_Building,Library,Student_Center"
U0549_1,"Dorms,Cafeteria,Math_Building,Library,Dorms,Math_Building,Dorms,CS_Building,Cafeteria,CS_Building,Library,Cafeteria,Math_Building"
U0549_10,"Dorms,Cafeteria,CS_Building,Library,Cafeteria,Math_Building,Library,Dorms,Dorms,CS_Building,Cafeteria,CS_Building,Library,Gym,Cafeteria,Math_Building"
U0549_2,"Dorms,CS_Building,Library,Cafeteria,CS_Building,Dorms,Cafeteria,CS_Building,Student_Center,Gym,Dorms"
U0549_3,"Dorms,CS_Building,Cafeteria,CS_Building"
U0549_4,"Dorms,Library,Student_Center,Gym"
U0549_5,"Dorms,Cafeteria,Student_Center,Dorms,Cafeteria,CS_Building"
U0549_6,"Dorms,CS_Building,Dorms,Math_Building,Student_Center,Library,Dorms"
U0549_7,"Dorms,Math_Building,Student_Center,Library,Cafeteria,Math_Building"
U0549_8,"CS_Building,Library,Gym,Dorms,CS_Building,Cafeteria,Library,Gym"
U0549_9,"Math_Building,Library,Student_Center,Dorms,Cafeteria,CS_Building"
U0550_1,"Dorms,Cafeteria,CS_Building,Student_Center,Dorms"
U0550_10,"Dorms,Cafeteria,CS_Building"
U0550_2,"Math_Building,Library,Cafeteria,Library,Cafeteria,CS_Building"
U0550_3,"Dorms,CS_Building,Student_Center,Gym,Dorms,Cafeteria,Math_Building"
U0550_4,"Dorms,Math_Building,Library"
U0550_5,"Dorms,Cafeteria,Math_Building,Library"
U0550_6,"Dorms,Library,Dorms,Library"
U0550_7,"Dorms,Math_Building,Cafeteria,CS_Building,Library,Dorms,Math_Building"
U0550_8,"Dorms,CS_Building,Cafeteria,CS_Building,Cafeteria"
U0550_9,"Student_Center,Dorms,Library,Dorms,Math_Building,Student_Center,Gym,Dorms"
U0551_1,"Dorms,Cafeteria,Library,Dorms,CS_Building,Dorms,Math_Building,Library"
U0551_10,"Dorms,CS_Building,Student_Center,Gym,Dorms,Cafeteria,Library,Cafeteria,Dorms,Cafeteria,CS_Building,Student_Center,Gym,Dorms,Cafeteria"
U0551_11,"Cafeteria,Student_Center,Dorms,Cafeteria,Student_Center,Gym,Dorms,Cafeteria"
U0551_12,"Dorms,Cafeteria,Math_Building,Student_Center,Dorms,Cafeteria,Library,Student_Center,Library,Cafeteria,Library,Dorms,Cafeteria,Student_Center,Dorms"
U0551_2,"Dorms,Cafeteria,CS_Building,Library,Gym,Dorms,Cafeteria"
U0551_3,"Library,Dorms,Math_Building,Dorms"
U0551_4,"Dorms,CS_Building,Student_Center,Library,Dorms,Math_Building"
U0551_5,"Dorms,Library,Cafeteria,Math_Building,Student_Center,Gym,Dorms,Cafeteria"
U0551_6,"Dorms,CS_Building,Student_Center"
U0551_7,"Dorms,Math_Building,Cafeteria,Library,Gym"
U0551_8,"Student_Center,Library,Cafeteria,CS_Building,Student_Center,Gym,Dorms,CS_Building"
U0551_9,"Dorms,Library,Dorms,Math_Building,Cafeteria,CS_Building,Dorms"
U0552_1,"Dorms,Math_Building,Library,Dorms"
U0552_10,"Dorms,Cafeteria,CS_Building,Cafeteria,Math_Building,Dorms,Cafeteria,CS_Building"
U0552_2,"Student_Center,Dorms,CS_Building,Cafeteria,CS_Building,Student_Center,Dorms,Cafeteria"
U0552_3,"Dorms,Math_Building,Student_Center,Dorms,Cafeteria,CS_Building"
U0552_4,"CS_Building,Library,Gym,Dorms,Math_Building,Dorms,Math_Building,Dorms,Cafeteria"
U0552_5,"Dorms,CS_Building,Student_Center"
U0552_6,"Student_Center,Dorms,Cafeteria,Math_Building"
U0552_7,"Dorms,Library,Dorms,Cafeteria,CS_Building,Student_Center"
U0552_8,"Student_Center,Library,Cafeteria,Math_Building,Student_Center,Library"
U0552_9,"Dorms,Cafeteria,CS_Building,Student_Center"
U0553_1,"Math_Building,Student_Center,Library,Dorms,Cafeteria,Math_Building,Cafeteria,Library,Dorms,Cafeteria"
U0553_10,"Dorms,Math_Building,Cafeteria,Student_Center,Dorms,Cafeteria,CS_Building,Library"
U0553_11,"Dorms,Cafeteria,Math_Building,Cafeteria,CS_Building,Library"
U0553_12,"Dorms,Math_Building,Cafeteria,Library,Cafeteria,CS_Building,Library"
U0553_13,"Student_Center,Library,Cafeteria"
U0553_14,"Dorms,Math_Building,Student_Center,Gym,Dorms,CS_Building,Dorms,Math_Building,Student_Center,Dorms,Cafeteria,Math_Building"
U0553_15,"Dorms,CS_Building,Library,Dorms,Cafeteria,Library,Gym,Dorms"
U0553_16,"Cafeteria,CS_Building,Student_Center,Dorms,Math_Building,Student_Center,Dorms"
U0553_17,"CS_Building,Library,Dorms,Library,Dorms,Cafeteria,Math_Building"
U0553_2,"Dorms,Cafeteria,CS_Building,Dorms,Math_Building,Student_Center,Dorms,Math_Building"
U0553_3,"Math_Building,Library,Student_Center,Library,Gym,Dorms,Math_Building,Dorms"
U0553_4,"Student_Center,Gym,Dorms,Library"
U0553_5,"Dorms,Math_Building,Library,Cafeteria"
U0553_6,"Dorms,Cafeteria,CS_Building"
U0553_7,"Dorms,Library,Cafeteria,Math_Building,Dorms"
U0553_8,"Dorms,Cafeteria,CS_Building,Library,Student_Center"
U0553_9,"Dorms,Math_Building,Dorms"
U0554_1,"Dorms,Cafeteria,CS_Building,Student_Center,Gym,Cafeteria,CS_Building"
U0554_10,"Dorms,Cafeteria,Library,Cafeteria,Math_Building,Student_Center,Gym,Dorms"
U0554_11,"CS_Building,Library,Cafeteria,Student_Center"
U0554_12,"Student_Center,Dorms,Cafeteria"
U0554_13,"Dorms,Math_Building,Dorms,Cafeteria,Math_Building,Cafeteria"
U0554_14,"Dorms,Math_Building,Cafeteria,CS_Building"
U0554_2,"Math_Building,Dorms,CS_Building,Dorms,Cafeteria,Math_Building,Student_Center"
U0554_3,"Dorms,Cafeteria,CS_Building,Student_Center,Gym,Dorms,Cafeteria,Student_Center"
U0554_4,"Dorms,CS_Building,Cafeteria,CS_Building,Cafeteria,Math_Building"
U0554_5,"Dorms,Math_Building,Cafeteria,Math_Building,Student_Center"
U0554_6,"CS_Building,Library,Cafeteria,CS_Building,Library,Cafeteria,Student_Center,Dorms,CS_Building,Library,Dorms,CS_Building,Cafeteria,Math_Building"
U0554_7,"Library,Dorms,Cafeteria,CS_Building,Student_Center,Library"
U0554_8,"Dorms,CS_Building,Library,Student_Center,Library,Dorms"
U0554_9,"Dorms,Math_Building,Student_Center,Gym"
U0555_1,"Dorms,Math_Building,Student_Center,Library,Dorms,Cafeteria,Math_Building"
U0555_10,"CS_Building,Student_Center,Gym,Dorms,CS_Building,Library,Cafeteria"
U0555_11,"Dorms,CS_Building,Cafeteria,CS_Building,Cafeteria,CS_Building"
U0555_12,"Dorms,Library,Cafeteria"
U0555_13,"Cafeteria,CS_Building,Library,Dorms,Cafeteria"
U0555_14,"Student_Center,Dorms,CS_Building,Cafeteria"
U0555_2,"Cafeteria,Math_Building,Library"
U0555_3,"Dorms,Math_Building,Student_Center,Dorms,Cafeteria,CS_Building,Library"
U0555_4,"CS_Building,Cafeteria,Student_Center"
U0555_5,"Math_Building,Library,Gym,Dorms,Cafeteria"
U0555_6,"Dorms,CS_Building,Student_Center"
U0555_7,"Dorms,Cafeteria,Math_Building,Library,Dorms,Cafeteria,CS_Building,Library"
U0555_8,"Dorms,Cafeteria,Library,Dorms,Math_Building"
U0555_9,"Dorms,Cafeteria,Math_Building,Cafeteria,Math_Building,Dorms"
U0556_1,"Dorms,CS_Building,Library,Cafeteria,Library"
U0556_10,"Dorms,Cafeteria,Math_Building,Student_Center"
U0556_11,"Dorms,Cafeteria,Math_Building,Library,Dorms,Cafeteria,CS_Building"
U0556_12,"CS_Building,Dorms,Math_Building"
U0556_13,"Gym,Dorms,CS_Building,Student_Center,Gym,Cafeteria"
U0556_14,"Student_Center,Gym,Dorms,Math_Building,Cafeteria,Math_Building,Dorms,CS_Building"
U0556_2,"Dorms,Cafeteria,CS_Building,Library,Gym,Dorms"
U0556_3,"Dorms,Cafeteria,CS_Building,Cafeteria"
U0556_4,"Math_Building,Library,Cafeteria,CS_Building,Library,Gym,Dorms,Math_Building"
U0556_5,"Dorms,Cafeteria,Math_Building,Library"
U0556_6,"Dorms,Library,Dorms,Cafeteria,CS_Building,Library,Cafeteria"
U0556_7,"Dorms,Cafeteria,Math_Building,Dorms,Cafeteria,Math_Building,Library"
U0556_8,"Dorms,CS_Building,Cafeteria,CS_Building"
U0556_9,"Dorms,Library,Gym,Dorms,Cafeteria"
U0557_1,"Math_Building,Dorms,Cafeteria"
U0557_10,"Dorms,Cafeteria,Math_Building,Library"
U0557_11,"Cafeteria,Library,Cafeteria,Math_Building,Student_Center,Gym,Dorms,Cafeteria"
U0557_12,"Dorms,Cafeteria,Student_Center,Gym,Dorms,Cafeteria"
U0557_2,"Cafeteria,CS_Building,Student_Center,Dorms"
U0557_3,"Math_Building,Cafeteria,CS_Building,Dorms,Cafeteria"
U0557_4,"Gym,Cafeteria,Library,Dorms,Cafeteria"
U0557_5,"Dorms,Cafeteria,Student_Center,Library,Gym,Dorms"
U0557_6,"Dorms,Math_Building,Student_Center"
U0557_7,"Dorms,Cafeteria,CS_Building,Cafeteria,Math_Building,Cafeteria,Library"
U0557_8,"Dorms,Cafeteria,CS_Building,Library,Cafeteria,CS_Building,Student_Center"
U0557_9,"Dorms,Cafeteria,Student_Center,Gym,Dorms,Cafeteria,Library"
U0558_1,"Dorms,Math_Building,Library,Dorms,Cafeteria,CS_Building,Cafeteria,Math_Building"
U0558_10,"Dorms,Cafeteria,Library,Dorms,Cafeteria"
U0558_11,"Dorms,CS_Building,Dorms"
U0558_12,"Math_Building,Cafeteria,CS_Building,Cafeteria,Library,Gym"
U0558_13,"Dorms,Library,Student_Center,Dorms,CS_Building,Cafeteria,Math_Building,Student_Center"
U0558_14,"Dorms,CS_Building,Student_Center,Library,Dorms,Math_Building,Dorms,Math_Building,Dorms,Math_Building,Student_Center,Library,Dorms"
U0558_2,"Dorms,Math_Building,Cafeteria,CS_Building"
U0558_3,"Dorms,Math_Building,Student_Center,Library,Dorms,Cafeteria,CS_Building,Student_Center"
U0558_4,"Gym,Cafeteria,Math_Building,Cafeteria,Math_Building,Student_Center"
U0558_5,"Student_Center,Gym,Dorms,Cafeteria,Student_Center"
U0558_6,"Dorms,Math_Building,Cafeteria,Math_Building,Student_Center,Gym,Dorms"
U0558_7,"Dorms,Cafeteria,Student_Center"
U0558_8,"Dorms,Math_Building,Library,Dorms"
U0558_9,"Dorms,CS_Building,Student_Center,Dorms"
U0559_1,"Library,Dorms,Math_Building,Dorms,Cafeteria,Math_Building,Cafeteria,Math_Building,Dorms,CS_Building,Cafeteria,Math_Building,Library"
U0559_2,"Dorms,CS_Building,Cafeteria,CS_Building,Library"
U0559_3,"Gym,Dorms,Library,Dorms,Cafeteria,Math_Building,Student_Center"
U0559_4,"Dorms,Cafeteria,CS_Building,Library,Dorms"
U0559_5,"Dorms,Cafeteria,Math_Building,Dorms,CS_Building,Gym,Dorms,Cafeteria,Dorms,Math_Building,Cafeteria,Student_Center,Library"
U0559_6,"Dorms,Math_Building,Library"
U0559_7,"Dorms,Cafeteria,CS_Building,Library,Student_Center,Library"
U0559_8,"Dorms,Cafeteria,CS_Building"
U0559_9,"Cafeteria,CS_Building,Cafeteria,Library,Dorms,Cafeteria,Library,Dorms,Cafeteria,CS_Building,Dorms"
U0560_1,"CS_Building,Cafeteria,CS_Building,Gym,Dorms,Cafeteria,CS_Building"
U0560_10,"Math_Building,Library,Gym,Dorms,Cafeteria,Library,Gym,Dorms,Cafeteria,CS_Building,Library,Gym,Dorms"
U0560_11,"Dorms,CS_Building,Student_Center,Gym,Dorms,Cafeteria,CS_Building"
U0560_12,"Gym,Dorms,Cafeteria,Math_Building,Library"
U0560_13,"Dorms,Math_Building,Dorms,Cafeteria,Library,Gym,Dorms,Library"
U0560_2,"Dorms,Math_Building,Dorms,CS_Building,Student_Center,Library,Gym,Dorms"
U0560_3,"CS_Building,Library,Dorms,Cafeteria,Math_Building,Library,Student_Center,Library"
U0560_4,"Library,Cafeteria,Math_Building,Dorms"
U0560_5,"Dorms,Cafeteria,Math_Building,Student_Center,Dorms,Library,Gym,Dorms,Cafeteria,CS_Building"
U0560_6,"CS_Building,Student_Center,Library,Cafeteria"
U0560_7,"Dorms,CS_Building,Library,Gym"
U0560_8,"Dorms,Math_Building,Cafeteria,Student_Center,Dorms,Cafeteria"
U0560_9,"Dorms,Cafeteria,Library,Gym,Cafeteria,CS_Building,Cafeteria,CS_Building"
U0561_1,"Dorms,Cafeteria,Math_Building,Library,Gym,Dorms,Dorms,CS_Building,Cafeteria"
U0561_10,"Dorms,Cafeteria,CS_Building,Student_Center,Gym,Dorms"
U0561_11,"CS_Building,Student_Center,Library,Gym,Dorms"
U0561_12,"Dorms,Math_Building,Dorms,Cafeteria"
U0561_13,"Dorms,Cafeteria,Library"
U0561_14,"Math_Building,Student_Center,Dorms,Cafeteria,Math_Building,Dorms,Math_Building,Cafeteria,Math_Building,Dorms,Math_Building,Student_Center"
U0561_15,"Dorms,Cafeteria,Math_Building,Dorms,Cafeteria"
U0561_2,"CS_Building,Cafeteria,CS_Building,Cafeteria"
U0561_3,"CS_Building,Library,Cafeteria,Math_Building,Library,Cafeteria"
U0561_4,"Library,Dorms,Cafeteria,Math_Building,Student_Center,Gym,Cafeteria,Math_Building"
U0561_5,"Dorms,Cafeteria,Math_Building"
U0561_6,"Dorms,Math_Building,Library,Gym"
U0561_7,"Dorms,Cafeteria,Library,Cafeteria,Math_Building,Student_Center,Dorms,Math_Building"
U0561_8,"Dorms,Cafeteria,CS_Building,Student_Center,Gym,Dorms"
U0561_9,"Gym,Cafeteria,Math_Building,Library,Cafeteria,CS_Building,Library"
U0562_1,"Dorms,CS_Building,Dorms,Cafeteria,Library"
U0562_10,"Dorms,Cafeteria,CS_Building,Library,Cafeteria"
U0562_2,"Dorms,Cafeteria,CS_Building"
U0562_3,"Dorms,Library,Cafeteria,CS_Building,Library,Dorms,Cafeteria,Student_Center"
U0562_4,"Dorms,Math_Building,Cafeteria,Math_Building,Dorms,Library"
U0562_5,"Dorms,Library,Dorms,Cafeteria,Math_Building,Library"
U0562_6,"Dorms,Math_Building,Library"
U0562_7,"Dorms,Library,Dorms,Cafeteria,Student_Center,Gym,Dorms,Cafeteria"
U0562_8,"Library,Cafeteria,Math_Building"
U0562_9,"Dorms,Math_Building,Library"
U0563_1,"Dorms,Library,Gym,Dorms,Cafeteria,CS_Building,Library,Gym"
U0563_10,"Dorms,Cafeteria,Student_Center,Library,Gym,Cafeteria,Math_Building,Library"
U0563_11,"Dorms,Math_Building,Library,Cafeteria"
U0563_2,"Dorms,Library,Gym,Cafeteria,Math_Building,Student_Center,Dorms,CS_Building,Student_Center,Dorms,Cafeteria"
U0563_3,"Dorms,Library,Cafeteria,Library,Cafeteria"
U0563_4,"Dorms,Cafeteria,CS_Building,Cafeteria,Library,Dorms"
U0563_5,"Dorms,Cafeteria,Student_Center"
U0563_6,"Math_Building,Library,Cafeteria,CS_Building,Student_Center,Library,Dorms"
U0563_7,"Dorms,Cafeteria,Library,Gym,Dorms,Cafeteria"
U0563_8,"Dorms,Math_Building,Dorms,Student_Center,Gym,Dorms,Cafeteria,Math_Building,Student_Center,Gym,Dorms"
U0563_9,"Dorms,Cafeteria,Math_Building,Student_Center,Dorms,CS_Building"
U0564_1,"Dorms,Cafeteria,Student_Center"
U0564_10,"Dorms,Cafeteria,Library,Dorms,Cafeteria,CS_Building"
U0564_11,"Dorms,CS_Building,Cafeteria,CS_Building,Cafeteria,Library,Dorms,Cafeteria,Student_Center,Dorms,CS_Building,Student_Center,Gym,Dorms,Cafeteria,Library,Student_Center,Library"
U0564_12,"Dorms,Math_Building,Dorms,Cafeteria,Math_Building,Library,Dorms,Math_Building"
U0564_13,"Dorms,Cafeteria,Math_Building,Dorms"
U0564_2,"Dorms,Math_Building,Dorms"
U0564_3,"Dorms,Cafeteria,Math_Building,Dorms,Cafeteria"
U0564_4,"Dorms,Math_Building,Cafeteria,Math_Building,Dorms,Math_Building,Student_Center,Library"
U0564_5,"Dorms,Cafeteria,Math_Building"
U0564_6,"Library,Student_Center,Dorms,CS_Building,Cafeteria,Library,Dorms,Cafeteria"
U0564_7,"Dorms,Cafeteria,Library,Student_Center,Dorms,Library,Gym"
U0564_8,"Dorms,Cafeteria,Student_Center,Dorms"
U0564_9,"Dorms,Math_Building,Dorms"
U0565_1,"Dorms,Cafeteria,CS_Building,Student_Center,Library,Dorms,CS_Building"
U0565_10,"Dorms,Math_Building,Cafeteria,Math_Building,Library,Gym,Dorms,Cafeteria,CS_Building,Cafeteria,Math_Building"
U0565_11,"Dorms,Cafeteria,Library"
U0565_12,"Dorms,Cafeteria,Math_Building"
U0565_2,"Dorms,CS_Building,Cafeteria,Library,Cafeteria,Math_Building,Student_Center,Dorms"
U0565_3,"Dorms,CS_Building,Cafeteria,CS_Building,Library,Cafeteria,Library,Student_Center,Dorms,CS_Building,Library,Dorms,CS_Building"
U0565_4,"Math_Building,Cafeteria,CS_Building,Cafeteria,Math_Building,Dorms,Cafeteria"
U0565_5,"CS_Building,Dorms,Cafeteria,Math_Building,Student_Center,Library,Dorms,Math_Building"
U0565_6,"Dorms,Math_Building,Student_Center"
U0565_7,"Dorms,Cafeteria,Student_Center,Gym,Dorms,Math_Building,Student_Center,Gym"
U0565_8,"Library,Dorms,Cafeteria,Library"
U0565_9,"Dorms,Cafeteria,Library,Cafeteria,CS_Building"
U0566_1,"Dorms,Cafeteria,CS_Building,Dorms,Cafeteria,Student_Center,Dorms,CS_Building,Library,Dorms,CS_Building,Library,Cafeteria"
U0566_10,"Dorms,CS_Building,Dorms,Math_Building,Student_Center"
U0566_11,"Dorms,Cafeteria,Math_Building,Library,Gym"
U0566_12,"Dorms,Cafeteria,Library,Gym"
U0566_2,"Cafeteria,CS_Building,Library,Cafeteria,Library,Dorms,Library,Dorms"
U0566_3,"Dorms,CS_Building,Student_Center,Library,Gym,Dorms,Cafeteria"
U0566_4,"Cafeteria,CS_Building,Student_Center,Library,Gym,Dorms,Dorms,Cafeteria,CS_Building,Student_Center,Gym,Dorms,Cafeteria"
U0566_5,"Dorms,Math_Building,Student_Center,Gym,Dorms,Cafeteria,Student_Center,Library"
U0566_6,"Dorms,Cafeteria,CS_Building"
U0566_7,"Math_Building,Student_Center,Dorms,Cafeteria,Math_Building,Cafeteria,Library,Gym"
U0566_8,"Dorms,Cafeteria,Math_Building,Library"
U0566_9,"Cafeteria,Math_Building,Student_Center,Dorms,Cafeteria,Math_Building,Student_Center,Gym"
U0567_1,"Dorms,Math_Building,Cafeteria,CS_Building,Library,Cafeteria"
U0567_10,"Math_Building,Dorms,Library,Cafeteria"
U0567_11,"Dorms,CS_Building,Library,Dorms,Cafeteria,Math_Building,Cafeteria"
U0567_12,"Library,Cafeteria,Library,Gym"
U0567_13,"Dorms,CS_Building,Student_Center"
U0567_14,"Dorms,Cafeteria,Library"
U0567_15,"Dorms,CS_Building,Library"
U0567_2,"Library,Dorms,CS_Building,Library,Cafeteria"
U0567_3,"Dorms,Cafeteria,CS_Building,Student_Center,Dorms,Library,Dorms"
U0567_4,"Dorms,Cafeteria,CS_Building,Student_Center,Gym,Dorms"
U0567_5,"Dorms,Cafeteria,Math_Building,Library,Cafeteria"
U0567_6,"Dorms,Cafeteria,Library,Student_Center,Dorms,Cafeteria"
U0567_7,"Cafeteria,CS_Building,Student_Center,Dorms,CS_Building,Student_Center,Dorms"
U0567_8,"Dorms,Library,Cafeteria,Math_Building,Cafeteria,Library,Dorms,Math_Building"
U0567_9,"Cafeteria,Math_Building,Cafeteria"
U0568_1,"Gym,Dorms,CS_Building,Cafeteria,Math_Building"
U0568_10,"Dorms,Cafeteria,CS_Building,Cafeteria,Library,Dorms,Cafeteria"
U0568_11,"Cafeteria,Math_Building,Student_Center,Library"
U0568_12,"Dorms,Math_Building,Student_Center"
U0568_13,"Dorms,Cafeteria,Student_Center"
U0568_14,"Dorms,Cafeteria,Library,Cafeteria,Math_Building,Dorms"
U0568_15,"Gym,Dorms,Cafeteria,CS_Building,Cafeteria"
U0568_16,"Dorms,Math_Building,Library,Gym"
U0568_2,"Dorms,CS_Building,Student_Center"
U0568_3,"Dorms,Cafeteria,Library,Student_Center"
U0568_4,"Dorms,Math_Building,Cafeteria"
U0568_5,"Dorms,Math_Building,Cafeteria,CS_Building,Library"
U0568_6,"Dorms,Math_Building,Student_Center,Library,Student_Center"
U0568_7,"Gym,Dorms,Cafeteria,CS_Building,Library,Gym,Dorms,Dorms,Math_Building,Library,Dorms,Math_Building"
U0568_8,"Dorms,Library,Dorms,Cafeteria,CS_Building,Student_Center,Gym,Cafeteria"
U0568_9,"Dorms,CS_Building,Student_Center,Library,Dorms,Cafeteria"
U0569_1,"Dorms,Cafeteria,Math_Building,Student_Center,Dorms,Cafeteria,Math_Building,Student_Center"
U0569_10,"Library,Student_Center,Library,Dorms,Math_Building"
U0569_11,"Dorms,CS_Building,Student_Center,Gym"
U0569_12,"Dorms,Math_Building,Student_Center,Gym"
U0569_13,"Dorms,Cafeteria,CS_Building,Library,Dorms,Library"
U0569_14,"Student_Center,Library,Gym,Cafeteria,Math_Building,Dorms,Cafeteria"
U0569_15,"Dorms,Cafeteria,Math_Building,Student_Center,Dorms,Cafeteria"
U0569_2,"Dorms,Cafeteria,CS_Building,Student_Center,Gym"
U0569_3,"Dorms,Library,Cafeteria,CS_Building"
U0569_4,"Dorms,Math_Building,Student_Center,Dorms"
U0569_5,"Cafeteria,Student_Center,Gym,Dorms"
U0569_6,"Dorms,Math_Building,Cafeteria,Student_Center"
U0569_7,"Dorms,CS_Building,Library"
U0569_8,"Dorms,Math_Building,Student_Center,Dorms"
U0569_9,"Cafeteria,Student_Center,Gym,Dorms,Cafeteria,Math_Building,Student_Center"
U0570_1,"Dorms,Cafeteria,Student_Center,Gym,Dorms"
U0570_10,"Dorms,Math_Building,Library,Dorms,Math_Building"
U0570_11,"Dorms,CS_Building,Student_Center"
U0570_12,"Dorms,Cafeteria,Math_Building,Cafeteria,Library"
U0570_13,"Dorms,Cafeteria,CS_Building,Cafeteria,Math_Building,Cafeteria,CS_Building,Library,Cafeteria"
U0570_2,"Dorms,Math_Building,Library,Student_Center,Dorms,CS_Building,Cafeteria,CS_Building"
U0570_3,"Cafeteria,Library,Student_Center,Library,Gym"
U0570_4,"CS_Building,Library,Dorms,Cafeteria,CS_Building,Cafeteria,CS_Building,Library,Dorms,Cafeteria,CS_Building"
U0570_5,"Dorms,Math_Building,Cafeteria,Library"
U0570_6,"Library,Student_Center,Dorms"
U0570_7,"Student_Center,Library,Cafeteria,Math_Building,Student_Center"
U0570_8,"Dorms,Cafeteria,Math_Building,Dorms,Cafeteria,Library,Cafeteria"
U0570_9,"Dorms,Cafeteria,Library,Student_Center,Dorms"
U0571_1,"Dorms,CS_Building,Student_Center,Gym"
U0571_10,"Dorms,CS_Building,Library,Student_Center,Dorms,Cafeteria,Math_Building,Cafeteria"
U0571_2,"Dorms,Cafeteria,CS_Building"
U0571_3,"Dorms,Math_Building,Dorms,CS_Building,Student_Center,Gym"
U0571_4,"Math_Building,Library,Gym,Dorms"
U0571_5,"Dorms,Cafeteria,CS_Building,Student_Center,Dorms"
U0571_6,"Dorms,Cafeteria,Math_Building,Library,Student_Center"
U0571_7,"Dorms,Cafeteria,CS_Building"
U0571_8,"Dorms,CS_Building,Library,Dorms,Cafeteria,Math_Building"
U0571_9,"Dorms,Library,Dorms,Math_Building,Dorms,Cafeteria"
U0572_1,"Dorms,Cafeteria,CS_Building,Library"
U0572_10,"Dorms,Library,Cafeteria"
U0572_2,"Library,Gym,Dorms,Cafeteria,CS_Building,Student_Center,Dorms"
U0572_3,"Math_Building,Library,Dorms,CS_Building"
U0572_4,"Math_Building,Library,Cafeteria,Student_Center,Library,Gym,Dorms"
U0572_5,"Dorms,Cafeteria,CS_Building,Cafeteria,Library,Dorms,Cafeteria,CS_Building"
U0572_6,"Dorms,Library,Gym,Dorms,Cafeteria,Library,Dorms,CS_Building"
U0572_7,"Library,Cafeteria,CS_Building"
U0572_8,"Dorms,Cafeteria,CS_Building"
U0572_9,"Dorms,Cafeteria,CS_Building,Library,Dorms,Library,Dorms,Dorms,Cafeteria,Library,Dorms"
U0573_1,"Dorms,Math_Building,Cafeteria,Math_Building,Library,Gym,Dorms"
U0573_10,"Dorms,Math_Building,Cafeteria,Library,Cafeteria"
U0573_11,"Dorms,Cafeteria,CS_Building,Library,Student_Center,Gym"
U0573_12,"Dorms,CS_Building,Student_Center"
U0573_13,"Dorms,Math_Building,Cafeteria,Math_Building,Dorms,Library,Dorms,Cafeteria"
U0573_14,"Cafeteria,Math_Building,Dorms,Cafeteria,CS_Building"
U0573_2,"Dorms,Cafeteria,CS_Building,Student_Center"
U0573_3,"Dorms,Cafeteria,Math_Building,Cafeteria"
U0573_4,"Dorms,CS_Building,Cafeteria,Library,Dorms,Library,Dorms,Cafeteria"
U0573_5,"Dorms,Cafeteria,Library,Dorms"
U0573_6,"Dorms,CS_Building,Library,Gym,Dorms,Library,Dorms,CS_Building"
U0573_7,"Dorms,Cafeteria,CS_Building,Library,Student_Center,Dorms,Math_Building"
U0573_8,"Dorms,Cafeteria,Student_Center,Library"
U0573_9,"Dorms,Cafeteria,CS_Building,Cafeteria,CS_Building,Student_Center"
U0574_1,"Gym,Dorms,Math_Building,Student_Center,Gym"
U0574_10,"Dorms,Cafeteria,Math_Building,Student_Center,Dorms,Cafeteria,Library,Cafeteria,Dorms,CS_Building,Library,Cafeteria,Math_Building,Library,Student_Center"
U0574_11,"Dorms,Cafeteria,CS_Building,Student_Center,Dorms,Cafeteria"
U0574_12,"Dorms,Math_Building,Library,Dorms,Cafeteria,Math_Building,Library,Student_Center"
U0574_2,"Dorms,Cafeteria,CS_Building"
U0574_3,"Dorms,CS_Building,Library,Dorms,Math_Building"
U0574_4,"Library,Cafeteria,Math_Building"
U0574_5,"Student_Center,Gym,Dorms,Library"
U0574_6,"Dorms,Cafeteria,Library,Gym,Dorms,CS_Building,Library"
U0574_7,"Library,Cafeteria,CS_Building,Cafeteria,CS_Building,Library,Student_Center"
U0574_8,"Dorms,Cafeteria,Math_Building,Dorms,Cafeteria,Library,Cafeteria"
U0574_9,"Dorms,Cafeteria,Math_Building,Student_Center,Dorms,CS_Building,Cafeteria,CS_Building"
U0575_1,"Dorms,Cafeteria,CS_Building,Library,Dorms,Cafeteria,Math_Building"
U0575_2,"Dorms,Math_Building,Student_Center,Gym,Cafeteria,Dorms,Cafeteria,Library,Dorms,Cafeteria"
U0575_3,"Student_Center,Dorms,Cafeteria,Math_Building,Library,Gym,Dorms,CS_Building"
U0575_4,"Dorms,Math_Building,Dorms,Cafeteria,Math_Building"
U0575_5,"Dorms,CS_Building,Library,Dorms"
U0575_6,"Gym,Dorms,Cafeteria,Math_Building,Dorms,CS_Building,Student_Center,Dorms"
U0575_7,"Dorms,CS_Building,Library,Gym,Dorms,Cafeteria,Library,Gym"
U0575_8,"Dorms,Cafeteria,Student_Center,Gym,Cafeteria"
U0576_1,"Math_Building,Student_Center,Dorms,Cafeteria,CS_Building,Library"
U0576_10,"Dorms,Math_Building,Cafeteria,CS_Building,Student_Center"
U0576_11,"Math_Building,Student_Center,Gym,Dorms,Math_Building"
U0576_12,"Dorms,Cafeteria,CS_Building,Dorms,Cafeteria,CS_Building,Dorms,Library"
U0576_2,"Dorms,Cafeteria,Math_Building"
U0576_3,"Dorms,Cafeteria,CS_Building,Library,Gym,Dorms"
U0576_4,"Dorms,Math_Building,Library"
U0576_5,"Dorms,CS_Building,Cafeteria,CS_Building,Library,Dorms,Cafeteria,Library,Gym,Dorms,Math_Building,Cafeteria,CS_Building,Student_Center,Dorms,Math_Building"
U0576_6,"Dorms,Cafeteria,Library,Dorms,Math_Building,Library,Cafeteria"
U0576_7,"Dorms,Cafeteria,Math_Building,Cafeteria,Math_Building,Dorms,CS_Building,Cafeteria"
U0576_8,"Dorms,CS_Building,Student_Center"
U0576_9,"Library,Cafeteria,Math_Building,Library,Cafeteria,Student_Center,Dorms,CS_Building"
U0577_1,"Dorms,CS_Building,Dorms,Math_Building,Library,Gym"
U0577_10,"Dorms,CS_Building,Library"
U0577_11,"Dorms,Math_Building,Dorms,Math_Building"
U0577_12,"Dorms,Cafeteria,Math_Building"
U0577_2,"Dorms,Cafeteria,Math_Building"
U0577_3,"Dorms,Cafeteria,CS_Building,Cafeteria,Library,Dorms"
U0577_4,"Student_Center,Gym,Dorms,Cafeteria"
U0577_5,"Dorms,Library,Gym,Dorms,Dorms,Math_Building,Cafeteria,Math_Building"
U0577_6,"Dorms,Math_Building,Student_Center,Library,Dorms,CS_Building"
U0577_7,"Dorms,CS_Building,Library,Dorms,Cafeteria,Dorms,CS_Building,Student_Center,Gym,Dorms"
U0577_8,"Dorms,Cafeteria,CS_Building,Library,Dorms,Cafeteria,Math_Building,Dorms"
U0577_9,"Dorms,Math_Building,Dorms,Cafeteria,Library,Cafeteria,CS_Building,Library"
U0578_1,"Dorms,CS_Building,Cafeteria,Math_Building,Library,Dorms,Cafeteria,Library"
U0578_10,"Math_Building,Library,Student_Center,Library,Dorms"
U0578_11,"Dorms,Cafeteria,Library"
U0578_2,"Dorms,Math_Building,Dorms,Cafeteria,Student_Center,Gym,Dorms,Dorms,Cafeteria,Student_Center,Library,Student_Center,Dorms,Math_Building"
U0578_3,"Dorms,Cafeteria,Student_Center,Library,Gym,Dorms,Dorms,Math_Building,Library,Gym"
U0578_4,"Dorms,Math_Building,Student_Center,Library,Gym,Dorms,CS_Building"
U0578_5,"Dorms,Cafeteria,Math_Building,Library,Dorms"
U0578_6,"Cafeteria,Math_Building,Student_Center,Gym"
U0578_7,"Dorms,Cafeteria,Math_Building,Library"
U0578_8,"Dorms,Math_Building,Student_Center,Dorms,Cafeteria"
U0578_9,"Dorms,Math_Building,Student_Center,Dorms,Cafeteria,Dorms,Cafeteria,CS_Building,Student_Center,Gym,Dorms,CS_Building"
U0579_1,"Dorms,Cafeteria,CS_Building"
U0579_10,"Gym,Cafeteria,CS_Building,Library,Dorms"
U0579_11,"Dorms,Cafeteria,Student_Center"
U0579_12,"Gym,Dorms,Cafeteria,Math_Building,Cafeteria,CS_Building,Library,Cafeteria"
U0579_13,"Dorms,Math_Building,Library"
U0579_2,"Dorms,Cafeteria,Math_Building,Cafeteria,Math_Building,Cafeteria,CS_Building"
U0579_3,"Dorms,Math_Building,Library"
U0579_4,"Library,Student_Center,Library,Dorms,Cafeteria,CS_Building"
U0579_5,"Dorms,CS_Building,Dorms,CS_Building,Library,Dorms,Cafeteria"
U0579_6,"Dorms,CS_Building,Library"
U0579_7,"Dorms,Library,Dorms,Cafeteria"
U0579_8,"Dorms,Math_Building,Dorms"
U0579_9,"Dorms,Cafeteria,Library,Student_Center,Dorms"
U0580_1,"Student_Center,Library,Dorms,Cafeteria,Math_Building,Library,Dorms"
U0580_10,"Dorms,Math_Building,Library"
U0580_11,"Dorms,Library,Dorms,Cafeteria,Dorms,CS_Building,Library,Student_Center,Library,Gym,Dorms,Library,Student_Center,Library,Gym,Cafeteria,CS_Building,Library"
U0580_12,"Student_Center,Dorms,Math_Building,Student_Center,Dorms,Cafeteria"
U0580_13,"Dorms,Math_Building,Student_Center,Gym,Dorms,CS_Building,Dorms,Math_Building,Student_Center,Gym,Dorms,Library,Dorms,CS_Building"
U0580_2,"Student_Center,Dorms,Cafeteria,Math_Building"
U0580_3,"Dorms,Cafeteria,Math_Building"
U0580_4,"Library,Cafeteria,CS_Building,Cafeteria,CS_Building,Student_Center,Dorms,Math_Building"
U0580_5,"CS_Building,Student_Center,Dorms,CS_Building,Student_Center,Dorms"
U0580_6,"Dorms,Library,Dorms,Math_Building,Student_Center,Library"
U0580_7,"Dorms,Cafeteria,Student_Center,Gym,Dorms"
U0580_8,"Dorms,Math_Building,Library,Cafeteria,Library,Gym,Cafeteria,CS_Building"
U0580_9,"Dorms,Math_Building,Student_Center,Gym,Dorms,Cafeteria,CS_Building,Library"
U0581_1,"Dorms,Cafeteria,CS_Building,Student_Center,Library,Cafeteria,Math_Building,Dorms"
U0581_10,"Cafeteria,CS_Building,Cafeteria,Math_Building,Cafeteria,CS_Building,Student_Center"
U0581_11,"Dorms,Cafeteria,CS_Building,Library"
U0581_12,"Cafeteria,Library,Cafeteria,Math_Building,Dorms,Cafeteria,CS_Building,Dorms"
U0581_13,"CS_Building,Library,Gym,Dorms,Math_Building,Student_Center,Gym"
U0581_14,"Dorms,Cafeteria,Math_Building,Library,Cafeteria"
U0581_2,"Dorms,CS_Building,Library,Student_Center,Gym,Dorms"
U0581_3,"Dorms,Cafeteria,CS_Building,Library,Cafeteria,Math_Building,Cafeteria,CS_Building"
U0581_4,"Dorms,Cafeteria,Library,Cafeteria,Math_Building,Student_Center,Dorms"
U0581_5,"Dorms,Math_Building,Student_Center,Dorms,Cafeteria,Math_Building,Dorms"
U0581_6,"Dorms,Cafeteria,Math_Building,Library,Gym"
U0581_7,"Dorms,CS_Building,Cafeteria,CS_Building,Library,Dorms,Math_Building,Student_Center"
U0581_8,"Dorms,Cafeteria,Library,Cafeteria,CS_Building,Library,Cafeteria,Math_Building,Student_Center,Library,Dorms"
U0581_9,"Dorms,Math_Building,Library,Cafeteria,CS_Building"
U0582_1,"Math_Building,Dorms,Math_Building,Dorms,Math_Building"
U0582_10,"Dorms,Math_Building,Student_Center,Gym,Dorms,Math_Building"
U0582_11,"Gym,Dorms,Cafeteria,CS_Building,Student_Center"
U0582_2,"Cafeteria,Library,Cafeteria,Library,Gym"
U0582_3,"Dorms,Library,Cafeteria,Math_Building,Library,Dorms"
U0582_4,"CS_Building,Student_Center,Gym,Dorms,Math_Building,Library,Dorms,Math_Building,Dorms,CS_Building,Library"
U0582_5,"Cafeteria,Student_Center,Gym,Dorms,CS_Building"
U0582_6,"Dorms,Cafeteria,Math_Building,Cafeteria,Student_Center,Gym,Cafeteria,Dorms,Cafeteria,Math_Building,Student_Center,Gym"
U0582_7,"Math_Building,Student_Center,Dorms"
U0582_8,"Cafeteria,Math_Building,Library"
U0582_9,"Dorms,Cafeteria,Student_Center,Dorms,Cafeteria"
U0583_1,"CS_Building,Cafeteria,Library,Dorms,Library,Student_Center,Gym,Dorms"
U0583_10,"Gym,Cafeteria,Math_Building"
U0583_11,"Dorms,CS_Building,Cafeteria,CS_Building,Library"
U0583_12,"Dorms,CS_Building,Student_Center,Dorms,CS_Building"
U0583_13,"Dorms,Cafeteria,Math_Building,Dorms,Cafeteria,Student_Center,Dorms,Cafeteria,Math_Building"
U0583_2,"Dorms,Cafeteria,CS_Building"
U0583_3,"Dorms,CS_Building,Student_Center,Library,Cafeteria,Math_Building,Student_Center,Library"
U0583_4,"Dorms,Cafeteria,Library,Cafeteria,Math_Building"
U0583_5,"Dorms,Cafeteria,Math_Building,Student_Center,Dorms,Cafeteria,Math_Building,Library"
U0583_6,"Dorms,Cafeteria,Library,Dorms,Cafeteria,Library"
U0583_7,"Library,Cafeteria,CS_Building"
U0583_8,"Dorms,Cafeteria,CS_Building,Student_Center,Gym,Dorms"
U0583_9,"Dorms,Library,Cafeteria"
U0584_1,"Dorms,Library,Cafeteria"
U0584_10,"Dorms,Math_Building,Student_Center,Gym,Dorms,Math_Building"
U0584_11,"Dorms,Math_Building,Dorms"
U0584_12,"Dorms,Cafeteria,Library,Dorms,Cafeteria,Library,Dorms,Cafeteria"
U0584_13,"Dorms,Math_Building,Dorms,CS_Building,Library,Dorms,CS_Building,Library,Dorms,Cafeteria,CS_Building,Library,Student_Center,Dorms,Gym,Cafeteria,CS_Building,Library,Cafeteria,Math_Building"
U0584_14,"CS_Building,Cafeteria,CS_Building,Cafeteria,Student_Center,Gym,Dorms"
U0584_15,"Dorms,Library,Dorms,Cafeteria,Student_Center"
U0584_16,"Dorms,Cafeteria,Student_Center,Dorms,Cafeteria"
U0584_2,"Dorms,Cafeteria,Library,Dorms,Math_Building,Library"
U0584_3,"Gym,Dorms,Library,Cafeteria,Math_Building,Library,Student_Center,Library"
U0584_4,"Dorms,Cafeteria,CS_Building"
U0584_5,"Math_Building,Cafeteria,CS_Building,Cafeteria,CS_Building,Student_Center"
U0584_6,"Dorms,CS_Building,Student_Center"
U0584_7,"Dorms,Library,Gym,Dorms"
U0584_8,"Dorms,Cafeteria,Math_Building,Student_Center,Dorms,Math_Building"
U0584_9,"Dorms,Cafeteria,Math_Building,Cafeteria,CS_Building,Student_Center"
U0585_1,"Dorms,Cafeteria,Math_Building,Student_Center,Library"
U0585_10,"Dorms,Cafeteria,Math_Building,Student_Center,Dorms,Math_Building,Dorms"
U0585_11,"Dorms,Library,Cafeteria,CS_Building"
U0585_12,"Dorms,Cafeteria,Library"
U0585_13,"Dorms,Math_Building,Dorms,CS_Building"
U0585_14,"Cafeteria,Student_Center,Library,Dorms,Math_Building,Student_Center,Gym,Dorms"
U0585_2,"Library,Gym,Dorms,Library,Gym,Dorms,Cafeteria,Student_Center,Dorms,Cafeteria,Library,Gym,Dorms"
U0585_3,"Dorms,CS_Building,Student_Center"
U0585_4,"Student_Center,Gym,Cafeteria"
U0585_5,"Dorms,CS_Building,Library,Dorms,CS_Building"
U0585_6,"Library,Dorms,CS_Building,Dorms,Cafeteria,Math_Building,Student_Center,Dorms,Dorms,Cafeteria,CS_Building,Library,Student_Center,Dorms"
U0585_7,"Gym,Cafeteria,Math_Building,Library,Dorms,Cafeteria"
U0585_8,"Dorms,CS_Building,Library,Gym,Dorms,Math_Building,Library"
U0585_9,"Dorms,CS_Building,Cafeteria,Library,Dorms,CS_Building"
U0586_1,"Dorms,Math_Building,Student_Center,Dorms,Cafeteria"
U0586_10,"Dorms,Cafeteria,CS_Building,Student_Center,Dorms,Dorms,Cafeteria,CS_Building,Cafeteria,Library"
U0586_11,"Dorms,Math_Building,Cafeteria"
U0586_12,"Dorms,Cafeteria,Library,Dorms,Cafeteria,CS_Building"
U0586_2,"Dorms,CS_Building,Library,Dorms,CS_Building,Student_Center,Dorms,Cafeteria"
U0586_3,"Dorms,Cafeteria,Math_Building,Library,Cafeteria,Library,Dorms"
U0586_4,"Dorms,Cafeteria,CS_Building,Student_Center,Library"
U0586_5,"Dorms,Cafeteria,CS_Building,Library"
U0586_6,"Dorms,CS_Building,Cafeteria,CS_Building"
U0586_7,"Dorms,Cafeteria,Math_Building,Student_Center,Library,Cafeteria,Math_Building,Dorms"
U0586_8,"Dorms,Cafeteria,Math_Building"
U0586_9,"Dorms,Cafeteria,Math_Building"
U0587_1,"Dorms,Math_Building,Library,Dorms,Cafeteria,Math_Building,Student_Center,Library"
U0587_10,"Cafeteria,CS_Building,Student_Center,Library,Gym"
U0587_11,"Dorms,CS_Building,Student_Center,Dorms,Cafeteria,Math_Building"
U0587_12,"Math_Building,Dorms,Math_Building"
U0587_13,"Dorms,CS_Building,Library,Gym"
U0587_2,"Dorms,Cafeteria,CS_Building,Student_Center,Dorms"
U0587_3,"Dorms,Cafeteria,Student_Center,Library,Cafeteria,CS_Building,Library"
U0587_4,"Cafeteria,CS_Building,Cafeteria,Math_Building,Dorms,Math_Building"
U0587_5,"Dorms,Cafeteria,Library,Dorms,Cafeteria,Math_Building,Student_Center,Library,Student_Center,Gym"
U0587_6,"Dorms,CS_Building,Library,Dorms"
U0587_7,"Dorms,Math_Building,Dorms,Cafeteria"
U0587_8,"Library,Dorms,Cafeteria,CS_Building,Student_Center"
U0587_9,"Gym,Dorms,CS_Building,Library,Student_Center,Gym"
U0588_1,"Dorms,CS_Building,Cafeteria,CS_Building,Student_Center,Library,Cafeteria"
U0588_10,"Dorms,Math_Building,Library,Dorms,Cafeteria,CS_Building,Cafeteria,CS_Building,Student_Center,Library"
U0588_11,"Dorms,Library,Gym,Dorms,Cafeteria,Student_Center,Library"
U0588_2,"Dorms,CS_Building,Student_Center"
U0588_3,"Dorms,Math_Building,Student_Center,Library"
U0588_4,"Dorms,Cafeteria,Math_Building,Student_Center,Gym"
U0588_5,"Dorms,Cafeteria,Math_Building,Student_Center,Dorms,Library"
U0588_6,"Math_Building,Library,Dorms,Math_Building,Cafeteria,Math_Building"
U0588_7,"Dorms,Math_Building,Cafeteria,Math_Building,Cafeteria,CS_Building"
U0588_8,"Dorms,Library,Student_Center,Gym,Dorms,Cafeteria,CS_Building,Cafeteria"
U0588_9,"Dorms,Math_Building,Cafeteria,Math_Building,Dorms"
U0589_1,"Dorms,CS_Building,Library,Cafeteria,Math_Building"
U0589_10,"Dorms,Cafeteria,Math_Building,Student_Center,Dorms"
U0589_11,"Dorms,Cafeteria,Library,Dorms,Math_Building,Cafeteria,CS_Building,Library"
U0589_12,"Dorms,Library,Gym"
U0589_2,"Dorms,Cafeteria,Math_Building,Dorms,CS_Building,Student_Center"
U0589_3,"Dorms,CS_Building,Cafeteria,CS_Building"
U0589_4,"Dorms,CS_Building,Library"
U0589_5,"Dorms,Cafeteria,CS_Building,Student_Center,Gym,Dorms,Cafeteria,Library,Dorms"
U0589_6,"Dorms,CS_Building,Library,Dorms,Math_Building"
U0589_7,"Dorms,Cafeteria,CS_Building,Math_Building,Dorms,Cafeteria,Math_Building,Student_Center,Dorms"
U0589_8,"CS_Building,Library,Dorms,Math_Building"
U0589_9,"Dorms,Math_Building,Cafeteria,Math_Building,Dorms"
U0590_1,"Dorms,Math_Building,Student_Center,Dorms,Cafeteria,Math_Building"
U0590_10,"Dorms,Math_Building,Dorms,Cafeteria,Math_Building,Student_Center"
U0590_11,"Dorms,Cafeteria,CS_Building,Library,Cafeteria,Library,Cafeteria"
U0590_12,"Dorms,Math_Building,Library,Cafeteria,Student_Center,Library,Cafeteria,CS_Building"
U0590_13,"Dorms,Cafeteria,Library,Cafeteria"
U0590_14,"Student_Center,Gym,Dorms,Cafeteria,Math_Building,Cafeteria,CS_Building,Student_Center"
U0590_2,"Dorms,Math_Building,Student_Center,Dorms,Math_Building"
U0590_3,"Library,Cafeteria,Student_Center"
U0590_4,"Student_Center,Library,Student_Center,Dorms,Math_Building,Cafeteria,CS_Building"
U0590_5,"Dorms,Math_Building,Cafeteria,Library,Cafeteria,CS_Building,Student_Center"
U0590_6,"Dorms,Library,Dorms,Cafeteria,CS_Building"
U0590_7,"Math_Building,Library,Dorms,Cafeteria,Library"
U0590_8,"Dorms,Math_Building,Student_Center"
U0590_9,"Dorms,CS_Building,Dorms,Math_Building,Student_Center,Library"
U0591_1,"Library,Cafeteria,CS_Building,Dorms,Cafeteria"
U0591_10,"Dorms,Cafeteria,CS_Building,Student_Center"
U0591_11,"Dorms,Cafeteria,Library,Dorms,Math_Building"
U0591_2,"Math_Building,Library,Cafeteria,CS_Building"
U0591_3,"Math_Building,Library,Dorms,Library"
U0591_4,"Dorms,Math_Building,Library,Cafeteria,CS_Building,CS_Building,Library,Gym,Dorms,Cafeteria,Math_Building,Library,Dorms"
U0591_5,"Dorms,Cafeteria,Library,Dorms"
U0591_6,"Student_Center,Dorms,Cafeteria,CS_Building,Student_Center,Dorms,Cafeteria,Math_Building,Library,Gym,Dorms,CS_Building,Cafeteria"
U0591_7,"Dorms,Cafeteria,CS_Building,Library,Cafeteria,Math_Building,Student_Center,Dorms"
U0591_8,"Dorms,Cafeteria,CS_Building,Student_Center,Library,Dorms,Math_Building"
U0591_9,"Dorms,CS_Building,Library,Cafeteria,Library,Student_Center"
U0592_1,"Dorms,CS_Building,Library,Gym"
U0592_10,"Dorms,Math_Building,Library,Student_Center,Dorms,Cafeteria,Library,Dorms"
U0592_11,"Dorms,Math_Building,Cafeteria"
U0592_12,"Dorms,CS_Building,Library,Cafeteria,Math_Building,Dorms,Math_Building,Student_Center"
U0592_2,"Dorms,Math_Building,Library,Dorms,Library,Dorms,Cafeteria,Gym,Dorms,Cafeteria,Math_Building,Library,Cafeteria"
U0592_3,"Dorms,CS_Building,Dorms,Math_Building,Dorms,Cafeteria,CS_Building"
U0592_4,"Dorms,CS_Building,Student_Center,Dorms"
U0592_5,"Dorms,Cafeteria,CS_Building,Cafeteria,Math_Building,Cafeteria"
U0592_6,"Math_Building,Student_Center,Gym,Dorms,Cafeteria,CS_Building,Library"
U0592_7,"CS_Building,Library,Dorms,Cafeteria"
U0592_8,"Dorms,Library,Cafeteria,Math_Building,Library,Student_Center,Gym"
U0592_9,"Dorms,Cafeteria,Library,Cafeteria,Library,Student_Center"
U0593_1,"Dorms,Library,Dorms,Cafeteria,CS_Building"
U0593_10,"Dorms,Math_Building,Dorms,Cafeteria,Library,Dorms"
U0593_11,"Gym,Dorms,CS_Building,Dorms"
U0593_12,"Dorms,Cafeteria,Library,Cafeteria,Student_Center"
U0593_13,"Dorms,Cafeteria,CS_Building,Library,Cafeteria,Math_Building"
U0593_14,"Dorms,CS_Building,Student_Center,Dorms"
U0593_2,"Dorms,Cafeteria,Math_Building,Cafeteria,Math_Building,Dorms,Cafeteria,CS_Building"
U0593_3,"Dorms,Library,Cafeteria,CS_Building,Cafeteria,CS_Building,Cafeteria"
U0593_4,"Library,Gym,Dorms"
U0593_5,"Dorms,Cafeteria,CS_Building,Cafeteria,Math_Building,Cafeteria,CS_Building,Student_Center"
U0593_6,"Dorms,Cafeteria,CS_Building,Cafeteria,Math_Building,Student_Center"
U0593_7,"Dorms,Cafeteria,Math_Building,Dorms,CS_Building,Cafeteria,Math_Building,Library"
U0593_8,"Dorms,Library,Dorms,CS_Building,Student_Center,Gym,Cafeteria,Dorms,Math_Building,Cafeteria,CS_Building"
U0593_9,"Dorms,Cafeteria,Library"
U0594_1,"Dorms,Library,Cafeteria,CS_Building,Cafeteria,Math_Building"
U0594_10,"Dorms,CS_Building,Dorms,Dorms,Math_Building,Dorms,Library,Cafeteria,Student_Center,Dorms,Cafeteria"
U0594_11,"Dorms,Cafeteria,Math_Building,Dorms,Cafeteria,CS_Building,Student_Center"
U0594_12,"Dorms,Math_Building,Dorms,Cafeteria,CS_Building"
U0594_13,"Dorms,Math_Building,Student_Center,Dorms,Cafeteria,Library"
U0594_2,"Dorms,Library,Dorms,Cafeteria"
U0594_3,"Dorms,Cafeteria,Math_Building"
U0594_4,"Dorms,Library,Dorms,Cafeteria"
U0594_5,"Cafeteria,Student_Center,Library,Dorms,Cafeteria,Math_Building"
U0594_6,"Dorms,Cafeteria,CS_Building,Student_Center,Dorms"
U0594_7,"Dorms,Cafeteria,CS_Building,Cafeteria,Math_Building,Dorms,Math_Building,Dorms,Cafeteria,Math_Building,Student_Center,Gym"
U0594_8,"Dorms,Cafeteria,CS_Building,Dorms,Math_Building,Library,Dorms,Cafeteria,Math_Building,Library,Dorms"
U0594_9,"Dorms,Cafeteria,Math_Building,Student_Center,Library,Dorms"
U0595_1,"Dorms,Cafeteria,CS_Building,Library,Student_Center,Gym,Dorms,Cafeteria"
U0595_10,"Dorms,Library,Cafeteria,CS_Building,Library,Gym"
U0595_11,"Dorms,Cafeteria,CS_Building"
U0595_12,"Dorms,CS_Building,Student_Center,Gym,Cafeteria,CS_Building"
U0595_13,"Dorms,Cafeteria,Library"
U0595_14,"Library,Dorms,CS_Building,Dorms,Math_Building"
U0595_15,"Dorms,CS_Building,Cafeteria,Library,Gym,Dorms,Math_Building,Library,Dorms"
U0595_16,"Dorms,CS_Building,Library,Dorms,Cafeteria,Dorms,Cafeteria,CS_Building,Library,Cafeteria,Student_Center,Gym"
U0595_17,"Dorms,CS_Building,Cafeteria,CS_Building,Library"
U0595_2,"Dorms,Cafeteria,Student_Center,Dorms"
U0595_3,"Dorms,Cafeteria,Math_Building,Cafeteria,Math_Building,Cafeteria"
U0595_4,"Dorms,Cafeteria,CS_Building,Cafeteria,CS_Building"
U0595_5,"Library,Student_Center,Gym"
U0595_6,"Dorms,Cafeteria,Library,Student_Center,Library,Cafeteria,Math_Building"
U0595_7,"CS_Building,Cafeteria,CS_Building,Library,Gym,Dorms"
U0595_8,"Dorms,Cafeteria,Math_Building,Library,Cafeteria"
U0595_9,"Dorms,Cafeteria,Library,Gym"
U0596_1,"Dorms,Math_Building,Cafeteria,CS_Building,Dorms,CS_Building,Cafeteria"
U0596_10,"Dorms,Math_Building,Dorms"
U0596_11,"Dorms,Math_Building,Student_Center,Dorms"
U0596_12,"Dorms,Cafeteria,Library"
U0596_13,"Student_Center,Library,Dorms,Math_Building,Dorms"
U0596_2,"Dorms,Cafeteria,CS_Building,Dorms"
U0596_3,"Gym,Dorms,Cafeteria,Math_Building"
U0596_4,"Dorms,Cafeteria,CS_Building,Library,Cafeteria,Dorms,CS_Building,Library,Cafeteria,Math_Building,Library,Student_Center"
U0596_5,"Math_Building,Dorms,Cafeteria,CS_Building,Student_Center"
U0596_6,"Dorms,CS_Building,Student_Center"
U0596_7,"Dorms,Math_Building,Library,Dorms,Cafeteria,Math_Building"
U0596_8,"Dorms,CS_Building,Student_Center,Gym"
U0596_9,"Dorms,Cafeteria,Math_Building,Cafeteria,Library,Dorms,Cafeteria,CS_Building,Library,Gym,Dorms,Library,Dorms,Cafeteria"
U0597_1,"Dorms,Cafeteria,Library"
U0597_10,"Dorms,Math_Building,Library,Dorms,Cafeteria"
U0597_11,"Dorms,CS_Building,Cafeteria,CS_Building,Student_Center,Gym"
U0597_12,"Dorms,Math_Building,Library,Cafeteria,Math_Building,Student_Center,Dorms,Cafeteria,Dorms,CS_Building,Library,Student_Center,Library"
U0597_13,"Cafeteria,Student_Center,Dorms,CS_Building,Cafeteria,CS_Building,Cafeteria,Library"
U0597_2,"Dorms,CS_Building,Library,Dorms"
U0597_3,"Dorms,Math_Building,Library,Dorms"
U0597_4,"Cafeteria,Math_Building,Dorms,Cafeteria,CS_Building,Student_Center"
U0597_5,"Dorms,Library,Cafeteria,Library,Dorms"
U0597_6,"Dorms,Cafeteria,Student_Center,Gym,Dorms,Library"
U0597_7,"Math_Building,Student_Center,Library"
U0597_8,"Dorms,Cafeteria,Library,Student_Center,Dorms,Cafeteria,CS_Building"
U0597_9,"Dorms,CS_Building,Library,Dorms,CS_Building"
U0598_1,"Dorms,Cafeteria,CS_Building,Student_Center,Dorms,Cafeteria"
U0598_10,"Dorms,Cafeteria,Library"
U0598_11,"Gym,Dorms,Math_Building,Dorms,Cafeteria"
U0598_2,"Dorms,CS_Building,Library,Student_Center,Gym,Dorms"
U0598_3,"Cafeteria,Math_Building,Cafeteria"
U0598_4,"Dorms,Cafeteria,CS_Building,Library,Dorms,Cafeteria"
U0598_5,"Dorms,Math_Building,Cafeteria,Math_Building,Dorms,Library,Cafeteria"
U0598_6,"Dorms,Math_Building,Library,Cafeteria,CS_Building"
U0598_7,"Dorms,Library,Gym"
U0598_8,"Dorms,Math_Building,Library,Dorms,Cafeteria,CS_Building,Library,Gym,Student_Center,Gym,Dorms,CS_Building,Cafeteria,CS_Building,Student_Center,Library"
U0598_9,"Math_Building,Library,Dorms"
U0599_1,"Dorms,Cafeteria,Library,Cafeteria,CS_Building,Student_Center,Gym"
U0599_10,"Dorms,CS_Building,Student_Center,Gym,Cafeteria"
U0599_11,"Dorms,CS_Building,Library,Gym"
U0599_12,"Dorms,Cafeteria,Math_Building,Cafeteria,Math_Building,Dorms,Cafeteria"
U0599_13,"Dorms,Cafeteria,Student_Center,Dorms,Library,Cafeteria"
U0599_14,"Dorms,Cafeteria,Math_Building,Student_Center,Dorms,CS_Building,Dorms,Library"
U0599_15,"Library,Dorms,Math_Building"
U0599_2,"Dorms,CS_Building,Dorms,Math_Building,Cafeteria,Student_Center,Math_Building,Cafeteria,Student_Center,Gym,Dorms"
U0599_3,"Library,Cafeteria,CS_Building"
U0599_4,"Dorms,CS_Building,Cafeteria,Student_Center"
U0599_5,"Dorms,Cafeteria,Math_Building,Library,Dorms,CS_Building,Cafeteria"
U0599_6,"Dorms,Cafeteria,CS_Building"
U0599_7,"Cafeteria,Math_Building,Student_Center,Dorms,Dorms,Library,Dorms,Math_Building,Dorms,Math_Building,Student_Center,Library,Cafeteria,Library"
U0599_8,"Dorms,Library,Cafeteria,CS_Building"
U0599_9,"Gym,Cafeteria,Math_Building,Library,Gym,Dorms,Cafeteria"
U0600_1,"Dorms,Cafeteria,Math_Building,Cafeteria,CS_Building,Library"
U0600_10,"Library,Cafeteria,Math_Building,Student_Center,Library,Dorms"
U0600_11,"Dorms,Cafeteria,Math_Building"
U0600_2,"Dorms,Math_Building,Dorms,Cafeteria,Library,Dorms,CS_Building,Student_Center"
U0600_3,"Cafeteria,Library,Dorms,Cafeteria,CS_Building,Dorms"
U0600_4,"Dorms,Math_Building,Student_Center,Dorms,Math_Building,Dorms,Cafeteria,CS_Building"
U0600_5,"Library,Dorms,CS_Building,Student_Center,Library,Cafeteria,Math_Building,Library"
U0600_6,"Dorms,CS_Building,Cafeteria,Student_Center,Gym,Dorms,Cafeteria,CS_Building"
U0600_7,"Dorms,Math_Building,Library,Student_Center"
U0600_8,"Dorms,CS_Building,Student_Center,Library,Dorms,Cafeteria"
U0600_9,"CS_Building,Dorms,CS_Building,Library"
U0601_1,"Dorms,Library,Gym,Dorms,Math_Building,Dorms"
U0601_10,"Dorms,Math_Building,Dorms,Cafeteria,Student_Center,Dorms,Math_Building,Student_Center,Dorms,Cafeteria,CS_Building,Library"
U0601_11,"Math_Building,Library,Dorms,Cafeteria,Math_Building,Dorms,Cafeteria,CS_Building"
U0601_2,"CS_Building,Library,Dorms,Math_Building,Cafeteria"
U0601_3,"Dorms,Cafeteria,Math_Building,Student_Center,Dorms,Math_Building,Student_Center,Library"
U0601_4,"Dorms,CS_Building,Student_Center,Dorms,CS_Building"
U0601_5,"Dorms,Math_Building,Cafeteria,Math_Building"
U0601_6,"Dorms,CS_Building,Library,Gym"
U0601_7,"Dorms,Cafeteria,CS_Building,Student_Center,Library,Dorms"
U0601_8,"CS_Building,Student_Center,Dorms,Cafeteria,Library,Cafeteria,Library,Dorms,Dorms,CS_Building,Library,Student_Center,Dorms,Cafeteria,Math_Building,Dorms,Cafeteria,Math_Building,Student_Center,Dorms,CS_Building,Student_Center,Library"
U0601_9,"Dorms,Library,Cafeteria,Math_Building,Dorms,Cafeteria,CS_Building,Library"
U0602_1,"Dorms,Math_Building,Student_Center,Dorms,Math_Building,Library,Dorms"
U0602_10,"Dorms,CS_Building,Library"
U0602_11,"Dorms,Math_Building,Student_Center,Dorms,Math_Building"
U0602_12,"Student_Center,Dorms,Math_Building,Student_Center,Library,Gym,Cafeteria"
U0602_13,"Student_Center,Dorms,Math_Building,Student_Center,Dorms,Library,Dorms,CS_Building,Student_Center,Library,Cafeteria"
U0602_14,"Gym,Dorms,Math_Building,Cafeteria,Library,Dorms"
U0602_2,"Library,Cafeteria,CS_Building"
U0602_3,"Dorms,Math_Building,Student_Center,Dorms"
U0602_4,"Dorms,Cafeteria,Math_Building,Dorms,Cafeteria,Math_Building,Dorms"
U0602_5,"Dorms,CS_Building,Student_Center,Dorms,Cafeteria,CS_Building"
U0602_6,"Dorms,Math_Building,Student_Center,Gym,Dorms,Math_Building,Student_Center"
U0602_7,"Dorms,CS_Building,Dorms,Cafeteria,Math_Building"
U0602_8,"Math_Building,Student_Center,Dorms"
U0602_9,"Dorms,Cafeteria,Library,Cafeteria"
U0603_1,"Dorms,Library,Cafeteria,CS_Building,Cafeteria,CS_Building"
U0603_10,"Dorms,Library,Cafeteria,CS_Building,Cafeteria,Math_Building,Cafeteria,Math_Building"
U0603_11,"Dorms,Library,Student_Center,Dorms"
U0603_12,"Dorms,CS_Building,Library,Cafeteria,Math_Building,Dorms,Cafeteria,Library"
U0603_13,"Dorms,CS_Building,Library,Dorms,Math_Building,Dorms,Cafeteria,Math_Building"
U0603_14,"Dorms,Cafeteria,CS_Building,Cafeteria,CS_Building,Library,Student_Center,Dorms"
U0603_2,"Cafeteria,Library,Dorms,CS_Building,Cafeteria"
U0603_3,"Library,Cafeteria,CS_Building,Cafeteria,CS_Building,Student_Center,Library"
U0603_4,"Dorms,CS_Building,Cafeteria,CS_Building,Student_Center,Dorms,Cafeteria,CS_Building"
U0603_5,"Cafeteria,Student_Center,Gym,Dorms,Math_Building,Library,Gym,Cafeteria"
U0603_6,"CS_Building,Library,Dorms,Cafeteria,Math_Building,Library,Cafeteria,Math_Building"
U0603_7,"Dorms,Cafeteria,CS_Building,Library"
U0603_8,"Dorms,Cafeteria,Student_Center,Dorms,Cafeteria,CS_Building"
U0603_9,"Dorms,Cafeteria,Library"
U0604_1,"Dorms,Math_Building,Student_Center,Library,Cafeteria,Student_Center,Dorms,Cafeteria"
U0604_10,"Dorms,Cafeteria,CS_Building,Dorms,CS_Building,Dorms,Cafeteria,Gym,Dorms,Cafeteria,Student_Center,Dorms"
U0604_11,"Dorms,Math_Building,Dorms,Library,Cafeteria,CS_Building,Student_Center,Library"
U0604_2,"Gym,Dorms,Math_Building,Library"
U0604_3,"Math_Building,Student_Center,Gym,Dorms,CS_Building"
U0604_4,"Dorms,Math_Building,Cafeteria,CS_Building,Student_Center,Dorms,CS_Building,Dorms,Cafeteria,CS_Building,Dorms"
U0604_5,"Dorms,Cafeteria,CS_Building,Library,Cafeteria,Math_Building,Cafeteria,Dorms,Library,Dorms,Math_Building"
U0604_6,"Dorms,CS_Building,Dorms"
U0604_7,"Student_Center,Gym,Dorms,Cafeteria,Student_Center,Dorms"
U0604_8,"Library,Dorms,Math_Building"
U0604_9,"Dorms,Cafeteria,Library,Dorms,CS_Building,Cafeteria,CS_Building,Library"
U0605_1,"Dorms,Cafeteria,Library,Dorms,Cafeteria,Student_Center,Dorms"
U0605_10,"Dorms,Cafeteria,Math_Building,Library,Cafeteria,Math_Building,Library"
U0605_11,"Dorms,Math_Building,Cafeteria,Math_Building,Student_Center,Dorms"
U0605_12,"Dorms,CS_Building,Library,Cafeteria,Math_Building,Student_Center,Dorms,Cafeteria,Dorms,Cafeteria,Math_Building,Library,Cafeteria,CS_Building"
U0605_13,"Dorms,Cafeteria,Library,Dorms,CS_Building,Dorms,Math_Building,Student_Center"
U0605_14,"Dorms,Cafeteria,Student_Center"
U0605_15,"Math_Building,Cafeteria,CS_Building"
U0605_2,"Dorms,Library,Dorms,Cafeteria"
U0605_3,"Math_Building,Dorms,Cafeteria,Math_Building"
U0605_4,"Dorms,Cafeteria,Student_Center,Gym,Dorms,Cafeteria,CS_Building,Cafeteria"
U0605_5,"Dorms,Library,Cafeteria,CS_Building,Student_Center,Dorms,Math_Building"
U0605_6,"Dorms,Library,Gym,Cafeteria,Math_Building,Student_Center,Library,Student_Center"
U0605_7,"Dorms,Cafeteria,Student_Center,Dorms"
U0605_8,"CS_Building,Student_Center,Gym,Dorms,Library,Cafeteria,Library,Cafeteria"
U0605_9,"Library,Gym,Dorms"
U0606_1,"Dorms,Cafeteria,CS_Building,Cafeteria,Student_Center,Dorms"
U0606_10,"Cafeteria,Math_Building,Dorms,Math_Building,Student_Center,Dorms,Cafeteria"
U0606_2,"Dorms,Cafeteria,Student_Center,Library"
U0606_3,"Dorms,CS_Building,Student_Center"
U0606_4,"Dorms,Cafeteria,Library,Dorms,Cafeteria,Math_Building,Library"
U0606_5,"Dorms,Cafeteria,Library,Dorms"
U0606_6,"Dorms,Math_Building,Cafeteria,CS_Building,Library,Student_Center"
U0606_7,"Math_Building,Cafeteria,Student_Center,Dorms,Cafeteria"
U0606_8,"Dorms,Cafeteria,Math_Building,Student_Center,Gym,Cafeteria,Math_Building"
U0606_9,"Dorms,Cafeteria,CS_Building"
U0607_1,"Dorms,Cafeteria,CS_Building,Library"
U0607_10,"Dorms,Cafeteria,Math_Building,Dorms,Cafeteria,Library,Cafeteria,CS_Building,Dorms,CS_Building,Student_Center,Gym,Cafeteria,CS_Building,Cafeteria"
U0607_11,"Dorms,CS_Building,Library,Cafeteria,Math_Building,Student_Center,Dorms,Cafeteria"
U0607_2,"Dorms,Cafeteria,Math_Building,Cafeteria,Student_Center,Library,Dorms,Cafeteria,Gym,Dorms,Cafeteria"
U0607_3,"Dorms,Math_Building,Cafeteria,Math_Building,Cafeteria"
U0607_4,"Dorms,CS_Building,Student_Center,Dorms,Cafeteria,Math_Building,Library"
U0607_5,"Dorms,Cafeteria,CS_Building,Student_Center"
U0607_6,"Dorms,Cafeteria,CS_Building,Student_Center,Library,Gym,Dorms,Math_Building,Library,Cafeteria,Student_Center"
U0607_7,"Dorms,Cafeteria,Library,Dorms,Cafeteria,CS_Building"
U0607_8,"Gym,Dorms,Cafeteria,Math_Building,Cafeteria,Student_Center,Gym"
U0607_9,"Dorms,Cafeteria,Student_Center,Library,Gym"
U0608_1,"Dorms,Cafeteria,CS_Building,Library,Cafeteria,CS_Building"
U0608_10,"Dorms,Math_Building,Dorms,CS_Building,Library,Dorms,Cafeteria,Library"
U0608_11,"Dorms,Cafeteria,Student_Center"
U0608_12,"Dorms,Math_Building,Cafeteria,CS_Building,Library,Gym,Dorms,Cafeteria,Dorms,Math_Building,Dorms,Math_Building,Cafeteria,Student_Center,Dorms,Cafeteria"
U0608_13,"Dorms,Library,Gym"
U0608_2,"Math_Building,Dorms,Cafeteria,CS_Building,Student_Center,Dorms,Cafeteria,Library,Dorms,Cafeteria"
U0608_3,"Dorms,Cafeteria,CS_Building,Library,Gym,Dorms,Math_Building,Library,Dorms,Cafeteria,Library,Dorms,Cafeteria"
U0608_4,"Dorms,Cafeteria,Library,Cafeteria,Math_Building,Cafeteria,Library,Student_Center"
U0608_5,"Dorms,Cafeteria,CS_Building,Library,Gym,Dorms,CS_Building,Student_Center"
U0608_6,"CS_Building,Library,Dorms,Library,Cafeteria,Library,Gym"
U0608_7,"Dorms,Cafeteria,Student_Center,Dorms"
U0608_8,"Dorms,Cafeteria,CS_Building,Dorms,Math_Building,Student_Center,Gym,Dorms,Cafeteria"
U0608_9,"Dorms,CS_Building,Cafeteria,Math_Building,Student_Center,Library"
U0609_1,"Dorms,CS_Building,Library,Gym"
U0609_10,"Math_Building,Library,Dorms,Cafeteria,Library"
U0609_11,"Cafeteria,CS_Building,Cafeteria,CS_Building"
U0609_12,"Dorms,Cafeteria,Library,Cafeteria,Library"
U0609_13,"Dorms,Cafeteria,CS_Building,Student_Center,Library"
U0609_14,"Dorms,Library,Cafeteria,Library,Dorms"
U0609_2,"Dorms,Library,Cafeteria,Library,Dorms,Cafeteria,Math_Building,Student_Center"
U0609_3,"CS_Building,Student_Center,Library"
U0609_4,"Dorms,CS_Building,Cafeteria,CS_Building,Student_Center,Gym,Cafeteria,CS_Building"
U0609_5,"Dorms,Math_Building,Student_Center,Library,Cafeteria,CS_Building,Student_Center,Dorms"
U0609_6,"Dorms,Cafeteria,CS_Building"
U0609_7,"Dorms,Math_Building,Library,Dorms,Cafeteria,CS_Building,Dorms,CS_Building"
U0609_8,"Dorms,CS_Building,Library,Gym,Dorms"
U0609_9,"Dorms,Cafeteria,Math_Building,Dorms"
U0610_1,"Dorms,Cafeteria,Math_Building,Student_Center,Gym"
U0610_10,"Dorms,CS_Building,Library,Gym,Cafeteria,CS_Building,Cafeteria"
U0610_11,"Dorms,CS_Building,Library"
U0610_12,"Dorms,Math_Building,Library"
U0610_13,"Dorms,Cafeteria,CS_Building,Library,Dorms"
U0610_14,"Dorms,Cafeteria,CS_Building,Student_Center,Gym,Dorms"
U0610_15,"Dorms,Cafeteria,Library,Dorms,Cafeteria,Library,Cafeteria,CS_Building"
U0610_2,"Dorms,Cafeteria,CS_Building,Library,Dorms,Cafeteria,Student_Center"
U0610_3,"Dorms,Library,Dorms,Cafeteria,Math_Building,Student_Center,Gym"
U0610_4,"Dorms,Cafeteria,CS_Building,Library,Dorms,CS_Building,Student_Center"
U0610_5,"Dorms,Math_Building,Cafeteria,CS_Building,Library,Dorms,Cafeteria,CS_Building,CS_Building,Library,Dorms,Cafeteria,CS_Building"
U0610_6,"Dorms,Cafeteria,CS_Building,Student_Center"
U0610_7,"Dorms,CS_Building,Library,Dorms,Cafeteria,CS_Building,Library"
U0610_8,"Dorms,CS_Building,Student_Center,Library,Student_Center,Dorms"
U0610_9,"Dorms,Cafeteria,CS_Building,Dorms,Dorms,Cafeteria,CS_Building,Library,Student_Center,Dorms,Dorms,Cafeteria,CS_Building,Library,Dorms"
U0611_1,"Math_Building,Library,Dorms,Cafeteria,Library,Dorms,Cafeteria"
U0611_10,"Gym,Dorms,CS_Building,Library,Dorms"
U0611_11,"Dorms,Cafeteria,Math_Building,Cafeteria,Student_Center,Library,Dorms,Math_Building,Student_Center,Dorms,Cafeteria,Dorms,CS_Building,Dorms,Math_Building"
U0611_12,"Dorms,Math_Building,Student_Center,Dorms,CS_Building,Cafeteria,Library,Dorms"
U0611_13,"Dorms,Cafeteria,CS_Building,Dorms,Math_Building,Cafeteria,Library"
U0611_14,"Dorms,CS_Building,Student_Center,Library,Gym"
U0611_15,"Dorms,Math_Building,Dorms,Math_Building,Library,Cafeteria,CS_Building,Cafeteria"
U0611_16,"Student_Center,Dorms,Cafeteria,Library,Cafeteria,Student_Center"
U0611_2,"Dorms,Cafeteria,CS_Building"
U0611_3,"Dorms,Library,Dorms,Cafeteria"
U0611_4,"Dorms,Math_Building,Dorms,Math_Building,Library,Student_Center,Dorms,Cafeteria"
U0611_5,"Dorms,Math_Building,Cafeteria,Library"
U0611_6,"Dorms,Cafeteria,Library,Cafeteria,Math_Building,Library,Student_Center,Gym"
U0611_7,"Library,Dorms,Cafeteria,CS_Building,Student_Center,Dorms,CS_Building,Student_Center,Dorms"
U0611_8,"Dorms,Cafeteria,Library"
U0611_9,"Dorms,Math_Building,Library,Cafeteria,Student_Center,Library,Dorms"
U0612_1,"Dorms,Library,Dorms,Dorms,Cafeteria,Library,Dorms,CS_Building,Student_Center"
U0612_10,"Dorms,CS_Building,Dorms,Cafeteria"
U0612_11,"Cafeteria,CS_Building,Library,Gym"
U0612_12,"Dorms,Cafeteria,Library,Dorms,CS_Building,Student_Center,Dorms"
U0612_13,"Dorms,Cafeteria,Library,Cafeteria,CS_Building,Student_Center,Dorms"
U0612_14,"Dorms,Cafeteria,CS_Building,Library,Cafeteria,CS_Building,Student_Center,Gym"
U0612_2,"Student_Center,Dorms,Cafeteria"
U0612_3,"CS_Building,Student_Center,Library,Cafeteria,Library,Dorms"
U0612_4,"Gym,Dorms,Cafeteria"
U0612_5,"Dorms,Math_Building,Student_Center,Gym,Dorms,CS_Building,Dorms,Dorms,Cafeteria,CS_Building,Cafeteria,CS_Building,Dorms,Cafeteria,Math_Building"
U0612_6,"Dorms,Cafeteria,Math_Building,Cafeteria,Library,Dorms"
U0612_7,"Dorms,Math_Building,Library,Dorms,Cafeteria"
U0612_8,"Cafeteria,Library,Dorms"
U0612_9,"Math_Building,Cafeteria,CS_Building,Student_Center,Library,Cafeteria,Library"
U0613_1,"Dorms,Cafeteria,Library,Cafeteria,CS_Building,Student_Center,Library"
U0613_10,"Dorms,CS_Building,Library,Cafeteria,Math_Building,Student_Center"
U0613_11,"Dorms,Math_Building,Student_Center,Library,Student_Center,Gym,Dorms,Cafeteria"
U0613_12,"Dorms,CS_Building,Library,Dorms"
U0613_13,"Dorms,Math_Building,Student_Center,Dorms,Math_Building,Student_Center,Gym"
U0613_2,"Dorms,Cafeteria,Math_Building,Student_Center"
U0613_3,"Dorms,CS_Building,Library,Cafeteria"
U0613_4,"Dorms,Math_Building,Cafeteria,Library,Student_Center,Gym,Dorms,CS_Building,Library,Student_Center,Library"
U0613_5,"Dorms,Cafeteria,Library"
U0613_6,"Dorms,Cafeteria,Math_Building,Dorms,Cafeteria,Library,Gym,Cafeteria,Math_Building,Cafeteria"
U0613_7,"Dorms,Cafeteria,Math_Building,Library,Dorms"
U0613_8,"Dorms,Cafeteria,Library,Dorms,CS_Building"
U0613_9,"Dorms,Cafeteria,CS_Building"
U0614_1,"Dorms,Library,Dorms,Cafeteria,Math_Building,Dorms,Cafeteria"
U0614_10,"Dorms,Library,Dorms"
U0614_11,"Dorms,Cafeteria,Math_Building"
U0614_12,"Dorms,Cafeteria,CS_Building,Student_Center"
U0614_13,"Dorms,Cafeteria,Student_Center,Library,Dorms,Library"
U0614_14,"Library,Gym,Dorms,Cafeteria,Math_Building,Cafeteria,Math_Building"
U0614_15,"Dorms,Cafeteria,Math_Building,Dorms"
U0614_2,"Cafeteria,Math_Building,Dorms,Cafeteria,CS_Building,Library,Cafeteria"
U0614_3,"Dorms,Cafeteria,Math_Building"
U0614_4,"Dorms,CS_Building,Library"
U0614_5,"Dorms,CS_Building,Cafeteria,Math_Building,Library"
U0614_6,"Dorms,Cafeteria,Student_Center"
U0614_7,"Dorms,Math_Building,Cafeteria"
U0614_8,"Dorms,Cafeteria,Math_Building,Library,Dorms,Math_Building"
U0614_9,"Math_Building,Library,Gym,Dorms,Cafeteria,Math_Building,Cafeteria,Student_Center"
U0615_1,"Dorms,Cafeteria,Math_Building,Cafeteria,CS_Building"
U0615_10,"Gym,Dorms,Library"
U0615_11,"Dorms,CS_Building,Student_Center,Library,Gym,Dorms,CS_Building"
U0615_12,"Dorms,CS_Building,Library,Dorms,CS_Building"
U0615_13,"Dorms,Cafeteria,Math_Building,Dorms"
U0615_14,"CS_Building,Library,Cafeteria,Student_Center,Gym,Dorms,Cafeteria"
U0615_2,"Gym,Dorms,Cafeteria,Math_Building,Cafeteria,Student_Center,Library,Dorms"
U0615_3,"Dorms,CS_Building,Library,Cafeteria,CS_Building,Student_Center"
U0615_4,"Student_Center,Gym,Dorms,Cafeteria,CS_Building"
U0615_5,"Dorms,Cafeteria,Math_Building,Library,Gym,Dorms,Math_Building"
U0615_6,"Dorms,CS_Building,Student_Center,Dorms,Cafeteria,CS_Building,Student_Center,Dorms"
U0615_7,"Dorms,Cafeteria,Math_Building,Library,Gym,Dorms,Cafeteria"
U0615_8,"Gym,Cafeteria,Library,Cafeteria,CS_Building,Student_Center,Dorms,CS_Building"
U0615_9,"Dorms,CS_Building,Dorms,Cafeteria,Math_Building,Student_Center"
U0616_1,"Dorms,Math_Building,Dorms,Cafeteria"
U0616_10,"Dorms,Cafeteria,Math_Building"
U0616_11,"Gym,Dorms,Cafeteria,CS_Building,Library,Dorms,Math_Building"
U0616_12,"Dorms,Library,Dorms,CS_Building,Library,Dorms,Library"
U0616_13,"Cafeteria,Math_Building,Library,Gym,Dorms,Math_Building,Library,Dorms,Cafeteria,CS_Building"
U0616_14,"Dorms,Cafeteria,CS_Building,Student_Center,Gym,Cafeteria,Math_Building,Library"
U0616_2,"Gym,Dorms,Cafeteria,Library,Dorms,Math_Building"
U0616_3,"Cafeteria,Math_Building,Library,Dorms,CS_Building,Cafeteria,Math_Building,Dorms"
U0616_4,"Dorms,Math_Building,Cafeteria,Math_Building,Student_Center,Gym"
U0616_5,"Dorms,Math_Building,Student_Center,Library,Dorms,Math_Building"
U0616_6,"Dorms,Cafeteria,CS_Building,Student_Center"
U0616_7,"CS_Building,Student_Center,Gym,Cafeteria,Math_Building,Library"
U0616_8,"Dorms,CS_Building,Library,Cafeteria"
U0616_9,"Dorms,Cafeteria,CS_Building,Library,Gym,Dorms"
U0617_1,"Library,Dorms,Math_Building,Cafeteria,Math_Building"
U0617_10,"Dorms,Cafeteria,CS_Building,Cafeteria,CS_Building,Dorms"
U0617_11,"Dorms,CS_Building,Student_Center"
U0617_12,"Gym,Cafeteria,Library,Cafeteria,CS_Building,Library"
U0617_13,"Dorms,Cafeteria,Math_Building"
U0617_14,"Dorms,Math_Building,Library,Cafeteria"
U0617_15,"Dorms,Cafeteria,Math_Building,Student_Center,Gym"
U0617_2,"Dorms,Cafeteria,Math_Building,Student_Center,Dorms,Cafeteria"
U0617_3,"Gym,Dorms,Math_Building,Student_Center,Library,Dorms,Cafeteria,Math_Building,Student_Center,Dorms,Cafeteria"
U0617_4,"Dorms,Cafeteria,CS_Building"
U0617_5,"Dorms,Math_Building,Dorms,CS_Building,Library,Gym"
U0617_6,"Dorms,CS_Building,Library,Dorms,Math_Building,Student_Center,Library,Student_Center"
U0617_7,"Dorms,Cafeteria,Student_Center"
U0617_8,"Dorms,CS_Building,Student_Center,Dorms,Cafeteria,CS_Building,Library"
U0617_9,"Dorms,Cafeteria,Math_Building,Library,Cafeteria,CS_Building,Student_Center,Dorms"
U0618_1,"Dorms,CS_Building,Library"
U0618_10,"Dorms,Math_Building,Library,Cafeteria,CS_Building,Cafeteria,CS_Building,Dorms,Cafeteria,Math_Building,Cafeteria,Student_Center,Dorms,Cafeteria,Library"
U0618_11,"Dorms,Cafeteria,Math_Building,Library,Gym,Dorms"
U0618_12,"Dorms,Cafeteria,CS_Building,Student_Center,Gym,Cafeteria,Math_Building"
U0618_13,"Dorms,Cafeteria,Library"
U0618_14,"Dorms,CS_Building,Library,Cafeteria,Student_Center,Gym,Dorms,Cafeteria"
U0618_15,"Dorms,Cafeteria,Library"
U0618_2,"Dorms,Cafeteria,CS_Building,Cafeteria,Math_Building,Library,Gym,Dorms"
U0618_3,"Dorms,Math_Building,Library"
U0618_4,"Dorms,Cafeteria,Math_Building,Library,Dorms,Math_Building,Dorms"
U0618_5,"Dorms,Cafeteria,CS_Building,Library,Dorms,Library,Dorms,Cafeteria,Math_Building"
U0618_6,"Dorms,Cafeteria,Student_Center,Dorms,CS_Building,Library,Dorms,Cafeteria"
U0618_7,"Math_Building,Library,Cafeteria,Student_Center"
U0618_8,"Student_Center,Gym,Cafeteria"
U0618_9,"Dorms,Math_Building,Cafeteria"
U0619_1,"Dorms,Math_Building,Student_Center,Library,Gym,Dorms"
U0619_10,"Math_Building,Student_Center,Gym,Dorms,Library,Dorms,Library"
U0619_11,"Dorms,Math_Building,Student_Center,Gym"
U0619_12,"Dorms,CS_Building,Cafeteria,Student_Center,Dorms,CS_Building,Cafeteria"
U0619_13,"Dorms,Math_Building,Cafeteria,Library"
U0619_2,"Dorms,Cafeteria,Math_Building,Library,Dorms"
U0619_3,"CS_Building,Student_Center,Gym,Dorms,Cafeteria,Math_Building"
U0619_4,"Cafeteria,Library,Cafeteria,Math_Building,Student_Center,Dorms,Math_Building"
U0619_5,"Student_Center,Dorms,CS_Building,Library,Gym,Dorms,Cafeteria"
U0619_6,"Gym,Dorms,CS_Building,Cafeteria,Dorms,CS_Building,Library,Student_Center"
U0619_7,"Dorms,Math_Building,Cafeteria,Math_Building,Student_Center,Dorms"
U0619_8,"Dorms,Math_Building,Cafeteria,Math_Building,Dorms,Library,Dorms"
U0619_9,"Dorms,Cafeteria,Library"
U0620_1,"Dorms,Cafeteria,Library"
U0620_10,"Dorms,Math_Building,Student_Center,Dorms,CS_Building,Student_Center,Dorms"
U0620_11,"Dorms,Math_Building,Library,Gym,Dorms,Cafeteria"
U0620_12,"Dorms,Cafeteria,CS_Building,Library,Dorms,Student_Center,Dorms,Cafeteria,CS_Building,Student_Center,Dorms,CS_Building,Library"
U0620_13,"Dorms,Math_Building,Student_Center,Library,Cafeteria,Math_Building,Dorms"
U0620_2,"Library,Dorms,Library,Dorms,Cafeteria"
U0620_3,"Dorms,CS_Building,Dorms,Math_Building,Student_Center,Library"
U0620_4,"CS_Building,Student_Center,Dorms,Dorms,Cafeteria,Student_Center,Gym"
U0620_5,"Gym,Dorms,Cafeteria,Math_Building,Student_Center,Library"
U0620_6,"Library,Student_Center,Dorms,Cafeteria,Library"
U0620_7,"Dorms,Cafeteria,CS_Building,Library,Cafeteria"
U0620_8,"Library,Dorms,Cafeteria,CS_Building"
U0620_9,"Dorms,CS_Building,Cafeteria,CS_Building,Dorms"
U0621_1,"Gym,Dorms,CS_Building,Library,Student_Center,Library,Cafeteria"
U0621_10,"Dorms,Math_Building,Library,Student_Center,Library,Cafeteria,Math_Building,Student_Center,Gym"
U0621_11,"Dorms,Math_Building,Student_Center,Gym,Dorms,Cafeteria,CS_Building,Cafeteria"
U0621_12,"CS_Building,Student_Center,Dorms,Cafeteria,Math_Building,Library,Dorms"
U0621_2,"Dorms,Cafeteria,CS_Building,Student_Center,Dorms,Cafeteria"
U0621_3,"Dorms,Math_Building,Student_Center"
U0621_4,"Dorms,Cafeteria,CS_Building,Dorms,Cafeteria,CS_Building,Dorms,Cafeteria"
U0621_5,"Dorms,CS_Building,Student_Center"
U0621_6,"Dorms,Math_Building,Student_Center,Dorms,Cafeteria,CS_Building,Student_Center,Dorms,Dorms,CS_Building,Student_Center,Dorms,Cafeteria,CS_Building"
U0621_7,"Dorms,Cafeteria,CS_Building,Cafeteria,CS_Building"
U0621_8,"Dorms,Library,Dorms,Cafeteria"
U0621_9,"Dorms,Cafeteria,Student_Center"
U0622_1,"Dorms,Cafeteria,CS_Building,Library,Dorms,CS_Building"
U0622_10,"Gym,Dorms,Cafeteria"
U0622_11,"Dorms,CS_Building,Student_Center,Dorms,Math_Building"
U0622_12,"Dorms,Cafeteria,Student_Center,Dorms,CS_Building,Library"
U0622_13,"Dorms,Cafeteria,Math_Building,Student_Center,Gym,Dorms,Library"
U0622_2,"Dorms,CS_Building,Library,Gym,Dorms,Library"
U0622_3,"Dorms,Cafeteria,Student_Center,Dorms"
U0622_4,"Library,Cafeteria,Math_Building,Cafeteria"
U0622_5,"Dorms,CS_Building,Cafeteria"
U0622_6,"Dorms,CS_Building,Library,Gym,Dorms"
U0622_7,"Dorms,CS_Building,Library,Cafeteria,CS_Building,Dorms,Math_Building,Student_Center,Dorms,Cafeteria"
U0622_8,"Dorms,Cafeteria,CS_Building,Library,Dorms,Library,Student_Center,Library"
U0622_9,"Library,Dorms,Cafeteria,CS_Building,Library,Cafeteria"
U0623_1,"Dorms,Cafeteria,CS_Building,Dorms,Cafeteria,Student_Center,Dorms"
U0623_10,"Library,Dorms,Math_Building,Library,Gym,Cafeteria"
U0623_11,"Dorms,Library,Cafeteria,Library,Cafeteria,Math_Building,Cafeteria"
U0623_2,"Math_Building,Student_Center,Library,Student_Center"
U0623_3,"Dorms,Library,Dorms,Library"
U0623_4,"Dorms,Math_Building,Cafeteria,Library,Dorms,Math_Building"
U0623_5,"Dorms,Math_Building,Library,Dorms,CS_Building,Cafeteria,Math_Building"
U0623_6,"Dorms,Cafeteria,Library,Dorms,Math_Building,Cafeteria,CS_Building,Dorms,Cafeteria,CS_Building,Library"
U0623_7,"Dorms,Math_Building,Dorms,Cafeteria,CS_Building,Student_Center,Dorms,Math_Building,Student_Center,Dorms,Cafeteria,Math_Building,Library,Student_Center"
U0623_8,"Dorms,Math_Building,Library,Cafeteria"
U0623_9,"Dorms,Math_Building,Dorms,Dorms,Cafeteria,Student_Center,Dorms,Math_Building,Student_Center,Library,Dorms"
U0624_1,"Library,Dorms,Cafeteria,Student_Center"
U0624_10,"Dorms,Cafeteria,Math_Building,Dorms,Math_Building,Library,Gym"
U0624_11,"Student_Center,Gym,Cafeteria"
U0624_2,"Dorms,CS_Building,Cafeteria,Library"
U0624_3,"Dorms,CS_Building,Student_Center"
U0624_4,"Dorms,Cafeteria,Math_Building,Cafeteria"
U0624_5,"CS_Building,Cafeteria,Math_Building,Library,Gym,Cafeteria,CS_Building,Cafeteria"
U0624_6,"Dorms,Cafeteria,CS_Building,Library,Gym,Dorms,Dorms,Cafeteria,CS_Building,Student_Center,Library"
U0624_7,"Student_Center,Gym,Dorms"
U0624_8,"Gym,Dorms,Math_Building,Student_Center,Library,Dorms,Cafeteria"
U0624_9,"Math_Building,Student_Center,Library,Cafeteria"
U0625_1,"Dorms,Math_Building,Library,Dorms,Cafeteria,Math_Building"
U0625_10,"Math_Building,Cafeteria,CS_Building,Cafeteria,CS_Building,Student_Center,Dorms"
U0625_11,"Dorms,Cafeteria,CS_Building,Cafeteria"
U0625_12,"Student_Center,Library,Dorms,CS_Building"
U0625_13,"Dorms,CS_Building,Library,Student_Center,Dorms,Cafeteria,CS_Building"
U0625_2,"Dorms,Library,Student_Center,Dorms"
U0625_3,"Dorms,Cafeteria,Math_Building,Student_Center,Gym,Cafeteria"
U0625_4,"Math_Building,Student_Center,Gym,Dorms,CS_Building,Dorms"
U0625_5,"Library,Dorms,Library,Dorms"
U0625_6,"Dorms,Cafeteria,CS_Building,Library"
U0625_7,"Dorms,Cafeteria,Student_Center,Dorms,Cafeteria"
U0625_8,"Dorms,Math_Building,Dorms,Math_Building,Dorms,Cafeteria,CS_Building,Cafeteria,Math_Building,Library,Dorms"
U0625_9,"Math_Building,Student_Center,Gym,Dorms,CS_Building,Library,Student_Center"
U0626_1,"Student_Center,Gym,Cafeteria,CS_Building"
U0626_10,"Dorms,Cafeteria,CS_Building,Cafeteria,Math_Building"
U0626_2,"Dorms,Cafeteria,Student_Center,Library,Dorms,Cafeteria,Math_Building,Cafeteria"
U0626_3,"Gym,Dorms,Cafeteria"
U0626_4,"Dorms,Math_Building,Library"
U0626_5,"Dorms,CS_Building,Library"
U0626_6,"Dorms,Cafeteria,Math_Building"
U0626_7,"Dorms,CS_Building,Dorms"
U0626_8,"Dorms,Math_Building,Library,Dorms,Cafeteria,Cafeteria,Math_Building,Library,Dorms"
U0626_9,"Dorms,CS_Building,Library"
U0627_1,"Dorms,CS_Building,Library,Dorms"
U0627_10,"Student_Center,Gym,Dorms"
U0627_11,"CS_Building,Library,Dorms,CS_Building,Cafeteria"
U0627_12,"Dorms,Math_Building,Student_Center,Dorms,CS_Building,Library"
U0627_13,"Dorms,Cafeteria,CS_Building,Library,Cafeteria,Math_Building"
U0627_14,"Dorms,Cafeteria,Math_Building,Library,Cafeteria,Math_Building,Student_Center,Gym"
U0627_2,"Dorms,Cafeteria,CS_Building,Student_Center,Gym"
U0627_3,"Dorms,Cafeteria,CS_Building"
U0627_4,"Dorms,Cafeteria,CS_Building,Cafeteria,Dorms,Math_Building,Library,Cafeteria,Library,Gym,Dorms"
U0627_5,"Dorms,Cafeteria,CS_Building,Dorms,CS_Building,Dorms"
U0627_6,"Dorms,CS_Building,Library,Gym,Dorms,CS_Building,Library"
U0627_7,"Dorms,CS_Building,Cafeteria,CS_Building,Student_Center,Library,Cafeteria,Math_Building"
U0627_8,"Cafeteria,Student_Center,Dorms,Math_Building,Dorms,Cafeteria,Math_Building"
U0627_9,"Dorms,CS_Building,Library,Dorms,Cafeteria"
U0628_1,"Dorms,CS_Building,Library,Cafeteria,Dorms,Cafeteria,CS_Building"
U0628_10,"Student_Center,Gym,Dorms"
U0628_11,"Dorms,CS_Building,Library,Dorms,Cafeteria,Library"
U0628_2,"Dorms,Math_Building,Library,Cafeteria,Math_Building"
U0628_3,"Dorms,Math_Building,Dorms,Cafeteria,Library,Dorms,CS_Building,Library"
U0628_4,"Gym,Dorms,CS_Building,Dorms,CS_Building,Student_Center,Gym,Dorms"
U0628_5,"Dorms,CS_Building,Library,Student_Center,Library,Cafeteria,Dorms,CS_Building,Library,Dorms,CS_Building,Library,Cafeteria"
U0628_6,"Dorms,Cafeteria,Student_Center,Dorms,Cafeteria"
U0628_7,"Dorms,Cafeteria,Library,Dorms,Dorms,Cafeteria,CS_Building,Student_Center,Gym,Dorms"
U0628_8,"Student_Center,Gym,Dorms,Cafeteria"
U0628_9,"Library,Gym,Dorms,Cafeteria,CS_Building,Dorms"
U0629_1,"Math_Building,Student_Center,Library,Dorms,Cafeteria,CS_Building,Dorms,Cafeteria,Student_Center,Dorms,Cafeteria,Library,Dorms"
U0629_10,"Dorms,Cafeteria,Library,Cafeteria,Library,Dorms,Library,Cafeteria"
U0629_11,"Library,Dorms,Math_Building,Library"
U0629_12,"CS_Building,Library,Dorms,CS_Building"
U0629_13,"Dorms,Math_Building,Student_Center"
U0629_14,"Gym,Dorms,Cafeteria"
U0629_2,"Dorms,Cafeteria,CS_Building,Student_Center,Dorms"
U0629_3,"Student_Center,Library,Gym,Dorms,Cafeteria,CS_Building"
U0629_4,"Dorms,Math_Building,Library,Gym,Dorms"
U0629_5,"Math_Building,Library,Dorms"
U0629_6,"Dorms,Library,Dorms,CS_Building,Library,Student_Center,Gym"
U0629_7,"CS_Building,Cafeteria,CS_Building,Library,Gym"
U0629_8,"Dorms,CS_Building,Student_Center,Dorms,Cafeteria,Dorms,Cafeteria,Math_Building"
U0629_9,"Dorms,Library,Cafeteria,Math_Building"
U0630_1,"Dorms,CS_Building,Student_Center,Gym"
U0630_10,"Dorms,Math_Building,Cafeteria,Student_Center,Gym,Dorms"
U0630_2,"Dorms,Math_Building,Cafeteria,Dorms,Library,Student_Center,Dorms,Cafeteria,Library,Dorms,Math_Building"
U0630_3,"Dorms,Cafeteria,CS_Building,Student_Center,Gym,Dorms,CS_Building"
U0630_4,"Dorms,Cafeteria,Library,Dorms"
U0630_5,"Dorms,Cafeteria,Math_Building,Dorms,Cafeteria,CS_Building,Student_Center,Dorms,CS_Building,Library,Student_Center,Gym,Dorms,Cafeteria,Library,Dorms,CS_Building,Library,Cafeteria"
U0630_6,"CS_Building,Student_Center,Dorms,Library,Cafeteria,Library,Dorms,Math_Building,Dorms,Cafeteria,Math_Building"
U0630_7,"Math_Building,Cafeteria,Library,Dorms,Cafeteria"
U0630_8,"Dorms,Cafeteria,CS_Building,Library"
U0630_9,"Dorms,Library,Dorms,Cafeteria,CS_Building,Dorms,Math_Building"
U0631_1,"CS_Building,Cafeteria,Student_Center,Dorms,Dorms,Cafeteria,Math_Building,Student_Center"
U0631_2,"Dorms,Library,Gym,Dorms,Cafeteria,Library,Cafeteria,CS_Building"
U0631_3,"CS_Building,Student_Center,Dorms"
U0631_4,"Dorms,Library,Gym,Dorms,Cafeteria,Math_Building,Student_Center,Gym"
U0631_5,"Dorms,Library,Cafeteria,Library,Gym,Dorms,Cafeteria,Library"
U0631_6,"Dorms,Library,Cafeteria,Math_Building,Dorms,Library,Gym"
U0631_7,"Dorms,Library,Student_Center,Library,Gym,Dorms,CS_Building"
U0631_8,"Library,Gym,Cafeteria,CS_Building"
U0631_9,"Student_Center,Dorms,CS_Building,Student_Center,Gym,Dorms,Cafeteria,CS_Building,Dorms,Cafeteria,CS_Building,Library,Gym,Dorms,CS_Building"
U0632_1,"Dorms,CS_Building,Library,Gym,Dorms,Math_Building,Dorms,Math_Building"
U0632_10,"Dorms,Math_Building,Library"
U0632_11,"Dorms,Cafeteria,Library,Gym,Dorms,CS_Building,Library"
U0632_2,"Library,Cafeteria,Library,Cafeteria"
U0632_3,"Student_Center,Dorms,Library"
U0632_4,"Dorms,Cafeteria,Student_Center,Library,Cafeteria,Library,Cafeteria,Library"
U0632_5,"Library,Cafeteria,Library,Dorms,CS_Building,Cafeteria,CS_Building"
U0632_6,"Dorms,Library,Dorms,CS_Building"
U0632_7,"Student_Center,Library,Dorms,Cafeteria,CS_Building,Student_Center,Dorms,CS_Building,Math_Building,Library,Gym,Dorms,Library,Student_Center,Gym,Dorms"
U0632_8,"Dorms,Library,Dorms,CS_Building,Library,Cafeteria,Math_Building,Cafeteria"
U0632_9,"Dorms,Cafeteria,Library,Dorms,CS_Building,Student_Center,Dorms,Cafeteria,Math_Building"
U0633_1,"CS_Building,Library,Gym,Cafeteria,Student_Center,Gym"
U0633_10,"Dorms,Math_Building,Library"
U0633_11,"Cafeteria,Math_Building,Student_Center,Dorms,CS_Building,Library,Dorms"
U0633_2,"Dorms,Cafeteria,CS_Building,Library,Cafeteria,Math_Building,Student_Center"
U0633_3,"Dorms,Cafeteria,Math_Building,Student_Center"
U0633_4,"Dorms,Library,Dorms,Cafeteria"
U0633_5,"Dorms,Math_Building,Student_Center,Gym,Dorms"
U0633_6,"Dorms,Math_Building,Cafeteria"
U0633_7,"Gym,Dorms,CS_Building,Student_Center,Gym,Dorms"
U0633_8,"Dorms,CS_Building,Library,Dorms"
U0633_9,"Dorms,Cafeteria,CS_Building,Student_Center"
U0634_1,"Dorms,Cafeteria,Math_Building,Library,Cafeteria,Library,Cafeteria,CS_Building,Library,Dorms,Math_Building,Library"
U0634_10,"Dorms,CS_Building,Cafeteria,Math_Building,Student_Center"
U0634_11,"Student_Center,Gym,Dorms,Cafeteria"
U0634_12,"Gym,Dorms,Cafeteria,Library,Dorms,Cafeteria,Student_Center,Library,Dorms,CS_Building,Student_Center,Dorms"
U0634_13,"Dorms,Library,Cafeteria,Library,Dorms,Cafeteria,Student_Center,Dorms"
U0634_14,"Dorms,Math_Building,Student_Center,Library,Gym,Dorms"
U0634_2,"Dorms,CS_Building,Student_Center,Dorms,Cafeteria,Math_Building"
U0634_3,"Dorms,CS_Building,Cafeteria,Library"
U0634_4,"Dorms,Math_Building,Dorms,Cafeteria,CS_Building,Cafeteria,Library"
U0634_5,"Dorms,Library,Cafeteria"
U0634_6,"Dorms,Cafeteria,CS_Building,Library,Dorms,CS_Building,Library,Dorms"
U0634_7,"Cafeteria,CS_Building,Library,Cafeteria"
U0634_8,"Dorms,CS_Building,Student_Center,Dorms"
U0634_9,"Dorms,Cafeteria,Library,Cafeteria"
U0635_1,"Dorms,Library,Cafeteria,Math_Building,Dorms,Math_Building,Dorms,Cafeteria"
U0635_10,"Dorms,Cafeteria,Library,Cafeteria,Math_Building,Student_Center"
U0635_2,"Cafeteria,Library,Gym,Dorms,Cafeteria,CS_Building,Student_Center,Gym,Dorms,Cafeteria,CS_Building,Dorms,Cafeteria"
U0635_3,"Dorms,CS_Building,Cafeteria,CS_Building,Student_Center,Gym,Dorms"
U0635_4,"Dorms,Cafeteria,CS_Building,Dorms"
U0635_5,"Dorms,Math_Building,Library,Cafeteria,Cafeteria,Library,Cafeteria,CS_Building,Student_Center,Dorms,Library,Dorms"
U0635_6,"Dorms,Cafeteria,CS_Building,Student_Center,Dorms,CS_Building,Cafeteria"
U0635_7,"Dorms,CS_Building,Cafeteria,Math_Building,Dorms"
U0635_8,"Dorms,Cafeteria,CS_Building,Dorms,Cafeteria,CS_Building,Cafeteria,Student_Center"
U0635_9,"Dorms,CS_Building,Student_Center,Dorms,CS_Building,Library"
U0636_1,"Dorms,Cafeteria,CS_Building,Dorms,Library,Dorms,Cafeteria,Math_Building,Student_Center,Dorms,Library"
U0636_10,"Cafeteria,CS_Building,Dorms,CS_Building,Student_Center,Gym,Dorms"
U0636_2,"Dorms,Cafeteria,Math_Building,Library,Dorms,Math_Building"
U0636_3,"Dorms,Cafeteria,Student_Center,Gym,Dorms,Cafeteria,Library,Cafeteria"
U0636_4,"Dorms,Math_Building,Library,Dorms,Cafeteria,Library"
U0636_5,"Student_Center,Gym,Dorms,Cafeteria,Math_Building,Dorms,Cafeteria"
U0636_6,"Dorms,Cafeteria,Math_Building,Cafeteria,Math_Building"
U0636_7,"Dorms,Math_Building,Cafeteria,Math_Building"
U0636_8,"Dorms,Math_Building,Library,Student_Center,Dorms,Library"
U0636_9,"Dorms,CS_Building,Library,Student_Center,Dorms,Math_Building"
U0637_1,"Dorms,CS_Building,Student_Center,Dorms,Cafeteria,CS_Building,Library"
U0637_10,"Dorms,Cafeteria,CS_Building,Dorms,Math_Building,Cafeteria,Math_Building,Cafeteria"
U0637_11,"Dorms,CS_Building,Cafeteria,CS_Building,Library,Cafeteria,CS_Building,Cafeteria"
U0637_12,"Library,Dorms,Math_Building,Dorms,Math_Building"
U0637_13,"Dorms,Cafeteria,CS_Building"
U0637_14,"Dorms,Cafeteria,Student_Center,Library,Gym,Dorms,Math_Building,Dorms"
U0637_15,"Dorms,Math_Building,Library,Student_Center,Gym"
U0637_16,"Gym,Cafeteria,CS_Building,Student_Center,Library,Student_Center,Gym,Dorms"
U0637_2,"Dorms,Cafeteria,CS_Building,Student_Center,Gym,Dorms"
U0637_3,"Gym,Dorms,Cafeteria,CS_Building,Student_Center"
U0637_4,"Cafeteria,Math_Building,Student_Center,Gym"
U0637_5,"Dorms,CS_Building,Library,Gym,Dorms"
U0637_6,"Dorms,Math_Building,Student_Center,Dorms,Math_Building,Student_Center,Gym"
U0637_7,"Cafeteria,CS_Building,Student_Center,Dorms,Math_Building,Student_Center,Dorms"
U0637_8,"Dorms,Math_Building,Dorms,CS_Building"
U0637_9,"Dorms,CS_Building,Cafeteria,CS_Building,Library,Dorms,Math_Building,Student_Center"
U0638_1,"Dorms,Cafeteria,CS_Building,Library,Dorms,CS_Building"
U0638_10,"Dorms,CS_Building,Cafeteria,CS_Building,Dorms,Cafeteria,Student_Center,Library"
U0638_11,"Math_Building,Cafeteria,CS_Building"
U0638_12,"Dorms,CS_Building,Cafeteria,CS_Building,Cafeteria,Math_Building,Library,Gym,Dorms,CS_Building,Library"
U0638_13,"Dorms,Cafeteria,Math_Building,Student_Center,Dorms,Cafeteria"
U0638_2,"Dorms,Cafeteria,CS_Building,Library,Dorms,Cafeteria"
U0638_3,"CS_Building,Library,Gym,Dorms,Cafeteria,Math_Building,Student_Center"
U0638_4,"Dorms,Cafeteria,CS_Building,Library,Cafeteria,CS_Building,Dorms,Math_Building,Student_Center,Dorms,Cafeteria,Student_Center,Library"
U0638_5,"Student_Center,Gym,Dorms,Library,Cafeteria,Math_Building"
U0638_6,"Dorms,Math_Building,Library,Dorms,Cafeteria,Math_Building"
U0638_7,"Dorms,Library,Cafeteria,Math_Building,Cafeteria,Library"
U0638_8,"Dorms,Library,Cafeteria,CS_Building,Library,Dorms"
U0638_9,"Gym,Dorms,Cafeteria,CS_Building,Cafeteria,Library,Gym,Dorms"
U0639_1,"Dorms,Cafeteria,CS_Building,Cafeteria,Math_Building,Cafeteria,CS_Building"
U0639_10,"Gym,Dorms,CS_Building,Student_Center,Gym,Dorms,Library"
U0639_11,"Dorms,Cafeteria,Student_Center,Gym,Dorms"
U0639_12,"Dorms,Math_Building,Library"
U0639_13,"Dorms,Math_Building,Library"
U0639_14,"Dorms,Library,Dorms,Math_Building,Library"
U0639_15,"Library,Cafeteria,CS_Building,Student_Center,Gym,Dorms"
U0639_2,"Dorms,Cafeteria,Library,Dorms,CS_Building"
U0639_3,"Dorms,Cafeteria,Library,Cafeteria,CS_Building,Library,Dorms,Library"
U0639_4,"Dorms,Cafeteria,Math_Building,Dorms,CS_Building,Cafeteria"
U0639_5,"Dorms,Cafeteria,Math_Building,Dorms,CS_Building,Dorms,Cafeteria,Math_Building,Cafeteria,Library,Dorms,Cafeteria,Math_Building"
U0639_6,"Student_Center,Dorms,Math_Building"
U0639_7,"Math_Building,Cafeteria,Student_Center,Dorms,Cafeteria,Library,Cafeteria"
U0639_8,"Math_Building,Library,Gym,Dorms"
U0639_9,"Dorms,Math_Building,Student_Center,Gym,Dorms,Cafeteria,CS_Building,Student_Center"
U0640_1,"Dorms,CS_Building,Library,Student_Center,Dorms,Dorms,Cafeteria,Student_Center,Dorms,Cafeteria,Math_Building"
U0640_10,"Dorms,Cafeteria,Library,Cafeteria,CS_Building,Student_Center,Library,Gym"
U0640_11,"Dorms,Library,Gym,Dorms,Math_Building,Dorms,Library,Cafeteria"
U0640_12,"Cafeteria,CS_Building,Student_Center,Library,Student_Center,Library"
U0640_13,"Dorms,CS_Building,Library,Dorms,CS_Building,Student_Center,Dorms,Cafeteria"
U0640_14,"Dorms,Math_Building,Student_Center,Library"
U0640_15,"Dorms,Math_Building,Library,Cafeteria,CS_Building"
U0640_2,"Dorms,Cafeteria,CS_Building,Cafeteria,Student_Center,Gym,Dorms,Cafeteria"
U0640_3,"Math_Building,Student_Center,Library"
U0640_4,"Dorms,CS_Building,Dorms,Cafeteria"
U0640_5,"Math_Building,Library,Dorms,CS_Building,Student_Center,Dorms"
U0640_6,"Dorms,Cafeteria,CS_Building,Student_Center,Dorms"
U0640_7,"Dorms,CS_Building,Student_Center"
U0640_8,"Dorms,Cafeteria,Math_Building,Dorms,Cafeteria,Math_Building,Dorms"
U0640_9,"Dorms,Math_Building,Student_Center,Gym,Dorms,Cafeteria,CS_Building,Cafeteria"
U0641_1,"Dorms,Library,Cafeteria,Library,Cafeteria,CS_Building,Library,Student_Center"
U0641_10,"Library,Dorms,Cafeteria,Library"
U0641_11,"Library,Cafeteria,CS_Building,Cafeteria,Gym,Dorms,Math_Building"
U0641_12,"Dorms,Cafeteria,Student_Center,Library,Cafeteria,CS_Building,Library"
U0641_13,"Dorms,Cafeteria,Math_Building,Cafeteria,CS_Building"
U0641_2,"Cafeteria,CS_Building,Library,Dorms,Cafeteria,CS_Building,Cafeteria,CS_Building"
U0641_3,"Dorms,Cafeteria,CS_Building,Dorms"
U0641_4,"Dorms,CS_Building,Student_Center,Library"
U0641_5,"Dorms,Math_Building,Cafeteria,Library,Dorms,Math_Building,Library,Cafeteria"
U0641_6,"Cafeteria,CS_Building,Student_Center,Gym,Dorms"
U0641_7,"Dorms,Math_Building,Library,Student_Center,Dorms,Math_Building,Dorms,Library"
U0641_8,"Dorms,Math_Building,Student_Center,Library,Dorms,Math_Building,Dorms,Math_Building"
U0641_9,"Dorms,CS_Building,Dorms,Cafeteria,CS_Building"
U0642_1,"Dorms,Cafeteria,CS_Building,Dorms,Cafeteria,Library"
U0642_10,"Dorms,Cafeteria,Math_Building,Library,Gym"
U0642_11,"Dorms,Cafeteria,Library,Dorms,Cafeteria,CS_Building,Library"
U0642_12,"Math_Building,Cafeteria,CS_Building,Library,Cafeteria,CS_Building,Library"
U0642_13,"CS_Building,Student_Center,Gym,Dorms,Math_Building,Student_Center"
U0642_2,"Dorms,Cafeteria,CS_Building,Cafeteria,Math_Building,Student_Center,Gym"
U0642_3,"Dorms,Cafeteria,CS_Building"
U0642_4,"Dorms,CS_Building,Dorms,Math_Building,Library,Gym"
U0642_5,"Dorms,Math_Building,Cafeteria,Library,Gym"
U0642_6,"Gym,Dorms,Math_Building,Dorms"
U0642_7,"Dorms,Cafeteria,Library,Dorms,Cafeteria,CS_Building,CS_Building,Dorms,Math_Building,Library,Cafeteria,CS_Building,Student_Center"
U0642_8,"Dorms,Math_Building,Dorms,Math_Building,Dorms,Math_Building,Cafeteria,Student_Center"
U0642_9,"Dorms,CS_Building,Cafeteria,CS_Building"
U0643_1,"Dorms,Math_Building,Student_Center"
U0643_2,"Dorms,Cafeteria,Math_Building,Library,Dorms,Cafeteria"
U0643_3,"Dorms,Cafeteria,Math_Building,Dorms,Cafeteria,Math_Building"
U0643_4,"Dorms,Math_Building,Dorms,Cafeteria"
U0643_5,"Dorms,Cafeteria,Library"
U0643_6,"Dorms,Cafeteria,CS_Building,Library,Dorms,Cafeteria"
U0643_7,"Dorms,Cafeteria,Student_Center,Library,Dorms,Cafeteria,CS_Building,Student_Center"
U0643_8,"Dorms,Library,Cafeteria,Library,Cafeteria"
U0643_9,"Gym,Dorms,Cafeteria"
U0644_1,"Dorms,Math_Building,Library,Cafeteria,Library,Dorms"
U0644_10,"Dorms,CS_Building,Cafeteria,Dorms,Cafeteria,CS_Building,Library,Cafeteria,Math_Building"
U0644_11,"Dorms,Cafeteria,Math_Building,Student_Center"
U0644_2,"Cafeteria,CS_Building,Cafeteria,Math_Building,Dorms"
U0644_3,"Dorms,Math_Building,Cafeteria"
U0644_4,"Dorms,Cafeteria,Math_Building,Student_Center,Gym,Dorms,Cafeteria,CS_Building"
U0644_5,"Dorms,Library,Cafeteria,Math_Building,Library"
U0644_6,"Dorms,Cafeteria,Student_Center,Library,Cafeteria,Library"
U0644_7,"Dorms,CS_Building,Library,Dorms,Library"
U0644_8,"Dorms,Cafeteria,CS_Building,Student_Center,Dorms"
U0644_9,"Dorms,Cafeteria,Math_Building,Student_Center,Dorms,Cafeteria,Library,Gym"
U0645_1,"Dorms,Cafeteria,CS_Building,Library,Gym,Dorms"
U0645_2,"Dorms,Library,Dorms,Cafeteria,CS_Building,Student_Center,Dorms,Math_Building,Cafeteria,Math_Building"
U0645_3,"Dorms,Math_Building,Cafeteria,Math_Building,Cafeteria,Dorms,Cafeteria,Math_Building,Library,Dorms,Library,Dorms"
U0645_4,"Dorms,Cafeteria,CS_Building,Library,Dorms,Math_Building"
U0645_5,"Dorms,Cafeteria,Library,Cafeteria,CS_Building,Dorms"
U0645_6,"Dorms,Cafeteria,CS_Building,Dorms,Cafeteria,CS_Building,Student_Center"
U0645_7,"Dorms,Cafeteria,CS_Building,Student_Center,Library,Gym"
U0645_8,"Gym,Dorms,CS_Building,Library,Dorms,Math_Building,Dorms,Dorms,Math_Building,Dorms,Library,Gym,Dorms"
U0645_9,"Dorms,Math_Building,Student_Center,Dorms,CS_Building,Dorms,Cafeteria,Math_Building"
U0646_1,"Math_Building,Library,Cafeteria,Library,Student_Center,Gym"
U0646_10,"Student_Center,Dorms,CS_Building"
U0646_11,"Dorms,Library,Cafeteria,CS_Building"
U0646_12,"Dorms,Library,Dorms,Cafeteria,Student_Center,Gym,Dorms,CS_Building"
U0646_13,"Gym,Dorms,Cafeteria,Library,Dorms,Cafeteria,CS_Building,Cafeteria"
U0646_14,"Math_Building,Dorms,Cafeteria,Math_Building,Student_Center"
U0646_2,"Dorms,Cafeteria,Student_Center,Gym"
U0646_3,"Gym,Dorms,CS_Building,Cafeteria"
U0646_4,"Student_Center,Library,Gym,Dorms,Cafeteria"
U0646_5,"Cafeteria,Library,Cafeteria,Student_Center,Gym"
U0646_6,"Dorms,Cafeteria,CS_Building,Library,Dorms,Cafeteria,CS_Building,Library,CS_Building,Student_Center,Library,Cafeteria,Student_Center,Library,Cafeteria"
U0646_7,"Dorms,Cafeteria,CS_Building,Student_Center,Gym"
U0646_8,"Cafeteria,Library,Student_Center,Dorms,Cafeteria,Math_Building"
U0646_9,"Dorms,Cafeteria,Math_Building,Cafeteria,Math_Building,Student_Center,Library,Dorms"
U0647_1,"Dorms,Cafeteria,CS_Building,Student_Center,Dorms,Cafeteria,CS_Building,Library,Dorms,Cafeteria,CS_Building"
U0647_10,"Dorms,Math_Building,Library,Dorms,Library,Cafeteria,CS_Building,Student_Center"
U0647_11,"Dorms,CS_Building,Library,Gym,Dorms,Dorms,CS_Building,Student_Center,Library,Dorms,Math_Building,Library,Cafeteria"
U0647_12,"Dorms,Cafeteria,CS_Building,Library,Student_Center,Dorms,Library"
U0647_2,"Dorms,CS_Building,Library,Dorms,Math_Building"
U0647_3,"Dorms,Cafeteria,CS_Building,Cafeteria"
U0647_4,"Cafeteria,CS_Building,Cafeteria,Math_Building,Library,Dorms,Cafeteria"
U0647_5,"Dorms,Cafeteria,Library,Gym,Dorms,CS_Building,Library"
U0647_6,"Dorms,Library,Cafeteria,CS_Building,Cafeteria,Library,Dorms,Dorms,Library,Dorms,Cafeteria,Math_Building,Cafeteria"
U0647_7,"Dorms,Cafeteria,CS_Building,Library"
U0647_8,"Math_Building,Library,Gym,Dorms,Library,Dorms,Cafeteria"
U0647_9,"Dorms,Cafeteria,Math_Building,Dorms,CS_Building,Cafeteria,CS_Building,Cafeteria"
U0648_1,"Dorms,CS_Building,Library,Cafeteria"
U0648_2,"Dorms,Library,Student_Center,Gym,Dorms,CS_Building,Cafeteria,Student_Center,Library,Cafeteria,CS_Building,Library,Cafeteria,Math_Building,Cafeteria"
U0648_3,"Dorms,Math_Building,Dorms,Cafeteria,CS_Building,Library,Gym"
U0648_4,"Dorms,Cafeteria,CS_Building"
U0648_5,"Dorms,Library,Dorms,CS_Building,Dorms,Cafeteria,Math_Building,Cafeteria,CS_Building"
U0648_6,"Dorms,Math_Building,Library,Dorms"
U0648_7,"Library,Dorms,Cafeteria,Library,Math_Building,Dorms,Math_Building,Student_Center,Library,Cafeteria"
U0648_8,"Dorms,CS_Building,Student_Center,Library,Gym,Dorms,Cafeteria,CS_Building"
U0649_1,"Dorms,Cafeteria,CS_Building,Library,Dorms,Cafeteria,Math_Building,Student_Center,Library,Gym,Dorms,Math_Building,Library,Gym,Dorms"
U0649_10,"Dorms,Library,Dorms,Cafeteria,Student_Center,Gym,Dorms,CS_Building"
U0649_11,"Dorms,Math_Building,Cafeteria,Math_Building,Student_Center"
U0649_12,"Dorms,Cafeteria,Math_Building,Student_Center,Gym,Dorms,CS_Building"
U0649_2,"Student_Center,Dorms,Math_Building,Library,Gym,Dorms,Math_Building"
U0649_3,"Dorms,Cafeteria,Student_Center,Gym,Dorms,Math_Building,Cafeteria,Library"
U0649_4,"Dorms,Cafeteria,Library,Gym"
U0649_5,"Dorms,Cafeteria,Student_Center"
U0649_6,"Dorms,Math_Building,Student_Center,Cafeteria,Math_Building,Dorms,Library,Cafeteria,Library"
U0649_7,"Dorms,Cafeteria,Library,Dorms,Math_Building,Library,Gym,Dorms"
U0649_8,"Math_Building,Library,Dorms"
U0649_9,"Dorms,Cafeteria,CS_Building,Student_Center"
U0650_1,"Dorms,Math_Building,Cafeteria,Library,Cafeteria"
U0650_10,"Dorms,Cafeteria,Library,Gym"
U0650_11,"Dorms,Cafeteria,Math_Building"
U0650_12,"Dorms,Cafeteria,CS_Building,Dorms,Math_Building,Library"
U0650_13,"Dorms,Cafeteria,CS_Building"
U0650_14,"Dorms,CS_Building,Dorms,Math_Building,Library,Dorms,CS_Building"
U0650_15,"Dorms,Math_Building,Library,Dorms,CS_Building,Library,Dorms,Library,Dorms,Math_Building"
U0650_16,"Dorms,Cafeteria,CS_Building"
U0650_2,"Dorms,Cafeteria,Math_Building,Student_Center,Gym,Dorms,CS_Building,Library"
U0650_3,"Library,Dorms,Cafeteria"
U0650_4,"Dorms,Cafeteria,Math_Building,Dorms,Math_Building,Dorms"
U0650_5,"Dorms,Cafeteria,Math_Building,Student_Center,Gym"
U0650_6,"Dorms,Math_Building,Library,Dorms"
U0650_7,"Cafeteria,CS_Building,Library,Gym,Dorms,Cafeteria,Math_Building"
U0650_8,"Dorms,Cafeteria,Student_Center,Dorms,Cafeteria,CS_Building"
U0650_9,"Math_Building,Student_Center,Dorms,Cafeteria,Library"
U0651_1,"Dorms,CS_Building,Student_Center,Dorms"
U0651_10,"Gym,Dorms,Cafeteria,Student_Center,Dorms,Cafeteria,CS_Building,Student_Center"
U0651_11,"Dorms,Library,Dorms,Math_Building"
U0651_12,"Dorms,Cafeteria,CS_Building,Student_Center,Dorms,Math_Building,Cafeteria"
U0651_2,"Dorms,Math_Building,Library,Gym"
U0651_3,"Dorms,Cafeteria,Math_Building,Dorms"
U0651_4,"Dorms,Math_Building,Library,Cafeteria,CS_Building,Dorms,Cafeteria,Library"
U0651_5,"Dorms,Cafeteria,CS_Building,Student_Center,Dorms"
U0651_6,"Math_Building,Dorms,Cafeteria"
U0651_7,"CS_Building,Student_Center,Gym,Dorms,Cafeteria,CS_Building,Cafeteria"
U0651_8,"Dorms,CS_Building,Dorms"
U0651_9,"Dorms,Cafeteria,Math_Building"
U0652_1,"Dorms,Math_Building,Student_Center,Library,Dorms,Cafeteria"
U0652_10,"Dorms,Cafeteria,CS_Building"
U0652_11,"Dorms,Cafeteria,Library,Cafeteria"
U0652_12,"Student_Center,Gym,Dorms,Library,Cafeteria,Math_Building,Library"
U0652_13,"Dorms,Library,Cafeteria,Math_Building,Library,Dorms,Cafeteria"
U0652_2,"Dorms,CS_Building,Cafeteria,CS_Building,Library,Dorms"
U0652_3,"Dorms,Library,Cafeteria,Library,Dorms,Cafeteria,Library"
U0652_4,"Dorms,Math_Building,Cafeteria,Math_Building,Library,Student_Center,Gym"
U0652_5,"Dorms,Cafeteria,Math_Building"
U0652_6,"Dorms,Cafeteria,CS_Building,Student_Center,Dorms,CS_Building,Student_Center"
U0652_7,"Cafeteria,Library,Gym,Cafeteria,CS_Building,Library,Dorms,CS_Building"
U0652_8,"Dorms,Cafeteria,Student_Center"
U0652_9,"Dorms,Cafeteria,Math_Building"
U0653_1,"Math_Building,Library,Cafeteria,CS_Building,Library,Dorms,Cafeteria,Math_Building"
U0653_10,"Dorms,Math_Building,Cafeteria,Math_Building"
U0653_11,"CS_Building,Cafeteria,Library,Dorms,CS_Building,Library,Cafeteria"
U0653_12,"Dorms,CS_Building,Cafeteria"
U0653_2,"Dorms,Cafeteria,Student_Center,Gym,Dorms"
U0653_3,"Dorms,Math_Building,Student_Center,Dorms,Math_Building,Library,Dorms,Math_Building"
U0653_4,"Dorms,Math_Building,Student_Center,Gym,Dorms,Cafeteria"
U0653_5,"Library,Cafeteria,Library,Cafeteria,Math_Building,Student_Center,Dorms,CS_Building"
U0653_6,"Dorms,Math_Building,Cafeteria"
U0653_7,"Dorms,Library,Cafeteria,Math_Building,Dorms,Cafeteria,CS_Building,Student_Center"
U0653_8,"Dorms,Cafeteria,Library,Cafeteria,Library"
U0653_9,"Dorms,CS_Building,Library,Dorms,Cafeteria"
U0654_1,"Dorms,Cafeteria,Math_Building,Library,Dorms,Cafeteria,Math_Building"
U0654_10,"Dorms,Cafeteria,Math_Building,Cafeteria,Student_Center,Dorms,Cafeteria"
U0654_11,"Dorms,Cafeteria,Math_Building,Library,Gym,Dorms,CS_Building"
U0654_2,"Dorms,Math_Building,Library,Cafeteria"
U0654_3,"Dorms,CS_Building,Library,Cafeteria,Student_Center,Dorms,Math_Building,Library,Dorms,Cafeteria,Math_Building,Student_Center,Gym,Dorms"
U0654_4,"Dorms,Cafeteria,Math_Building,Library,Dorms,Cafeteria,Math_Building"
U0654_5,"Cafeteria,Math_Building,Student_Center,Dorms,Cafeteria,CS_Building,Dorms,Math_Building,Dorms"
U0654_6,"CS_Building,Student_Center,Gym,Dorms,CS_Building,Library,Gym,Dorms"
U0654_7,"Dorms,Math_Building,Student_Center,Library,Cafeteria,Math_Building,Cafeteria,CS_Building"
U0654_8,"CS_Building,Dorms,Cafeteria,Library,Cafeteria"
U0654_9,"Dorms,CS_Building,Cafeteria,CS_Building,Cafeteria,Library"
U0655_1,"Cafeteria,Library,Gym,Dorms,Math_Building"
U0655_10,"Dorms,CS_Building,Library,Dorms"
U0655_11,"Dorms,Math_Building,Student_Center,Library,Cafeteria,Student_Center,Library,Cafeteria"
U0655_2,"Student_Center,Dorms,Math_Building,Student_Center,Library,Gym,Dorms"
U0655_3,"Dorms,Cafeteria,Library,Cafeteria,CS_Building,Library"
U0655_4,"Dorms,Math_Building,Cafeteria"
U0655_5,"Cafeteria,CS_Building,Library,Dorms,Cafeteria,CS_Building"
U0655_6,"Dorms,Math_Building,Library,Cafeteria,Library,Gym,Dorms,Student_Center,Dorms,CS_Building,Library,Student_Center"
U0655_7,"Dorms,CS_Building,Library,Dorms,Math_Building,Dorms"
U0655_8,"Cafeteria,Library,Gym,Cafeteria,CS_Building,Library,Cafeteria"
U0655_9,"Dorms,Library,Dorms,CS_Building,Cafeteria,Student_Center,Library,Gym"
U0656_1,"Dorms,Library,Student_Center,Library,Dorms,Library,Gym,Gym,Dorms,Library,Dorms,CS_Building,Dorms,CS_Building,Cafeteria"
U0656_2,"Math_Building,Student_Center,Dorms,Library,Dorms,Cafeteria"
U0656_3,"Dorms,Math_Building,Student_Center,Dorms,Cafeteria,Student_Center,Dorms,Cafeteria,CS_Building,Library,Gym,Dorms"
U0656_4,"Dorms,Cafeteria,Student_Center,Library,Dorms,Math_Building,Cafeteria,Library,Cafeteria,Math_Building,Cafeteria"
U0656_5,"Dorms,Cafeteria,CS_Building"
U0656_6,"Dorms,Math_Building,Cafeteria,Math_Building,Library,Cafeteria,Math_Building,Student_Center"
U0656_7,"Dorms,Cafeteria,CS_Building,Library,Dorms,Cafeteria,CS_Building"
U0656_8,"Dorms,Cafeteria,CS_Building,Student_Center"
U0656_9,"Dorms,Cafeteria,Math_Building,Dorms"
U0657_1,"Dorms,Library,Dorms,Cafeteria,CS_Building,Library"
U0657_10,"Dorms,Cafeteria,Math_Building,Student_Center,Dorms,Math_Building"
U0657_11,"Dorms,Cafeteria,CS_Building,Student_Center,Library,Dorms"
U0657_12,"Dorms,Math_Building,Student_Center,Dorms"
U0657_13,"Library,Dorms,Library,Dorms,CS_Building,Cafeteria,CS_Building"
U0657_2,"Cafeteria,CS_Building,Cafeteria,Library,Dorms"
U0657_3,"Dorms,CS_Building,Library,Cafeteria,CS_Building"
U0657_4,"Dorms,Cafeteria,Math_Building"
U0657_5,"Dorms,Cafeteria,CS_Building,Library,Dorms,Cafeteria,CS_Building,Library,Cafeteria,CS_Building,Library,Dorms,Cafeteria,CS_Building,Cafeteria,Math_Building,Student_Center"
U0657_6,"Dorms,Cafeteria,CS_Building,Library"
U0657_7,"Dorms,Cafeteria,Library,Student_Center"
U0657_8,"Dorms,Math_Building,Library,Dorms,Cafeteria"
U0657_9,"Dorms,CS_Building,Library,Gym,Dorms,Cafeteria"
U0658_1,"Dorms,Cafeteria,Student_Center,Gym,Dorms,Cafeteria,Dorms,Cafeteria,Math_Building"
U0658_10,"Dorms,Cafeteria,Library"
U0658_11,"Dorms,Math_Building,Dorms,Cafeteria,Library,Dorms,Cafeteria"
U0658_12,"Dorms,CS_Building,Library,Cafeteria,Math_Building,Library,Cafeteria"
U0658_2,"Dorms,Cafeteria,CS_Building,Student_Center,Library,Dorms,Math_Building,Dorms,Math_Building,Cafeteria,Dorms,Library,Cafeteria,CS_Building"
U0658_3,"Dorms,Cafeteria,Student_Center,Library,Cafeteria,Student_Center,Library"
U0658_4,"Library,Dorms,Math_Building,Library,Cafeteria,Math_Building,Dorms,Cafeteria"
U0658_5,"Gym,Dorms,Math_Building,Student_Center,Gym"
U0658_6,"Dorms,Cafeteria,Math_Building,Student_Center"
U0658_7,"Dorms,Cafeteria,CS_Building,Cafeteria"
U0658_8,"Dorms,Cafeteria,CS_Building,Student_Center"
U0658_9,"Math_Building,Cafeteria,Library,Cafeteria,CS_Building"
U0659_1,"Dorms,CS_Building,Library,Dorms,Math_Building,Student_Center,Dorms,Dorms,Cafeteria,Math_Building,Student_Center,Library"
U0659_10,"Dorms,Cafeteria,Student_Center,Gym,Dorms,Cafeteria,CS_Building,Library,Dorms,Cafeteria,Math_Building,Library,Student_Center,Library,Dorms,Dorms,CS_Building,Library,Dorms,Cafeteria,Library,Dorms,Cafeteria"
U0659_2,"Dorms,Library,Gym,Dorms,Cafeteria,Math_Building,Dorms,CS_Building,Dorms,Cafeteria,CS_Building,Library"
U0659_3,"Dorms,Cafeteria,CS_Building,Cafeteria,CS_Building,Library,Cafeteria,Student_Center"
U0659_4,"Dorms,Cafeteria,CS_Building,Dorms,CS_Building,Student_Center,Library,Gym,Cafeteria"
U0659_5,"Dorms,Cafeteria,Library,Cafeteria,Math_Building,Student_Center,Gym,Dorms"
U0659_6,"Student_Center,Library,Cafeteria,CS_Building,Library,Gym,Dorms,Cafeteria"
U0659_7,"Dorms,CS_Building,Student_Center,Dorms,Library,Gym,Dorms,Cafeteria"
U0659_8,"Dorms,Math_Building,Student_Center,Library,Dorms,Math_Building,Student_Center,Gym"
U0659_9,"Library,Student_Center,Gym,Cafeteria"
U0660_1,"Library,Dorms,Cafeteria,CS_Building,Dorms,CS_Building,Student_Center,Library,Math_Building,Student_Center,Gym,Dorms,Cafeteria,Math_Building"
U0660_10,"Dorms,Math_Building,Library,Dorms"
U0660_11,"Dorms,Library,Cafeteria,CS_Building,Library,Dorms,Cafeteria,CS_Building"
U0660_12,"Dorms,Cafeteria,Student_Center,Library,Cafeteria"
U0660_13,"Dorms,Library,Dorms,CS_Building,Dorms,Cafeteria,Math_Building,Student_Center"
U0660_14,"Dorms,CS_Building,Cafeteria,Student_Center,Library,Dorms,Library,Dorms,Cafeteria,CS_Building"
U0660_2,"Dorms,Math_Building,Cafeteria,CS_Building"
U0660_3,"Gym,Dorms,CS_Building,Cafeteria,Library,Cafeteria,CS_Building"
U0660_4,"CS_Building,Library,Student_Center,Dorms,Cafeteria,Student_Center,Dorms,Cafeteria"
U0660_5,"Gym,Cafeteria,CS_Building,Library,Student_Center"
U0660_6,"Math_Building,Cafeteria,CS_Building"
U0660_7,"Cafeteria,Library,Cafeteria,CS_Building,Cafeteria,Math_Building"
U0660_8,"Dorms,Cafeteria,Library"
U0660_9,"Dorms,Math_Building,Student_Center,Gym,Dorms,Cafeteria,Library,Student_Center"
U0661_1,"Cafeteria,CS_Building,Cafeteria,CS_Building"
U0661_10,"Dorms,CS_Building,Library"
U0661_11,"Dorms,Math_Building,Student_Center,Library,Dorms,Cafeteria,Library,Gym"
U0661_12,"Dorms,Math_Building,Student_Center,Library,Gym,Dorms"
U0661_13,"Library,Dorms,Cafeteria,Library,Cafeteria,Math_Building,Library,Cafeteria"
U0661_14,"Dorms,Cafeteria,CS_Building,Dorms,Cafeteria,Math_Building,Student_Center,Dorms"
U0661_15,"Dorms,CS_Building,Library,Cafeteria,CS_Building,Dorms,Cafeteria,CS_Building,Library,Gym"
U0661_2,"Dorms,Cafeteria,CS_Building,Student_Center,Library,Cafeteria"
U0661_3,"Dorms,Cafeteria,Library,Dorms,Cafeteria"
U0661_4,"Dorms,Math_Building,Dorms,CS_Building,Library,Dorms,Cafeteria,CS_Building"
U0661_5,"CS_Building,Library,Cafeteria"
U0661_6,"Dorms,Math_Building,Library,Cafeteria"
U0661_7,"Dorms,Cafeteria,Student_Center,Dorms,Math_Building"
U0661_8,"Dorms,Cafeteria,Library,Student_Center,Gym,Dorms,Dorms,Math_Building,Student_Center,Library,Dorms,Cafeteria,Math_Building,Dorms,CS_Building,Library,Dorms,Cafeteria,CS_Building,Library,Cafeteria"
U0661_9,"Dorms,Cafeteria,CS_Building,Library,Student_Center,Dorms,Math_Building"
U0662_1,"Dorms,Math_Building,Dorms,Library,Dorms,Cafeteria,Library,Dorms"
U0662_10,"Dorms,Cafeteria,Math_Building,Library,Gym,Dorms,Cafeteria"
U0662_2,"Dorms,Cafeteria,Library,Cafeteria,Library,Dorms,Cafeteria,CS_Building,Library"
U0662_3,"Dorms,CS_Building,Student_Center,Gym,Dorms,CS_Building,Student_Center,Gym"
U0662_4,"Math_Building,Student_Center,Dorms,Cafeteria,CS_Building,Student_Center"
U0662_5,"Dorms,Math_Building,Dorms,CS_Building,Library"
U0662_6,"Dorms,Cafeteria,Library"
U0662_7,"Dorms,Cafeteria,CS_Building,Student_Center,Gym,Dorms,Cafeteria"
U0662_8,"Student_Center,Library,Dorms"
U0662_9,"Library,Gym,Dorms"
U0663_1,"Dorms,Cafeteria,CS_Building,Library,Dorms,Math_Building,Library"
U0663_10,"Math_Building,Student_Center,Dorms,Cafeteria,Math_Building,Library,Cafeteria,CS_Building,Cafeteria,CS_Building,Library"
U0663_11,"Dorms,Cafeteria,CS_Building,Student_Center,Library,Cafeteria,Student_Center"
U0663_12,"Library,Student_Center,Gym"
U0663_13,"Dorms,Cafeteria,Math_Building,Dorms,CS_Building,Student_Center"
U0663_2,"Dorms,Cafeteria,Student_Center,Gym,Dorms,Library,Cafeteria,CS_Building,Student_Center,Library,Dorms,Cafeteria,Math_Building"
U0663_3,"Gym,Dorms,Math_Building,Student_Center,Dorms,Cafeteria"
U0663_4,"CS_Building,Library,Dorms,Library"
U0663_5,"Dorms,Cafeteria,Library,Student_Center"
U0663_6,"Student_Center,Gym,Cafeteria,Library,Dorms,CS_Building,Library,Student_Center,Dorms,Math_Building,Library,Cafeteria"
U0663_7,"Dorms,Math_Building,Student_Center,Gym,Cafeteria"
U0663_8,"CS_Building,Student_Center,Gym,Cafeteria,Student_Center"
U0663_9,"CS_Building,Student_Center,Gym,Dorms,Math_Building,Dorms"
U0664_1,"Dorms,Cafeteria,CS_Building,Dorms,CS_Building"
U0664_10,"Dorms,CS_Building,Library,Gym,Dorms,Cafeteria,Library,Dorms"
U0664_11,"Cafeteria,Library,Gym,Cafeteria,Library,Dorms,Library"
U0664_12,"Dorms,Library,Cafeteria"
U0664_13,"Dorms,Math_Building,Student_Center,Library,Cafeteria,CS_Building"
U0664_14,"Dorms,Cafeteria,Math_Building,Cafeteria,Library,Dorms,Library,Dorms"
U0664_15,"Dorms,Library,Dorms"
U0664_2,"Dorms,Cafeteria,Math_Building,Library,Dorms,Cafeteria,Math_Building"
U0664_3,"Library,Dorms,Cafeteria,Library,Dorms,CS_Building"
U0664_4,"Library,Cafeteria,CS_Building"
U0664_5,"Cafeteria,Math_Building,Dorms,Cafeteria,Library"
U0664_6,"Cafeteria,Library,Gym"
U0664_7,"Library,Dorms,Cafeteria,CS_Building"
U0664_8,"Cafeteria,Math_Building,Dorms,Math_Building,Student_Center"
U0664_9,"Cafeteria,CS_Building,Student_Center,Library,Student_Center,Dorms,Cafeteria"
U0665_1,"Dorms,Cafeteria,Library,Cafeteria,Library,Cafeteria,CS_Building,Library,Dorms,Cafeteria,Student_Center,Gym,Cafeteria"
U0665_2,"Dorms,Math_Building,Dorms"
U0665_3,"CS_Building,Dorms,Cafeteria,CS_Building,Student_Center"
U0665_4,"Student_Center,Dorms,Math_Building"
U0665_5,"Dorms,CS_Building,Dorms,CS_Building,Student_Center,Dorms,Cafeteria,CS_Building,Library,Cafeteria,Library,Gym"
U0665_6,"Cafeteria,Student_Center,Dorms,CS_Building,Library,Gym"
U0665_7,"Dorms,Cafeteria,CS_Building,Cafeteria,CS_Building,Dorms,Cafeteria,CS_Building"
U0665_8,"Dorms,Cafeteria,Math_Building,Student_Center,Library,Dorms,Cafeteria,CS_Building"
U0665_9,"Dorms,CS_Building,Library,Gym"
U0666_1,"Dorms,Cafeteria,Math_Building,Dorms,Cafeteria"
U0666_10,"Dorms,Cafeteria,Math_Building,Dorms,Cafeteria,Math_Building,Library"
U0666_11,"Dorms,Library,Dorms,Cafeteria,Math_Building,Cafeteria,CS_Building"
U0666_2,"Dorms,CS_Building,Student_Center,Library,Dorms"
U0666_3,"Math_Building,Dorms,Math_Building,Student_Center,Library"
U0666_4,"Dorms,Math_Building,Library,Gym,Dorms"
U0666_5,"Dorms,Cafeteria,Math_Building,Library"
U0666_6,"Library,Gym,Dorms,Cafeteria,CS_Building,Student_Center,Dorms,Cafeteria"
U0666_7,"Dorms,Cafeteria,CS_Building,Student_Center,Dorms,Cafeteria,Math_Building,Library"
U0666_8,"Dorms,CS_Building,Student_Center,Dorms,CS_Building"
U0666_9,"Dorms,Library,Dorms,Cafeteria"
U0667_1,"Dorms,Cafeteria,Math_Building,Library,Dorms"
U0667_10,"Library,Dorms,Cafeteria,Math_Building,Dorms,Cafeteria,Library"
U0667_11,"Dorms,Math_Building,Student_Center,Dorms,Math_Building,Library,Gym,Dorms,Cafeteria"
U0667_2,"Dorms,Math_Building,Cafeteria,Student_Center,Library,Dorms,Cafeteria,Math_Building,Student_Center,Library,Cafeteria,Library"
U0667_3,"Dorms,Cafeteria,Library,Cafeteria,CS_Building,Student_Center,Dorms,Dorms,CS_Building,Library,Cafeteria,CS_Building"
U0667_4,"Dorms,CS_Building,Cafeteria,Dorms,Cafeteria,Math_Building,Student_Center,Library,Dorms,Cafeteria,Math_Building,Library,Gym,Dorms,CS_Building,Cafeteria"
U0667_5,"Dorms,Library,Cafeteria,CS_Building,Cafeteria"
U0667_6,"Dorms,Math_Building,Student_Center"
U0667_7,"Dorms,Cafeteria,Library,Cafeteria,Library,Dorms"
U0667_8,"CS_Building,Library,Student_Center,Gym,Dorms"
U0667_9,"Dorms,Library,Dorms"
U0668_1,"Dorms,Cafeteria,Library,Dorms"
U0668_10,"Dorms,Cafeteria,Library,Gym,Dorms,Cafeteria"
U0668_2,"Cafeteria,Math_Building,Library,Dorms,Math_Building,Dorms,Cafeteria,Library,Dorms,CS_Building,Library"
U0668_3,"Dorms,Math_Building,Student_Center,Dorms,Cafeteria,Math_Building,Cafeteria,Dorms,Cafeteria,Math_Building,Library"
U0668_4,"Dorms,CS_Building,Cafeteria"
U0668_5,"Library,Gym,Dorms,Math_Building,Dorms,Math_Building,Student_Center,Gym"
U0668_6,"Dorms,Cafeteria,Library,Gym,Cafeteria,Library"
U0668_7,"Dorms,Library,Cafeteria,Student_Center,Library,Cafeteria"
U0668_8,"Dorms,Cafeteria,CS_Building,Library,Cafeteria,Library,Dorms,Library"
U0668_9,"Dorms,Math_Building,Dorms,Cafeteria"
U0669_1,"Dorms,CS_Building,Library,Gym,Cafeteria,CS_Building,Library"
U0669_10,"Dorms,Math_Building,Library"
U0669_11,"Dorms,CS_Building,Library,Cafeteria,CS_Building"
U0669_12,"Dorms,Cafeteria,CS_Building,Dorms,Math_Building,Student_Center,Library,Cafeteria"
U0669_13,"Gym,Cafeteria,Library"
U0669_14,"Dorms,Cafeteria,Student_Center,Dorms,CS_Building,Library,Gym,Dorms"
U0669_15,"Dorms,Cafeteria,CS_Building,Student_Center,Dorms,Cafeteria,CS_Building"
U0669_16,"Library,Student_Center,Library,Cafeteria,CS_Building,Library,Dorms"
U0669_17,"Dorms,CS_Building,Library"
U0669_2,"Dorms,CS_Building,Dorms,Library,Cafeteria,Math_Building"
U0669_3,"Dorms,Cafeteria,CS_Building,Student_Center,Library,Dorms"
U0669_4,"Dorms,CS_Building,Library"
U0669_5,"Dorms,Cafeteria,Library,Dorms,CS_Building,Library,Gym,Cafeteria,Library"
U0669_6,"Dorms,Cafeteria,Math_Building"
U0669_7,"Dorms,CS_Building,Dorms,Cafeteria,Library"
U0669_8,"Cafeteria,Library,Gym,Dorms"
U0669_9,"Dorms,Library,Dorms,Library,Cafeteria,CS_Building"
U0670_1,"Dorms,Math_Building,Dorms,CS_Building,Student_Center,Dorms,Math_Building"
U0670_10,"Dorms,Cafeteria,CS_Building"
U0670_11,"Dorms,Cafeteria,CS_Building,Library,Cafeteria,CS_Building,Library,Dorms,Math_Building,Cafeteria,Math_Building,Student_Center,Library,Student_Center"
U0670_12,"Dorms,Cafeteria,Math_Building,Student_Center,Library,Dorms"
U0670_13,"Student_Center,Dorms,Cafeteria,Library,Dorms,Cafeteria,Library"
U0670_2,"Dorms,Cafeteria,Library,Gym,Dorms,Math_Building"
U0670_3,"Dorms,Math_Building,Library"
U0670_4,"Library,Cafeteria,Student_Center,Gym,Dorms"
U0670_5,"Student_Center,Gym,Cafeteria,Math_Building,Dorms"
U0670_6,"Math_Building,Cafeteria,Math_Building"
U0670_7,"Dorms,CS_Building,Cafeteria,CS_Building,Cafeteria,CS_Building"
U0670_8,"Library,Gym,Dorms,CS_Building"
U0670_9,"Dorms,CS_Building,Student_Center,Dorms,Cafeteria,Library"
U0671_1,"Dorms,Math_Building,Student_Center,Library,Dorms,Math_Building"
U0671_10,"Dorms,Cafeteria,CS_Building,Library,Cafeteria,CS_Building,Student_Center,Dorms"
U0671_11,"Dorms,Cafeteria,Student_Center"
U0671_12,"Dorms,Cafeteria,Library,Dorms,Math_Building,Student_Center,Math_Building,Student_Center,Library,Dorms,Cafeteria,Math_Building,Student_Center"
U0671_13,"Dorms,Math_Building,Cafeteria"
U0671_14,"Dorms,Cafeteria,Library,Student_Center,Library,Dorms,CS_Building"
U0671_15,"Dorms,Library,Cafeteria,CS_Building"
U0671_2,"Dorms,Cafeteria,Library,Gym,Dorms,Cafeteria,Dorms,Cafeteria,Library,Dorms,Cafeteria,Library"
U0671_3,"Math_Building,Library,Dorms,Math_Building,Library,Student_Center"
U0671_4,"Dorms,Library,Cafeteria"
U0671_5,"Library,Dorms,Library,Dorms,Cafeteria,Library,Cafeteria,Library"
U0671_6,"Gym,Dorms,Math_Building,Student_Center,Gym,Dorms,Cafeteria,CS_Building,Dorms,CS_Building,Library,Dorms"
U0671_7,"Dorms,Cafeteria,Library,Student_Center,Gym,Dorms,Math_Building,Library"
U0671_8,"Math_Building,Dorms,Cafeteria"
U0671_9,"Dorms,Cafeteria,CS_Building,Student_Center,Gym"
U0672_1,"Dorms,Cafeteria,Math_Building,Cafeteria,Library,Dorms"
U0672_10,"Dorms,Library,Dorms,Math_Building,Library,Cafeteria"
U0672_11,"CS_Building,Library,Cafeteria"
U0672_12,"Gym,Dorms,Library,Dorms"
U0672_13,"Dorms,Math_Building,Library,Dorms,Library,Gym,Dorms"
U0672_14,"Dorms,Math_Building,Student_Center,Dorms,Cafeteria,Math_Building,Library,Dorms"
U0672_2,"Dorms,CS_Building,Cafeteria,Library"
U0672_3,"Dorms,Cafeteria,CS_Building,Student_Center,Dorms,Cafeteria,CS_Building,Cafeteria"
U0672_4,"Dorms,Cafeteria,Math_Building,Library,Dorms,Math_Building,Cafeteria"
U0672_5,"Dorms,Cafeteria,CS_Building,Cafeteria,CS_Building,Cafeteria,Dorms,Cafeteria,CS_Building,Student_Center,Dorms,Math_Building,Library,Dorms"
U0672_6,"Dorms,Cafeteria,Library,Cafeteria,Student_Center,Dorms,Cafeteria"
U0672_7,"Dorms,Cafeteria,CS_Building,Library,Gym"
U0672_8,"Dorms,Math_Building,Cafeteria,CS_Building,Student_Center"
U0672_9,"Dorms,Cafeteria,Library,Gym,Cafeteria,Library"
U0673_1,"Dorms,Cafeteria,CS_Building,Dorms"
U0673_10,"Dorms,Cafeteria,Math_Building,Student_Center,Gym,Dorms,Math_Building"
U0673_11,"Dorms,Cafeteria,CS_Building,Dorms,CS_Building,Cafeteria,Math_Building"
U0673_2,"Dorms,Math_Building,Student_Center"
U0673_3,"Dorms,CS_Building,Cafeteria,CS_Building,Library,Dorms,Cafeteria"
U0673_4,"Dorms,Cafeteria,CS_Building"
U0673_5,"Library,Dorms,CS_Building,Cafeteria,CS_Building,Dorms,Cafeteria"
U0673_6,"Dorms,Cafeteria,Library,Cafeteria,CS_Building,Library,Cafeteria,CS_Building"
U0673_7,"Dorms,Cafeteria,CS_Building,Student_Center,Gym,Dorms,Cafeteria,Library,Student_Center,Library"
U0673_8,"CS_Building,Student_Center,Library"
U0673_9,"Dorms,Cafeteria,Student_Center,Library,Dorms,Library,Dorms,Cafeteria,Math_Building"
U0674_1,"Dorms,Cafeteria,Math_Building,Cafeteria,Math_Building,Dorms,CS_Building"
U0674_10,"Dorms,Cafeteria,Math_Building,Library,Gym,Dorms,Cafeteria"
U0674_11,"Dorms,Cafeteria,CS_Building"
U0674_2,"Dorms,Cafeteria,CS_Building,Student_Center"
U0674_3,"Math_Building,Student_Center,Library,Dorms,Math_Building"
U0674_4,"Dorms,CS_Building,Student_Center,Library,Gym,Dorms,Math_Building"
U0674_5,"Dorms,Math_Building,Student_Center,Dorms,Cafeteria,Library,Gym,Dorms"
U0674_6,"Dorms,Cafeteria,CS_Building,Library,Cafeteria,CS_Building,Library,Dorms"
U0674_7,"Cafeteria,Math_Building,Student_Center,Dorms,Cafeteria,CS_Building,Library,Dorms,Cafeteria,CS_Building,Student_Center"
U0674_8,"Dorms,Cafeteria,CS_Building,Cafeteria,Math_Building,Dorms,Cafeteria,Library,Dorms,CS_Building,Library"
U0674_9,"Student_Center,Library,Dorms,Cafeteria"
U0675_1,"Dorms,Library,Student_Center,Library,Cafeteria,Student_Center,Gym"
U0675_10,"Dorms,CS_Building,Student_Center"
U0675_11,"Dorms,Cafeteria,Math_Building,Student_Center,Dorms"
U0675_2,"Math_Building,Student_Center,Library,Cafeteria,CS_Building,Student_Center,Dorms,Cafeteria"
U0675_3,"Dorms,Library,Gym,Dorms"
U0675_4,"Library,Dorms,Cafeteria,CS_Building,Dorms,Cafeteria,Math_Building,Dorms"
U0675_5,"Dorms,Math_Building,Library,Student_Center"
U0675_6,"Dorms,Library,Dorms"
U0675_7,"Dorms,Library,Dorms,CS_Building,Student_Center,Dorms"
U0675_8,"Dorms,Cafeteria,Library,Cafeteria,Dorms,Math_Building,Library,Cafeteria"
U0675_9,"Library,Dorms,Cafeteria"
U0676_1,"Dorms,Math_Building,Dorms,Library"
U0676_10,"Dorms,Math_Building,Dorms,Math_Building,Student_Center,Gym,Dorms,Dorms,Cafeteria,Student_Center"
U0676_11,"Dorms,Cafeteria,Math_Building,Student_Center"
U0676_12,"Dorms,Cafeteria,Math_Building,Cafeteria,CS_Building"
U0676_13,"Dorms,Math_Building,Dorms,Cafeteria,Library,Dorms,Cafeteria,Student_Center,Dorms,Cafeteria,CS_Building,Library"
U0676_2,"Dorms,Math_Building,Student_Center,Gym,Dorms"
U0676_3,"Math_Building,Library,Cafeteria"
U0676_4,"Dorms,Cafeteria,CS_Building,Library,Dorms,Dorms,Cafeteria,CS_Building,Student_Center,Dorms,Cafeteria"
U0676_5,"Gym,Cafeteria,Library,Student_Center,Library,Dorms"
U0676_6,"Math_Building,Student_Center,Dorms,Math_Building,Library"
U0676_7,"Dorms,Cafeteria,CS_Building,Student_Center,Dorms,Dorms,Math_Building,Student_Center,Library"
U0676_8,"Student_Center,Gym,Dorms,Math_Building,Dorms,Cafeteria,Dorms,Math_Building,Dorms,Cafeteria"
U0676_9,"Dorms,Cafeteria,Library,Dorms,Cafeteria,Math_Building"
U0677_1,"Dorms,CS_Building,Cafeteria,CS_Building,Library,Dorms,Cafeteria,Gym,Dorms,Library,Cafeteria,CS_Building,Student_Center"
U0677_10,"Dorms,Cafeteria,Library,Dorms"
U0677_11,"Dorms,Cafeteria,CS_Building,Cafeteria,Library,Gym,Dorms,Cafeteria,Student_Center,Dorms,Math_Building"
U0677_2,"Dorms,CS_Building,Library,Gym,Dorms,Math_Building"
U0677_3,"Dorms,Cafeteria,CS_Building,Library,Gym,Dorms"
U0677_4,"CS_Building,Student_Center,Gym,Dorms,Cafeteria,Student_Center,Gym,Dorms"
U0677_5,"Dorms,Cafeteria,Math_Building"
U0677_6,"Math_Building,Library,Dorms,Cafeteria,Library,Dorms"
U0677_7,"Math_Building,Cafeteria,Math_Building"
U0677_8,"Dorms,CS_Building,Library,Student_Center,Dorms"
U0677_9,"Math_Building,Student_Center,Dorms,Cafeteria,Library,Dorms,Cafeteria,CS_Building"
U0678_1,"CS_Building,Library,Dorms"
U0678_10,"Dorms,Cafeteria,CS_Building"
U0678_11,"Dorms,CS_Building,Cafeteria,CS_Building,Library,Cafeteria,Dorms,Cafeteria,CS_Building,Student_Center,Library,Gym"
U0678_12,"Dorms,Cafeteria,CS_Building,Student_Center,Dorms"
U0678_2,"Dorms,Cafeteria,CS_Building"
U0678_3,"Dorms,Math_Building,Library,Cafeteria"
U0678_4,"Dorms,CS_Building,Student_Center,Gym"
U0678_5,"Dorms,Cafeteria,Math_Building,Dorms"
U0678_6,"Dorms,CS_Building,Student_Center,Library,Cafeteria"
U0678_7,"Dorms,Cafeteria,CS_Building,Cafeteria"
U0678_8,"Dorms,Cafeteria,CS_Building,Student_Center,Library,Dorms,Cafeteria"
U0678_9,"Dorms,Math_Building,Cafeteria,Math_Building,Library,Gym,Dorms,Math_Building"
U0679_1,"Dorms,Math_Building,Dorms,Math_Building,Cafeteria,CS_Building,Library,Gym,Dorms,CS_Building,Cafeteria,Student_Center,Library,Cafeteria,CS_Building,Cafeteria,Library,Cafeteria,CS_Building,Dorms,Cafeteria,CS_Building,Library"
U0679_10,"Dorms,Cafeteria,Library,Student_Center,Gym,Dorms,CS_Building,Cafeteria"
U0679_2,"Gym,Cafeteria,Math_Building,Student_Center"
U0679_3,"Gym,Dorms,Cafeteria,CS_Building,Student_Center,Dorms,Library"
U0679_4,"Gym,Cafeteria,Library"
U0679_5,"Dorms,Library,Dorms,CS_Building,Library,Dorms,Cafeteria"
U0679_6,"Dorms,Cafeteria,CS_Building,Cafeteria,Library,Dorms,Math_Building,Student_Center,Dorms,Cafeteria,Library"
U0679_7,"Gym,Dorms,Cafeteria,CS_Building,Cafeteria"
U0679_8,"Dorms,CS_Building,Library,Dorms,Library,Student_Center"
U0679_9,"Gym,Dorms,Cafeteria,Library"
U0680_1,"Dorms,Cafeteria,CS_Building"
U0680_2,"Dorms,Cafeteria,Math_Building,Library,Dorms,CS_Building,Cafeteria"
U0680_3,"Dorms,Math_Building,Library,Cafeteria"
U0680_4,"Dorms,Math_Building,Student_Center,Library,Gym"
U0680_5,"Dorms,Cafeteria,CS_Building"
U0680_6,"Student_Center,Dorms,Library,Dorms,CS_Building,Student_Center"
U0680_7,"Math_Building,Dorms,Library,Gym,Dorms,Math_Building,Library,Dorms"
U0680_8,"CS_Building,Library,Student_Center,Gym,Cafeteria"
U0680_9,"Dorms,Cafeteria,Student_Center,Dorms,CS_Building,Student_Center,Dorms,Math_Building,Dorms,CS_Building,Library,Dorms,Cafeteria,Math_Building"
U0681_1,"Cafeteria,Library,Dorms,Math_Building"
U0681_10,"Dorms,CS_Building,Library,Gym,Dorms"
U0681_11,"Dorms,Cafeteria,Math_Building,Student_Center,Library"
U0681_12,"Dorms,Math_Building,Student_Center,Gym,Dorms"
U0681_13,"Dorms,CS_Building,Student_Center,Dorms,Cafeteria,Math_Building,Library"
U0681_14,"Dorms,Cafeteria,Math_Building"
U0681_15,"Dorms,Library,Gym,Dorms,CS_Building"
U0681_16,"Dorms,Math_Building,Library,Cafeteria,Library,Dorms,CS_Building,Cafeteria"
U0681_2,"Dorms,Cafeteria,Math_Building,Dorms,CS_Building,Library,Gym"
U0681_3,"Dorms,Math_Building,Cafeteria,Library,Cafeteria,Student_Center,Library"
U0681_4,"Dorms,CS_Building,Library,Cafeteria,CS_Building,Student_Center"
U0681_5,"Math_Building,Student_Center,Library,Dorms"
U0681_6,"Math_Building,Student_Center,Gym,Dorms,Cafeteria,Math_Building,Cafeteria,CS_Building"
U0681_7,"CS_Building,Student_Center,Dorms,Cafeteria,Math_Building,Library,Dorms"
U0681_8,"Dorms,CS_Building,Cafeteria,Student_Center,Gym,Dorms"
U0681_9,"Math_Building,Student_Center,Gym,Dorms"
U0682_1,"CS_Building,Library,Gym"
U0682_10,"Dorms,Cafeteria,Math_Building,Library,Cafeteria,CS_Building,Library,Cafeteria,Math_Building,Library"
U0682_2,"Dorms,CS_Building,Student_Center,Dorms,CS_Building,Student_Center,Gym"
U0682_3,"Dorms,Cafeteria,Math_Building,Cafeteria,Math_Building,Library"
U0682_4,"Dorms,Cafeteria,Library,Gym,Dorms,CS_Building"
U0682_5,"Dorms,Cafeteria,Math_Building,Cafeteria,Math_Building,Dorms,CS_Building,Library"
U0682_6,"Gym,Dorms,Math_Building,Student_Center,Gym,Dorms,Cafeteria,CS_Building"
U0682_7,"Math_Building,Cafeteria,Student_Center,Library"
U0682_8,"Dorms,Cafeteria,Library,Gym,Dorms"
U0682_9,"Dorms,Math_Building,Library,Dorms,CS_Building,Library,Dorms"
U0683_1,"Dorms,Math_Building,Library,Student_Center,Library,Cafeteria"
U0683_10,"Gym,Dorms,Library,Student_Center,Dorms,Cafeteria,Math_Building"
U0683_11,"Dorms,Cafeteria,CS_Building,Cafeteria,CS_Building,Student_Center,Library,Student_Center"
U0683_2,"Cafeteria,Student_Center,Library,Dorms"
U0683_3,"Dorms,Cafeteria,CS_Building,Library,Dorms,Math_Building,Student_Center,Library"
U0683_4,"Dorms,Cafeteria,CS_Building,Library,Cafeteria"
U0683_5,"Dorms,Cafeteria,CS_Building,Cafeteria"
U0683_6,"Dorms,Math_Building,Dorms,Math_Building,Library,Cafeteria,Dorms,Cafeteria,CS_Building,Student_Center,Gym,Dorms"
U0683_7,"Dorms,Cafeteria,Math_Building,Library"
U0683_8,"Dorms,Library,Cafeteria,Student_Center,Library,Dorms"
U0683_9,"Math_Building,Cafeteria,CS_Building,Library,Dorms,CS_Building,Student_Center"
U0684_1,"Dorms,Cafeteria,CS_Building,Student_Center"
U0684_10,"Math_Building,Cafeteria,CS_Building,Student_Center,Library,Cafeteria,Math_Building,Student_Center"
U0684_11,"Dorms,Cafeteria,Math_Building,Cafeteria,Math_Building,Student_Center,Gym"
U0684_12,"Dorms,Library,Cafeteria,Math_Building,Library,Dorms,CS_Building"
U0684_13,"Gym,Dorms,Math_Building,Cafeteria,Library,Student_Center"
U0684_2,"Library,Dorms,CS_Building,Cafeteria,CS_Building,Cafeteria,Math_Building,Dorms,Library,Dorms,Cafeteria,CS_Building,Library"
U0684_3,"Dorms,Math_Building,Library,Cafeteria,Math_Building"
U0684_4,"Dorms,CS_Building,Library,Dorms,Cafeteria,Student_Center"
U0684_5,"Dorms,Cafeteria,Math_Building,Dorms,Cafeteria,Math_Building"
U0684_6,"Dorms,Cafeteria,Student_Center"
U0684_7,"Dorms,Math_Building,Student_Center,Dorms,Cafeteria"
U0684_8,"Dorms,Cafeteria,CS_Building,Library,Cafeteria,CS_Building"
U0684_9,"Dorms,Cafeteria,Library,Dorms,Cafeteria,Math_Building,Cafeteria,Library"
U0685_1,"Dorms,Cafeteria,CS_Building"
U0685_10,"Dorms,CS_Building,Student_Center,Dorms"
U0685_11,"Dorms,Cafeteria,Math_Building,Student_Center,Dorms,CS_Building,Cafeteria"
U0685_12,"CS_Building,Cafeteria,CS_Building,Student_Center,Library"
U0685_13,"Dorms,CS_Building,Cafeteria,Library,Student_Center,Gym,Cafeteria"
U0685_2,"Library,Dorms,Math_Building,Library,Gym"
U0685_3,"Dorms,Cafeteria,CS_Building"
U0685_4,"Dorms,Cafeteria,CS_Building,Cafeteria,Math_Building"
U0685_5,"Dorms,Cafeteria,Math_Building,Cafeteria,Library,Cafeteria"
U0685_6,"Dorms,CS_Building,Library,Dorms,Cafeteria,Math_Building,Cafeteria"
U0685_7,"Dorms,Math_Building,Student_Center,Gym,Dorms,Cafeteria"
U0685_8,"Dorms,Math_Building,Student_Center,Dorms,Math_Building,Dorms"
U0685_9,"Dorms,Math_Building,Library"
U0686_1,"Dorms,Cafeteria,CS_Building,Library,Cafeteria,Library,Dorms,Dorms,Math_Building,Student_Center,Dorms"
U0686_2,"Dorms,Cafeteria,CS_Building,Cafeteria,Library"
U0686_3,"Dorms,Cafeteria,Math_Building,Dorms,Cafeteria,Math_Building,Dorms,Student_Center,Gym,Dorms,CS_Building,Library,Dorms,Cafeteria,Library"
U0686_4,"Dorms,CS_Building,Cafeteria,Library,Dorms"
U0686_5,"Dorms,Math_Building,Library,Dorms,Math_Building,Student_Center,Gym"
U0686_6,"Dorms,Cafeteria,CS_Building,Library,Dorms,Cafeteria,Math_Building"
U0686_7,"Dorms,Cafeteria,Math_Building"
U0686_8,"Dorms,Math_Building,Dorms,Cafeteria"
U0686_9,"Gym,Dorms,Cafeteria"
U0687_1,"Dorms,Math_Building,Student_Center,Gym,Cafeteria,CS_Building"
U0687_10,"CS_Building,Library,Cafeteria"
U0687_11,"Dorms,Math_Building,Library"
U0687_12,"Dorms,Math_Building,Student_Center,Dorms,Cafeteria"
U0687_13,"Dorms,Cafeteria,Math_Building,Student_Center,Dorms"
U0687_14,"Dorms,Cafeteria,Math_Building,Cafeteria,Math_Building,Student_Center,Gym"
U0687_15,"Math_Building,Student_Center,Gym,Dorms,Cafeteria,Math_Building,Dorms,Cafeteria"
U0687_2,"Dorms,CS_Building,Cafeteria,Math_Building,Cafeteria,Math_Building,Student_Center"
U0687_3,"Dorms,Cafeteria,CS_Building,Student_Center,Dorms,CS_Building"
U0687_4,"Dorms,Cafeteria,CS_Building,Library,Dorms,Math_Building,Cafeteria,CS_Building,Dorms,Library,Dorms,Cafeteria"
U0687_5,"Math_Building,Library,Gym,Dorms,Math_Building,Library,Student_Center,Gym"
U0687_6,"Dorms,Math_Building,Dorms,Cafeteria,Student_Center,Dorms"
U0687_7,"Library,Cafeteria,Library"
U0687_8,"Dorms,Math_Building,Student_Center,Gym,Dorms"
U0687_9,"Cafeteria,CS_Building,Dorms,CS_Building,Library,Dorms,Cafeteria"
U0688_1,"Dorms,Cafeteria,CS_Building"
U0688_10,"Dorms,Cafeteria,Math_Building"
U0688_11,"Dorms,Cafeteria,Library,Dorms,Cafeteria,Library"
U0688_2,"Gym,Cafeteria,CS_Building,Library,Dorms,Cafeteria,CS_Building,Library"
U0688_3,"Dorms,CS_Building,Library,Cafeteria,CS_Building,Library"
U0688_4,"Dorms,Math_Building,Student_Center,Gym,Dorms"
U0688_5,"Dorms,Cafeteria,CS_Building,Library,Dorms,Math_Building,Student_Center,Dorms,Cafeteria,Math_Building"
U0688_6,"Dorms,Math_Building,Cafeteria"
U0688_7,"Dorms,Cafeteria,Library,Dorms"
U0688_8,"Dorms,Cafeteria,CS_Building,Library,Dorms,CS_Building"
U0688_9,"Dorms,Cafeteria,Math_Building,Library,Dorms,Cafeteria,Library"
U0689_1,"Dorms,Library,Dorms"
U0689_10,"Gym,Cafeteria,Student_Center,Dorms"
U0689_11,"Dorms,Cafeteria,Library"
U0689_12,"Dorms,CS_Building,Library"
U0689_2,"Dorms,Cafeteria,CS_Building,Cafeteria,CS_Building,Student_Center,Dorms,Library,Dorms,Math_Building,Cafeteria,CS_Building"
U0689_3,"Dorms,CS_Building,Student_Center,Dorms,CS_Building,Library,Cafeteria,Library"
U0689_4,"Dorms,CS_Building,Library"
U0689_5,"Dorms,Cafeteria,Math_Building,Student_Center,Dorms,Library"
U0689_6,"Dorms,Math_Building,Library,Dorms"
U0689_7,"Gym,Dorms,Cafeteria,Library,Dorms,Cafeteria,Math_Building,Student_Center"
U0689_8,"Student_Center,Library,Dorms"
U0689_9,"Library,Gym,Dorms,CS_Building,Cafeteria"
U0690_1,"Dorms,Math_Building,Library,Dorms,CS_Building,Library,Student_Center,Dorms"
U0690_10,"Dorms,Math_Building,Dorms,Cafeteria,Dorms,Math_Building,Library,Cafeteria,Library"
U0690_11,"Dorms,Cafeteria,Library,Student_Center,Dorms,Cafeteria,Library,Gym"
U0690_12,"Dorms,Cafeteria,Math_Building,Student_Center,Dorms,Math_Building,Student_Center,Library"
U0690_13,"Dorms,Cafeteria,Math_Building,Student_Center,Dorms,Cafeteria,Math_Building,Library"
U0690_2,"Dorms,CS_Building,Library,Gym,Dorms,Math_Building,Cafeteria,Library"
U0690_3,"Dorms,Cafeteria,CS_Building"
U0690_4,"Dorms,Math_Building,Student_Center,Dorms"
U0690_5,"Gym,Dorms,Math_Building,Dorms,Math_Building,Cafeteria,CS_Building,Cafeteria"
U0690_6,"CS_Building,Cafeteria,Math_Building,Student_Center,Dorms,Library,Dorms"
U0690_7,"Dorms,Cafeteria,CS_Building,Cafeteria,CS_Building,Library,Cafeteria"
U0690_8,"Dorms,CS_Building,Library,Dorms,Library,Cafeteria,Math_Building,Student_Center"
U0690_9,"Gym,Dorms,Cafeteria,Library,Cafeteria,Math_Building,Student_Center,Gym"
U0691_1,"Dorms,Library,Cafeteria,CS_Building,Library"
U0691_2,"Dorms,Cafeteria,CS_Building,Cafeteria,Library,Student_Center,Gym,Dorms"
U0691_3,"Dorms,Cafeteria,Library,Dorms,Math_Building"
U0691_4,"Dorms,Cafeteria,Math_Building,Dorms,Cafeteria"
U0691_5,"CS_Building,Library,Cafeteria"
U0691_6,"Dorms,Math_Building,Cafeteria,Math_Building,Cafeteria,CS_Building"
U0691_7,"Dorms,CS_Building,Student_Center,Dorms,Cafeteria,Student_Center,Gym,Dorms,Cafeteria,Math_Building,Library"
U0691_8,"Dorms,Library,Dorms,CS_Building"
U0691_9,"Dorms,Math_Building,Student_Center,Dorms,Cafeteria,Library,Student_Center,Library"
U0692_1,"Dorms,CS_Building,Library,Cafeteria,Student_Center"
U0692_10,"Cafeteria,CS_Building,Student_Center,Dorms,Math_Building,Dorms,CS_Building,Cafeteria,CS_Building,Student_Center,Gym,Library,Cafeteria,Math_Building,Dorms,CS_Building"
U0692_2,"Dorms,Math_Building,Student_Center,Gym,Dorms,Cafeteria,Math_Building,Library"
U0692_3,"Dorms,CS_Building,Library"
U0692_4,"Dorms,Cafeteria,CS_Building,Cafeteria,Math_Building,Student_Center,Gym"
U0692_5,"Gym,Dorms,Math_Building,Dorms,Math_Building,Cafeteria,Library,Gym"
U0692_6,"Dorms,Cafeteria,CS_Building,Library"
U0692_7,"Dorms,Library,Dorms"
U0692_8,"Gym,Dorms,Math_Building,Student_Center,Gym,Dorms,Library"
U0692_9,"Library,Dorms,Cafeteria,Library,Dorms,Math_Building,Student_Center"
U0693_1,"CS_Building,Dorms,Library,Gym,Dorms"
U0693_10,"Dorms,CS_Building,Library,Library,Gym,Dorms,Cafeteria,Library"
U0693_11,"Dorms,Math_Building,Student_Center,Dorms,Cafeteria"
U0693_12,"Student_Center,Dorms,CS_Building,Library,Dorms,CS_Building,Cafeteria,Math_Building"
U0693_13,"Dorms,Library,Student_Center,Gym,Dorms,Cafeteria"
U0693_2,"Dorms,Cafeteria,CS_Building,Library,Cafeteria"
U0693_3,"Dorms,Cafeteria,CS_Building"
U0693_4,"Dorms,Cafeteria,Library,Gym"
U0693_5,"Dorms,Math_Building,Library,Gym,Dorms,CS_Building,Cafeteria,CS_Building"
U0693_6,"Dorms,Cafeteria,Library,Cafeteria,CS_Building,Student_Center,Gym"
U0693_7,"Dorms,Math_Building,Library,Cafeteria,CS_Building"
U0693_8,"Library,Gym,Dorms,Cafeteria,CS_Building,Library,Gym,Dorms"
U0693_9,"Dorms,Math_Building,Dorms"
U0694_1,"CS_Building,Student_Center,Library,Dorms,CS_Building,Dorms,Cafeteria,CS_Building,Dorms,Cafeteria,Library,Dorms,Cafeteria,Library,Cafeteria"
U0694_10,"Cafeteria,Math_Building,Library,Dorms,Cafeteria"
U0694_11,"Student_Center,Gym,Dorms"
U0694_12,"Dorms,Library,Dorms"
U0694_13,"Dorms,Math_Building,Cafeteria,CS_Building,Library,Student_Center,Dorms"
U0694_14,"Dorms,Cafeteria,Math_Building,Library,Cafeteria,Library,Gym,Dorms"
U0694_2,"Dorms,Cafeteria,Math_Building"
U0694_3,"Dorms,Math_Building,Cafeteria,Library,Dorms,Math_Building,Student_Center,Student_Center,Dorms,Math_Building,Cafeteria"
U0694_4,"Dorms,Math_Building,Library,Cafeteria,Library,Cafeteria,CS_Building,Library"
U0694_5,"Dorms,Cafeteria,Library,Student_Center,Dorms,CS_Building,Library"
U0694_6,"Dorms,CS_Building,Library,Dorms,Math_Building,Library"
U0694_7,"Dorms,Math_Building,Cafeteria,CS_Building,Library"
U0694_8,"Dorms,Cafeteria,Student_Center,Dorms,Cafeteria,Library,Cafeteria,Math_Building"
U0694_9,"Dorms,Cafeteria,Library,Cafeteria,Math_Building,Student_Center"
U0695_1,"Library,Cafeteria,CS_Building,Student_Center,Gym,Dorms,Math_Building"
U0695_10,"Dorms,Math_Building,Cafeteria,Math_Building,Dorms,CS_Building,Student_Center"
U0695_11,"Library,Cafeteria,Library,Student_Center,Dorms"
U0695_12,"Dorms,Cafeteria,Library,Dorms,CS_Building"
U0695_13,"Library,Gym,Dorms,CS_Building"
U0695_2,"Dorms,CS_Building,Library,Dorms,Cafeteria,Math_Building,Student_Center,Dorms"
U0695_3,"Dorms,Cafeteria,Library,Dorms,CS_Building,Student_Center,Dorms"
U0695_4,"Library,Student_Center,Library,Dorms"
U0695_5,"Dorms,CS_Building,Student_Center,Gym,Dorms,Cafeteria"
U0695_6,"Dorms,Library,Gym,Dorms,Cafeteria,CS_Building,Cafeteria,Math_Building,Dorms,Cafeteria,Student_Center,Dorms,Cafeteria"
U0695_7,"Dorms,Cafeteria,Student_Center"
U0695_8,"Dorms,Cafeteria,Student_Center,Gym,Dorms,Cafeteria,Library"
U0695_9,"Dorms,Cafeteria,CS_Building,Student_Center,Library,Gym,Dorms"
U0696_1,"Dorms,CS_Building,Library,Gym"
U0696_10,"Dorms,Math_Building,Library,Cafeteria,Library,Gym,Dorms,Cafeteria"
U0696_11,"Dorms,Cafeteria,CS_Building"
U0696_12,"Library,Cafeteria,Math_Building,Dorms,Library,Dorms,Cafeteria,Library"
U0696_2,"Gym,Dorms,Cafeteria,CS_Building"
U0696_3,"CS_Building,Cafeteria,Math_Building,Dorms"
U0696_4,"Dorms,CS_Building,Student_Center,Cafeteria,Math_Building,Student_Center,Dorms,Cafeteria,Math_Building,Library"
U0696_5,"Dorms,Library,Student_Center,Dorms,Math_Building"
U0696_6,"Dorms,Cafeteria,CS_Building,Library,Cafeteria,Library,Dorms,CS_Building"
U0696_7,"Dorms,Cafeteria,CS_Building,Library,Gym,Cafeteria"
U0696_8,"Dorms,Cafeteria,Library,Dorms,CS_Building"
U0696_9,"Dorms,CS_Building,Library,Student_Center,Dorms,Cafeteria,CS_Building,Dorms"
U0697_1,"Math_Building,Student_Center,Dorms,Cafeteria,Math_Building,Cafeteria,CS_Building,Cafeteria"
U0697_10,"Dorms,Math_Building,Library,Dorms,Math_Building,Library,Cafeteria,Math_Building"
U0697_11,"Dorms,Cafeteria,CS_Building,Cafeteria,CS_Building,Student_Center"
U0697_12,"Dorms,Cafeteria,Math_Building,Student_Center,Dorms,Cafeteria"
U0697_13,"Dorms,Cafeteria,CS_Building,Dorms,Library,Gym,Cafeteria"
U0697_2,"Dorms,Cafeteria,Library,Cafeteria,Math_Building,Cafeteria,CS_Building"
U0697_3,"Dorms,CS_Building,Cafeteria,CS_Building,Library,Gym,Dorms"
U0697_4,"Dorms,Cafeteria,CS_Building,Student_Center,Library,Cafeteria,Math_Building"
U0697_5,"CS_Building,Student_Center,Gym,Dorms,Cafeteria,CS_Building"
U0697_6,"Gym,Cafeteria,CS_Building,Cafeteria,CS_Building,Library,Student_Center,Dorms"
U0697_7,"Student_Center,Dorms,Cafeteria"
U0697_8,"Dorms,Library,Dorms,Cafeteria,Library"
U0697_9,"Dorms,CS_Building,Student_Center"
U0698_1,"Dorms,CS_Building,Library"
U0698_2,"Dorms,Cafeteria,Math_Building,Library,Dorms,Cafeteria,CS_Building"
U0698_3,"Dorms,Cafeteria,Math_Building,Student_Center,Dorms"
U0698_4,"Dorms,Cafeteria,CS_Building,Cafeteria,CS_Building"
U0698_5,"CS_Building,Library,Gym,Cafeteria,Library,Dorms,Dorms,CS_Building,Library,Gym,Dorms,Math_Building,Student_Center,Library"
U0698_6,"Dorms,CS_Building,Student_Center"
U0698_7,"Library,Gym,Dorms,CS_Building,Library"
U0699_1,"Dorms,Cafeteria,CS_Building"
U0699_10,"Dorms,Cafeteria,CS_Building,Library,Gym,Dorms"
U0699_11,"Dorms,Cafeteria,Student_Center,Gym,Dorms,Cafeteria"
U0699_12,"Library,Dorms,Math_Building,Dorms,Cafeteria,Student_Center,Gym,Dorms"
U0699_13,"Library,Dorms,CS_Building,Student_Center,Dorms,Cafeteria"
U0699_2,"Dorms,CS_Building,Dorms,Cafeteria,Student_Center,Dorms,CS_Building,Dorms"
U0699_3,"Dorms,Cafeteria,Math_Building,Dorms,Library,Dorms,Math_Building"
U0699_4,"Dorms,Cafeteria,Math_Building,Dorms,Cafeteria,Math_Building,Cafeteria,CS_Building,Dorms,Cafeteria,Math_Building,Cafeteria,Math_Building"
U0699_5,"Library,Dorms,Cafeteria,Math_Building,Library,Gym,Dorms"
U0699_6,"Dorms,Math_Building,Library"
U0699_7,"Library,Gym,Dorms,Cafeteria,CS_Building,Dorms,Math_Building,Student_Center"
U0699_8,"Student_Center,Library,Dorms,Dorms,Cafeteria,Library,Gym,Dorms,Cafeteria,CS_Building"
U0699_9,"Gym,Dorms,Cafeteria,Math_Building,Library,Cafeteria,Math_Building,Student_Center"
U0700_1,"CS_Building,Dorms,Cafeteria"
U0700_10,"Dorms,Cafeteria,CS_Building,Library,Student_Center,Gym,Cafeteria,Math_Building"
U0700_11,"Gym,Cafeteria,Library,Cafeteria,Math_Building,Student_Center,Library"
U0700_12,"Dorms,Math_Building,Dorms,Math_Building,Dorms,Cafeteria,Math_Building,Student_Center,Gym,Cafeteria,Student_Center,Library,Gym,Dorms,Cafeteria,Library"
U0700_13,"Cafeteria,CS_Building,Library,Dorms,Cafeteria,CS_Building,Dorms,Math_Building"
U0700_14,"Dorms,Math_Building,Library,Gym,Dorms"
U0700_15,"Cafeteria,Math_Building,Library,Gym,Dorms,Math_Building,Library"
U0700_2,"Dorms,Math_Building,Library,Student_Center,Library"
U0700_3,"Dorms,Math_Building,Cafeteria,CS_Building"
U0700_4,"Dorms,Cafeteria,Library"
U0700_5,"Dorms,Cafeteria,CS_Building,Library,Gym"
U0700_6,"Library,Cafeteria,Math_Building,Library,Cafeteria,CS_Building,Dorms"
U0700_7,"Math_Building,Student_Center,Library,Dorms,Cafeteria,CS_Building,Library,Cafeteria"
U0700_8,"Dorms,Cafeteria,Math_Building,Library"
U0700_9,"Dorms,Math_Building,Library,Cafeteria"
U0701_1,"Student_Center,Dorms,Math_Building,Dorms,Cafeteria,Library,Cafeteria,Library"
U0701_2,"Dorms,Cafeteria,CS_Building,Dorms,Cafeteria,Math_Building,Student_Center,Library"
U0701_3,"Dorms,Cafeteria,Library,Cafeteria,Library,Dorms,Student_Center,Dorms,Cafeteria,Math_Building,Library"
U0701_4,"Dorms,Cafeteria,CS_Building,Library,Student_Center,Library,Gym,Dorms"
U0701_5,"Dorms,CS_Building,Cafeteria,Dorms,CS_Building,Library,Student_Center,Library"
U0701_6,"Dorms,Cafeteria,CS_Building,Student_Center,Gym,Dorms"
U0701_7,"Gym,Dorms,Cafeteria,Math_Building,Student_Center,Dorms,Cafeteria"
U0701_8,"Dorms,Math_Building,Library,Dorms"
U0702_1,"Dorms,Cafeteria,Library"
U0702_10,"Dorms,CS_Building,Library,Dorms,Math_Building,Dorms,Math_Building,Student_Center"
U0702_11,"Gym,Dorms,CS_Building,Cafeteria,CS_Building,Student_Center,Library,Gym"
U0702_12,"Student_Center,Dorms,Cafeteria,Student_Center,Dorms,Cafeteria,CS_Building,Cafeteria,CS_Building,Student_Center"
U0702_2,"Dorms,Math_Building,Student_Center,Gym,Dorms,CS_Building"
U0702_3,"Library,Cafeteria,Library,Gym,Cafeteria,CS_Building,Cafeteria"
U0702_4,"Gym,Dorms,Cafeteria,Math_Building,Student_Center"
U0702_5,"Dorms,Cafeteria,CS_Building,Library"
U0702_6,"Math_Building,Library,Cafeteria,Math_Building,Cafeteria,CS_Building"
U0702_7,"Dorms,Math_Building,Cafeteria,Library,Dorms,Cafeteria,Library"
U0702_8,"Cafeteria,Library,Dorms,Cafeteria,CS_Building,Student_Center"
U0702_9,"Dorms,Cafeteria,Math_Building,Student_Center,Gym,Dorms,Cafeteria,Dorms,Cafeteria,Student_Center,Dorms,Cafeteria,Math_Building,Cafeteria,Student_Center"
U0703_1,"Dorms,CS_Building,Library,Dorms,Math_Building,Cafeteria"
U0703_2,"Cafeteria,CS_Building,Library,Dorms,CS_Building"
U0703_3,"Dorms,Math_Building,Student_Center,Library,Dorms,Cafeteria,Library"
U0703_4,"Dorms,CS_Building,Student_Center,Dorms,Cafeteria,CS_Building,Cafeteria,Dorms,Math_Building,Student_Center,Dorms,Math_Building,Dorms,Cafeteria,CS_Building,Cafeteria,Student_Center"
U0703_5,"Dorms,Cafeteria,Math_Building,Cafeteria,Math_Building"
U0703_6,"Dorms,Cafeteria,Math_Building,Dorms,CS_Building,Student_Center,Dorms"
U0703_7,"Dorms,Cafeteria,CS_Building"
U0703_8,"Dorms,CS_Building,Student_Center,Gym,Dorms,Cafeteria,Math_Building"
U0703_9,"Dorms,CS_Building,Cafeteria,CS_Building,Student_Center,Library"
U0704_1,"Library,Gym,Dorms,CS_Building,Library,Cafeteria,CS_Building,Student_Center"
U0704_10,"Dorms,Cafeteria,CS_Building,Library,Dorms"
U0704_11,"Library,Cafeteria,Math_Building,Library"
U0704_12,"Dorms,CS_Building,Dorms,Math_Building,Library,Dorms,CS_Building"
U0704_13,"Dorms,CS_Building,Library"
U0704_2,"Dorms,Cafeteria,Student_Center,Gym"
U0704_3,"Dorms,Cafeteria,CS_Building,Library"
U0704_4,"Gym,Dorms,CS_Building,Student_Center,Library,Dorms"
U0704_5,"Cafeteria,Math_Building,Dorms,Math_Building,Student_Center,Dorms,Cafeteria,CS_Building"
U0704_6,"Cafeteria,CS_Building,Cafeteria"
U0704_7,"Dorms,Cafeteria,CS_Building,Dorms,CS_Building,Cafeteria,Math_Building,Library,Cafeteria,CS_Building"
U0704_8,"Dorms,Math_Building,Library,Cafeteria"
U0704_9,"Dorms,Cafeteria,Student_Center,Gym"
U0705_1,"Dorms,CS_Building,Dorms,Math_Building,Student_Center,Gym,Dorms,Cafeteria"
U0705_10,"Math_Building,Cafeteria,Student_Center"
U0705_11,"Dorms,Cafeteria,CS_Building,Library,Dorms"
U0705_2,"CS_Building,Student_Center,Library,Dorms,Math_Building"
U0705_3,"Dorms,CS_Building,Library,Cafeteria,CS_Building,Student_Center,Gym,Dorms"
U0705_4,"Dorms,Cafeteria,Math_Building,Student_Center,Dorms,Math_Building,Library,Dorms,Cafeteria,Math_Building,Dorms,Cafeteria"
U0705_5,"Dorms,Cafeteria,Student_Center"
U0705_6,"Dorms,Math_Building,Library,Dorms,CS_Building,Student_Center,Library,Dorms"
U0705_7,"Dorms,Cafeteria,Math_Building,Student_Center,Dorms,Math_Building,Dorms"
U0705_8,"Dorms,Cafeteria,Math_Building,Student_Center,Dorms,Math_Building,Dorms,Cafeteria,Library"
U0705_9,"Dorms,CS_Building,Library,Cafeteria,Math_Building,Student_Center,Library,Gym"
U0706_1,"Library,Cafeteria,Library,Student_Center,Dorms"
U0706_10,"Dorms,CS_Building,Student_Center,Dorms,Cafeteria,CS_Building"
U0706_11,"Dorms,Cafeteria,Math_Building,Dorms,CS_Building"
U0706_12,"Dorms,CS_Building,Library,Gym"
U0706_13,"Gym,Cafeteria,Math_Building,Dorms,Cafeteria"
U0706_14,"Dorms,Cafeteria,CS_Building,Cafeteria,CS_Building,Student_Center,Library,Dorms"
U0706_2,"Cafeteria,Math_Building,Student_Center,Gym,Dorms,Cafeteria,Math_Building,Student_Center"
U0706_3,"Dorms,Cafeteria,Student_Center,Dorms"
U0706_4,"Cafeteria,CS_Building,Cafeteria"
U0706_5,"Dorms,Math_Building,Library,Cafeteria,CS_Building,Student_Center"
U0706_6,"Dorms,Cafeteria,CS_Building"
U0706_7,"Dorms,Cafeteria,Math_Building,Library,Gym,Cafeteria,Math_Building"
U0706_8,"Dorms,Cafeteria,CS_Building,Student_Center"
U0706_9,"Dorms,Math_Building,Dorms"
U0707_1,"Dorms,Cafeteria,CS_Building,Library,Cafeteria,Dorms,Library,Dorms"
U0707_10,"Dorms,Cafeteria,CS_Building"
U0707_11,"CS_Building,Student_Center,Gym,Cafeteria,CS_Building,Library"
U0707_12,"CS_Building,Library,Student_Center,Gym,Dorms,Cafeteria,Math_Building"
U0707_13,"Dorms,CS_Building,Cafeteria"
U0707_14,"Dorms,Math_Building,Library"
U0707_2,"Dorms,Math_Building,Dorms,Library,Gym,Dorms"
U0707_3,"Dorms,CS_Building,Library,Cafeteria,Student_Center,Library"
U0707_4,"Dorms,CS_Building,Student_Center,Library,Student_Center,Gym,Dorms,Dorms,CS_Building,Student_Center,Gym,Dorms"
U0707_5,"Dorms,Math_Building,Cafeteria,CS_Building,Cafeteria,CS_Building,Dorms,Math_Building"
U0707_6,"Dorms,Math_Building,Student_Center,Gym"
U0707_7,"Dorms,Cafeteria,CS_Building,Student_Center,Library"
U0707_8,"Dorms,CS_Building,Student_Center,Gym,Dorms,Cafeteria"
U0707_9,"Dorms,CS_Building,Cafeteria,Math_Building,Student_Center,Library"
U0708_1,"Dorms,Library,Cafeteria,Math_Building"
U0708_10,"Dorms,CS_Building,Library,Cafeteria,Dorms,Cafeteria,CS_Building,Student_Center,Library,Dorms,Math_Building"
U0708_11,"Cafeteria,Math_Building,Student_Center,Gym,Dorms,Cafeteria,CS_Building,Gym,Dorms,Cafeteria,Math_Building"
U0708_12,"Dorms,Cafeteria,Library,Cafeteria"
U0708_13,"Dorms,Cafeteria,CS_Building,Student_Center,Gym,Dorms,Cafeteria,Library,Dorms,Math_Building,Cafeteria,Student_Center"
U0708_14,"CS_Building,Library,Cafeteria,Math_Building,Cafeteria,CS_Building"
U0708_2,"Dorms,Cafeteria,CS_Building,Library,Gym,Dorms"
U0708_3,"Gym,Cafeteria,Student_Center,Library,Cafeteria,CS_Building,Cafeteria"
U0708_4,"Dorms,Cafeteria,Library,Cafeteria"
U0708_5,"Dorms,CS_Building,Library,Dorms,Cafeteria"
U0708_6,"Dorms,CS_Building,Library,Gym,Dorms"
U0708_7,"Dorms,Cafeteria,Library,Dorms"
U0708_8,"Math_Building,Student_Center,Dorms,Cafeteria,CS_Building"
U0708_9,"Dorms,Math_Building,Library,Gym,Dorms,Math_Building,Cafeteria,Dorms,CS_Building,Student_Center,Library,Dorms,Math_Building,Library,Dorms"
U0709_1,"Dorms,CS_Building,Student_Center,Dorms,Library,Cafeteria,Student_Center,Dorms"
U0709_10,"Dorms,CS_Building,Cafeteria,Library,Gym,Dorms"
U0709_11,"Cafeteria,CS_Building,Cafeteria,CS_Building"
U0709_12,"Dorms,CS_Building,Student_Center,Gym"
U0709_13,"Cafeteria,CS_Building,Library,Dorms,CS_Building,Library"
U0709_14,"Dorms,Math_Building,Student_Center,Library,Dorms,Cafeteria,Student_Center"
U0709_2,"Math_Building,Student_Center,Library,Cafeteria,CS_Building,Dorms"
U0709_3,"Dorms,Cafeteria,Math_Building,Library,Dorms,Cafeteria,CS_Building,Student_Center"
U0709_4,"Dorms,Cafeteria,Student_Center,Gym,Dorms"
U0709_5,"Library,Dorms,Math_Building,Dorms,CS_Building,Student_Center,Gym"
U0709_6,"Dorms,Math_Building,Library,Dorms,CS_Building"
U0709_7,"Dorms,Cafeteria,Library"
U0709_8,"Dorms,Cafeteria,Math_Building,Dorms"
U0709_9,"Dorms,CS_Building,Library,Dorms,Library,Cafeteria,Student_Center"
U0710_1,"Dorms,CS_Building,Library,Cafeteria,CS_Building,Library"
U0710_10,"Dorms,CS_Building,Library,Cafeteria,Math_Building"
U0710_11,"Dorms,CS_Building,Student_Center,Gym,Dorms,CS_Building,Library,Cafeteria"
U0710_2,"Dorms,Cafeteria,Math_Building,Dorms,Cafeteria,Library,Dorms,Cafeteria"
U0710_3,"CS_Building,Cafeteria,CS_Building,Cafeteria,CS_Building,Student_Center,Dorms,CS_Building,Dorms,Library,Dorms"
U0710_4,"Dorms,Math_Building,Dorms,Cafeteria,CS_Building,Cafeteria"
U0710_5,"Dorms,Cafeteria,CS_Building"
U0710_6,"Dorms,Cafeteria,Math_Building"
U0710_7,"Dorms,Math_Building,Library,Cafeteria,Library,Dorms,CS_Building"
U0710_8,"Dorms,Cafeteria,CS_Building,Student_Center,Library,Gym,Dorms,Cafeteria"
U0710_9,"Dorms,Math_Building,Cafeteria,Math_Building,Student_Center,Gym,Dorms,CS_Building"
U0711_1,"Dorms,Cafeteria,Math_Building,Student_Center,Library"
U0711_10,"Gym,Dorms,Cafeteria,Library,Dorms,Cafeteria,CS_Building"
U0711_11,"Dorms,Cafeteria,CS_Building,Student_Center,Dorms,Cafeteria,Library"
U0711_12,"Dorms,Cafeteria,Library,Student_Center,Gym,Library,Dorms,Library,Gym,Dorms,Math_Building,Dorms,Library,Gym,Dorms"
U0711_13,"Dorms,Cafeteria,Library,Cafeteria,Library,Cafeteria"
U0711_14,"Dorms,Cafeteria,Math_Building,Library,Gym,Dorms"
U0711_15,"Dorms,Math_Building,Cafeteria"
U0711_2,"Library,Cafeteria,Library,Dorms"
U0711_3,"Dorms,Math_Building,Cafeteria,CS_Building,Library,Dorms,CS_Building"
U0711_4,"Math_Building,Student_Center,Library,Dorms,CS_Building,Library,Dorms"
U0711_5,"Dorms,Library,Dorms,Cafeteria,Math_Building,Dorms,CS_Building"
U0711_6,"CS_Building,Dorms,Library,Cafeteria"
U0711_7,"Dorms,Library,Dorms,Cafeteria,CS_Building,Library,Dorms"
U0711_8,"Dorms,Cafeteria,CS_Building,Library,Dorms,Math_Building,Library,Dorms,Cafeteria,Math_Building,Student_Center,Dorms,Math_Building,Library,Dorms,Math_Building,Cafeteria,Student_Center"
U0711_9,"Cafeteria,Library,Dorms,Cafeteria,Math_Building,Cafeteria"
U0712_1,"CS_Building,Library,Gym"
U0712_10,"Dorms,Cafeteria,Student_Center,Library,Dorms"
U0712_11,"Dorms,Cafeteria,CS_Building,Student_Center,Gym,Cafeteria"
U0712_12,"Dorms,Math_Building,Dorms"
U0712_13,"Dorms,Cafeteria,CS_Building,Library,Dorms,Math_Building,Dorms"
U0712_2,"Dorms,Math_Building,Library,Dorms,Library,Gym,Dorms,Cafeteria"
U0712_3,"Dorms,Cafeteria,CS_Building,Student_Center"
U0712_4,"Dorms,Cafeteria,Math_Building,Dorms,Library,Dorms,CS_Building"
U0712_5,"Cafeteria,CS_Building,Dorms,Cafeteria,CS_Building,Student_Center,Dorms,Cafeteria"
U0712_6,"Math_Building,Student_Center,Gym,Dorms,Cafeteria,CS_Building"
U0712_7,"Dorms,Math_Building,Cafeteria,Library"
U0712_8,"Dorms,CS_Building,Cafeteria,Student_Center,Dorms,Cafeteria,CS_Building,Student_Center"
U0712_9,"Dorms,Math_Building,Dorms,Cafeteria,Math_Building,Library"
U0713_1,"Dorms,Cafeteria,CS_Building"
U0713_10,"Dorms,CS_Building,Dorms"
U0713_2,"CS_Building,Student_Center,Dorms,Cafeteria,CS_Building,Library,Dorms,Library"
U0713_3,"Dorms,Math_Building,Dorms,Cafeteria,Student_Center,Dorms,Library"
U0713_4,"Dorms,Math_Building,Library,Gym,Cafeteria,Library,Cafeteria,CS_Building"
U0713_5,"Dorms,Math_Building,Library,Student_Center,Library,Dorms"
U0713_6,"Dorms,Math_Building,Library,Cafeteria,Math_Building"
U0713_7,"Dorms,Math_Building,Student_Center,Dorms,Cafeteria,Math_Building,Cafeteria,Math_Building"
U0713_8,"Dorms,Cafeteria,CS_Building,Student_Center,Library,Cafeteria,CS_Building"
U0713_9,"Dorms,Math_Building,Student_Center,Library,Student_Center,Dorms,Cafeteria,Math_Building,Dorms,Library"
U0714_1,"Dorms,Math_Building,Library,Gym,Dorms,Cafeteria,Library"
U0714_10,"Dorms,Cafeteria,Math_Building,Library,Gym,Dorms,Cafeteria,Library,Student_Center,Dorms,Cafeteria,Student_Center"
U0714_11,"Dorms,Cafeteria,Math_Building,Student_Center,Dorms,Cafeteria,Math_Building,Dorms"
U0714_12,"Dorms,Library,Dorms,Cafeteria,Math_Building,Library,Cafeteria,Student_Center,Dorms,Cafeteria,Student_Center,Dorms,CS_Building"
U0714_2,"Cafeteria,Math_Building,Dorms,Cafeteria,Library,Dorms"
U0714_3,"Dorms,CS_Building,Student_Center,Gym,Dorms"
U0714_4,"Dorms,Cafeteria,Math_Building,Dorms,Cafeteria,Math_Building"
U0714_5,"Dorms,Cafeteria,Math_Building,Library"
U0714_6,"Gym,Dorms,Math_Building,Cafeteria"
U0714_7,"Dorms,CS_Building,Cafeteria,Student_Center,Dorms"
U0714_8,"Dorms,Cafeteria,Math_Building,Student_Center,Library"
U0714_9,"Gym,Dorms,Cafeteria,CS_Building"
U0715_1,"Dorms,Cafeteria,Student_Center,Gym,Dorms,Library,Gym,Dorms"
U0715_10,"Dorms,Library,Gym,Dorms,Math_Building"
U0715_11,"Dorms,Math_Building,Library"
U0715_12,"Dorms,Cafeteria,Library,Gym,Dorms,Cafeteria,Math_Building,Student_Center"
U0715_13,"Math_Building,Student_Center,Library"
U0715_14,"Student_Center,Dorms,Math_Building,Library"
U0715_15,"Library,Cafeteria,CS_Building"
U0715_16,"Dorms,Cafeteria,Math_Building,Cafeteria,Math_Building,Library,Dorms,Cafeteria"
U0715_17,"Dorms,CS_Building,Dorms,CS_Building,Library,Dorms,Math_Building"
U0715_18,"Cafeteria,CS_Building,Library,Cafeteria,Math_Building,Student_Center,Library,Gym,Dorms"
U0715_2,"Student_Center,Library,Gym,Dorms"
U0715_3,"Library,Dorms,CS_Building,Cafeteria"
U0715_4,"Math_Building,Cafeteria,Student_Center,Gym,Cafeteria,CS_Building,Library"
U0715_5,"Gym,Dorms,Library,Cafeteria,Math_Building"
U0715_6,"Dorms,Math_Building,Library,Dorms"
U0715_7,"Dorms,Cafeteria,CS_Building,Cafeteria,CS_Building"
U0715_8,"Dorms,Cafeteria,CS_Building,Cafeteria,CS_Building,Student_Center"
U0715_9,"Student_Center,Gym,Dorms,Math_Building,Student_Center"
U0716_1,"Dorms,Cafeteria,Library,Cafeteria"
U0716_10,"Dorms,Cafeteria,CS_Building,Cafeteria"
U0716_11,"Math_Building,Cafeteria,CS_Building,Library,Dorms,Cafeteria,CS_Building,Library"
U0716_12,"Dorms,Math_Building,Library,Dorms,Cafeteria,Library,Cafeteria,CS_Building"
U0716_13,"Dorms,Cafeteria,Math_Building,Student_Center,Gym,Dorms,Cafeteria"
U0716_2,"Dorms,Cafeteria,CS_Building,Student_Center,Dorms,CS_Building"
U0716_3,"Dorms,CS_Building,Library,Gym,Dorms,Cafeteria,Student_Center"
U0716_4,"Dorms,Math_Building,Cafeteria"
U0716_5,"Dorms,Library,Dorms,Math_Building,Library"
U0716_6,"Library,Student_Center,Library,Cafeteria,Dorms,CS_Building,Student_Center,Gym,Cafeteria,CS_Building,Cafeteria"
U0716_7,"CS_Building,Library,Cafeteria,CS_Building"
U0716_8,"Dorms,Library,Dorms,Cafeteria,CS_Building,Library,Dorms,Math_Building,Dorms,Cafeteria,Library,Student_Center"
U0716_9,"Dorms,Cafeteria,CS_Building,Library,Dorms,Dorms,Cafeteria,CS_Building,Student_Center,Dorms,Library"
U0717_1,"Dorms,Math_Building,Dorms,Library,Gym,Dorms"
U0717_10,"Student_Center,Library,Student_Center,Library,Student_Center"
U0717_11,"Dorms,Cafeteria,Library,Gym,Dorms"
U0717_12,"Dorms,Cafeteria,CS_Building,Student_Center,Dorms,Cafeteria,Math_Building"
U0717_13,"Dorms,CS_Building,Student_Center,Dorms,Cafeteria,CS_Building,Library"
U0717_14,"Dorms,Cafeteria,CS_Building,Cafeteria,Student_Center,Gym"
U0717_15,"Dorms,Math_Building,Dorms,Math_Building,Student_Center,Library,Dorms"
U0717_16,"Dorms,Cafeteria,Math_Building,Cafeteria,Library,Student_Center"
U0717_2,"Student_Center,Library,Gym,Dorms"
U0717_3,"Dorms,Library,Student_Center,Dorms,Cafeteria,Library,Dorms,Math_Building"
U0717_4,"Dorms,Math_Building,Student_Center,Gym,Dorms,CS_Building,Student_Center"
U0717_5,"Dorms,Cafeteria,Math_Building,Library,Gym,Dorms,Math_Building"
U0717_6,"Dorms,Cafeteria,CS_Building,Dorms,Cafeteria,Library,Cafeteria"
U0717_7,"Cafeteria,Library,Student_Center,Gym,Dorms,Cafeteria,CS_Building"
U0717_8,"Dorms,Cafeteria,Math_Building,Dorms,Cafeteria,CS_Building"
U0717_9,"Dorms,Math_Building,Library,Dorms,Cafeteria,CS_Building,Student_Center,Math_Building,Dorms,Library,Student_Center,Library,Cafeteria"
U0718_1,"Dorms,Library,Gym"
U0718_10,"CS_Building,Library,Dorms"
U0718_11,"Dorms,Cafeteria,Library,Cafeteria"
U0718_12,"Library,Dorms,CS_Building,Student_Center,Library,Cafeteria,CS_Building,Library"
U0718_2,"Dorms,CS_Building,Library"
U0718_3,"Dorms,CS_Building,Student_Center,Dorms"
U0718_4,"Dorms,CS_Building,Library"
U0718_5,"Dorms,Cafeteria,Math_Building,Dorms,Cafeteria,Math_Building,Dorms,CS_Building,Library"
U0718_6,"Library,Student_Center,Gym,Cafeteria,CS_Building,Library,Dorms,Math_Building"
U0718_7,"Math_Building,Dorms,Cafeteria,Math_Building,Dorms,Cafeteria"
U0718_8,"Dorms,Library,Gym,Dorms,Cafeteria"
U0718_9,"Dorms,Library,Dorms,Cafeteria,Library,Dorms"
U0719_1,"Math_Building,Student_Center,Dorms,Cafeteria"
U0719_10,"Dorms,Math_Building,Cafeteria"
U0719_11,"Dorms,Cafeteria,CS_Building,Student_Center,Gym,Dorms"
U0719_12,"Dorms,Library,Gym,Dorms,Math_Building,Cafeteria"
U0719_13,"Dorms,Cafeteria,Student_Center,Dorms,Math_Building,Student_Center,Gym,Dorms"
U0719_14,"Dorms,Cafeteria,CS_Building,Cafeteria,CS_Building,Cafeteria"
U0719_15,"Gym,Cafeteria,CS_Building"
U0719_2,"Dorms,Cafeteria,Library,Cafeteria,CS_Building,Dorms,Cafeteria"
U0719_3,"Dorms,Cafeteria,Math_Building,Library,Cafeteria"
U0719_4,"Cafeteria,Library,Student_Center,Dorms,Cafeteria,Math_Building"
U0719_5,"Student_Center,Library,Gym,Dorms,Cafeteria"
U0719_6,"Dorms,Math_Building,Student_Center"
U0719_7,"Dorms,CS_Building,Student_Center,Library,Cafeteria"
U0719_8,"Gym,Cafeteria,CS_Building,Library,Dorms,CS_Building,Library,Dorms"
U0719_9,"Dorms,Math_Building,Dorms"
U0720_1,"Dorms,CS_Building,Library,Gym,Dorms,Cafeteria,CS_Building,Library,Dorms,Cafeteria,CS_Building,Library,Gym,Dorms,Cafeteria"
U0720_10,"Dorms,Math_Building,Dorms"
U0720_11,"CS_Building,Student_Center,Library,Cafeteria,CS_Building,Library,Dorms,CS_Building,Library,Dorms"
U0720_2,"Dorms,Library,Dorms,Cafeteria,CS_Building,Student_Center,Gym"
U0720_3,"Student_Center,Dorms,Cafeteria,CS_Building"
U0720_4,"Gym,Dorms,Library"
U0720_5,"Cafeteria,Math_Building,Student_Center,Dorms,CS_Building,Library,Gym"
U0720_6,"Dorms,Cafeteria,Math_Building,Cafeteria,Math_Building"
U0720_7,"Dorms,Cafeteria,Library,Cafeteria"
U0720_8,"Dorms,Cafeteria,Math_Building,Library,Cafeteria,Cafeteria,Math_Building,Cafeteria,Math_Building,Dorms,Math_Building,Library"
U0720_9,"Dorms,CS_Building,Library,Cafeteria,Library,Dorms,CS_Building,Library"
U0721_1,"Dorms,Cafeteria,Student_Center"
U0721_10,"Dorms,Library,Student_Center,Dorms,Math_Building,Dorms,CS_Building,Cafeteria,Student_Center,Dorms,Math_Building,Library,Dorms,Cafeteria"
U0721_2,"Cafeteria,Math_Building,Cafeteria,CS_Building,Library,Gym,Cafeteria,Library"
U0721_3,"Dorms,Cafeteria,CS_Building,Library,Student_Center,Gym,Dorms,CS_Building,Library,Cafeteria,CS_Building,Student_Center,Dorms,Cafeteria"
U0721_4,"Dorms,Cafeteria,Math_Building,Dorms,Cafeteria,Library"
U0721_5,"Dorms,CS_Building,Library,Dorms"
U0721_6,"Cafeteria,CS_Building,Library,Dorms,Cafeteria,CS_Building,Student_Center,Dorms,Cafeteria"
U0721_7,"Dorms,Cafeteria,Math_Building,Dorms"
U0721_8,"Dorms,Cafeteria,Math_Building,Student_Center,Gym,Cafeteria,Library,Dorms"
U0721_9,"Dorms,Cafeteria,Math_Building,Library"
U0722_1,"Dorms,Math_Building,Library,Dorms,Math_Building,Dorms,Math_Building"
U0722_10,"Dorms,Cafeteria,Math_Building"
U0722_11,"Student_Center,Library,Gym,Dorms,Math_Building,Library"
U0722_12,"Library,Cafeteria,Library,Dorms,CS_Building,Library,Student_Center,Gym"
U0722_2,"Gym,Dorms,Cafeteria,Math_Building,Library,Cafeteria,CS_Building"
U0722_3,"Student_Center,Dorms,Cafeteria,CS_Building,Library,Gym"
U0722_4,"Gym,Dorms,Cafeteria,Math_Building,Cafeteria,CS_Building"
U0722_5,"Dorms,Library,Student_Center,Dorms,Math_Building,Student_Center"
U0722_6,"Dorms,Library,Cafeteria,CS_Building,Library"
U0722_7,"Dorms,CS_Building,Student_Center,Gym,Cafeteria,Student_Center,Dorms,Cafeteria"
U0722_8,"Dorms,Cafeteria,Math_Building,Dorms,Math_Building,Student_Center,Dorms,Library"
U0722_9,"Dorms,Cafeteria,Student_Center,Library,Dorms,CS_Building,Library,Dorms"
U0723_1,"Dorms,CS_Building,Student_Center,Gym,Dorms,Cafeteria,Student_Center,Dorms,Dorms,Math_Building,Library"
U0723_10,"Dorms,Cafeteria,CS_Building,Library,Cafeteria,CS_Building"
U0723_11,"Dorms,CS_Building,Student_Center,Gym,Cafeteria,CS_Building,Library,Gym"
U0723_12,"Dorms,Cafeteria,Math_Building,Cafeteria,Student_Center,Library"
U0723_2,"Dorms,Cafeteria,Math_Building,Library"
U0723_3,"Dorms,Cafeteria,CS_Building,Library,Dorms,CS_Building,Library"
U0723_4,"Gym,Dorms,CS_Building,Library,Dorms,Cafeteria"
U0723_5,"Dorms,Cafeteria,Library,Gym,Cafeteria"
U0723_6,"Dorms,Cafeteria,CS_Building,Library,Gym,Dorms"
U0723_7,"Math_Building,Student_Center,Gym,Dorms,Cafeteria,Library,Cafeteria"
U0723_8,"Dorms,Library,Student_Center,Dorms,Cafeteria,Library,Gym"
U0723_9,"Gym,Dorms,Cafeteria,Math_Building,Dorms,CS_Building,Library"
U0724_1,"Dorms,Math_Building,Library,Gym,Dorms,Cafeteria"
U0724_2,"Dorms,Cafeteria,Math_Building,Library,Cafeteria,CS_Building,Student_Center"
U0724_3,"Dorms,Cafeteria,CS_Building,Cafeteria,Student_Center,Library"
U0724_4,"Dorms,CS_Building,Library,Student_Center,Gym,Dorms,Cafeteria"
U0724_5,"Dorms,Cafeteria,CS_Building,Cafeteria,CS_Building,Cafeteria,Student_Center,Dorms,CS_Building,Dorms,Cafeteria,CS_Building,Cafeteria,CS_Building"
U0724_6,"Cafeteria,CS_Building,Dorms,Math_Building,Student_Center,Library"
U0724_7,"Dorms,Library,Gym,Dorms,Library"
U0725_1,"Student_Center,Library,Student_Center,Dorms,Math_Building,Library,Dorms,Library"
U0725_10,"Dorms,Math_Building,Cafeteria,CS_Building"
U0725_11,"Dorms,Math_Building,Cafeteria,CS_Building,Library,Cafeteria"
U0725_12,"Dorms,Cafeteria,Library,Dorms"
U0725_2,"Dorms,Math_Building,Library,Dorms"
U0725_3,"Dorms,Cafeteria,Math_Building"
U0725_4,"Dorms,Cafeteria,Math_Building,Cafeteria,Math_Building"
U0725_5,"Dorms,CS_Building,Student_Center"
U0725_6,"Dorms,Math_Building,Student_Center,Gym,Cafeteria,Library,Dorms,Cafeteria,Library"
U0725_7,"Student_Center,Dorms,Library,Dorms,Cafeteria,Student_Center"
U0725_8,"Math_Building,Student_Center,Dorms"
U0725_9,"Dorms,Math_Building,Cafeteria,CS_Building,Student_Center"
U0726_1,"Gym,Cafeteria,Math_Building,Student_Center,Gym,Dorms,Cafeteria,Math_Building"
U0726_10,"Dorms,Cafeteria,Library,Cafeteria"
U0726_11,"Dorms,Cafeteria,Math_Building,Dorms,Cafeteria,Math_Building"
U0726_12,"Dorms,Library,Gym,Dorms,Cafeteria,Math_Building,Cafeteria,CS_Building"
U0726_13,"Dorms,CS_Building,Student_Center,Library,Student_Center,Dorms"
U0726_2,"Dorms,Cafeteria,CS_Building,Library,Dorms"
U0726_3,"Dorms,CS_Building,Library,Dorms"
U0726_4,"Dorms,CS_Building,Cafeteria"
U0726_5,"Dorms,Cafeteria,Math_Building,Student_Center,Dorms,Cafeteria"
U0726_6,"Dorms,Library,Gym,Dorms,Math_Building,Library,Cafeteria,CS_Building"
U0726_7,"Dorms,Math_Building,Library,Cafeteria,Library,Dorms,CS_Building,Student_Center"
U0726_8,"CS_Building,Cafeteria,Math_Building,Library,Dorms,Cafeteria,Math_Building,Student_Center,Dorms,Cafeteria,CS_Building,Student_Center"
U0726_9,"Dorms,Math_Building,Library,Gym,Dorms"
U0727_1,"Dorms,Cafeteria,CS_Building,Dorms,CS_Building,Student_Center,Dorms"
U0727_10,"Dorms,Library,Gym,Dorms,Math_Building,Student_Center,Gym"
U0727_2,"Dorms,Cafeteria,Math_Building,Cafeteria,CS_Building,Student_Center"
U0727_3,"Dorms,Library,Dorms,CS_Building,Cafeteria,Math_Building"
U0727_4,"Dorms,CS_Building,Cafeteria,Math_Building,Library"
U0727_5,"Dorms,CS_Building,Student_Center,Dorms,CS_Building,Student_Center"
U0727_6,"Math_Building,Student_Center,Gym,Dorms,Cafeteria,Student_Center,Student_Center,Dorms,Cafeteria,Library,Gym,Dorms,Cafeteria,Library"
U0727_7,"Dorms,Math_Building,Library,Cafeteria,Student_Center,Library,Dorms,Cafeteria"
U0727_8,"Dorms,Cafeteria,CS_Building,Dorms,CS_Building,Dorms,Library,Student_Center,Library"
U0727_9,"Dorms,CS_Building,Student_Center,Gym,Cafeteria"
U0728_1,"Dorms,CS_Building,Library,Gym,Cafeteria,Student_Center,Dorms,Cafeteria"
U0728_10,"CS_Building,Library,Dorms,Cafeteria"
U0728_11,"Math_Building,Student_Center,Dorms"
U0728_12,"Student_Center,Dorms,Library,Cafeteria,Math_Building,Library"
U0728_13,"Dorms,Cafeteria,Student_Center"
U0728_2,"CS_Building,Cafeteria,Library,Dorms,Math_Building,Library"
U0728_3,"CS_Building,Library,Cafeteria,Library,Dorms"
U0728_4,"Dorms,Cafeteria,CS_Building,Library"
U0728_5,"Dorms,Cafeteria,CS_Building,Library,Cafeteria"
U0728_6,"Dorms,Cafeteria,Library,Gym,Cafeteria,Math_Building,Library"
U0728_7,"Dorms,CS_Building,Student_Center,Library,Dorms,Library"
U0728_8,"Dorms,Math_Building,Library,Student_Center,Gym"
U0728_9,"Dorms,Cafeteria,Math_Building,Cafeteria"
U0729_1,"Dorms,CS_Building,Student_Center,Gym,Dorms,Cafeteria,Dorms,Library,Gym"
U0729_10,"Dorms,Cafeteria,CS_Building,Student_Center,Library,Dorms"
U0729_2,"Dorms,Cafeteria,CS_Building,Student_Center,Dorms"
U0729_3,"Dorms,Cafeteria,CS_Building,Library"
U0729_4,"Gym,Cafeteria,Library,Dorms,Cafeteria,Math_Building,Cafeteria,CS_Building"
U0729_5,"Dorms,CS_Building,Dorms,Cafeteria,Math_Building,Student_Center,Dorms,Math_Building"
U0729_6,"Dorms,Cafeteria,CS_Building,Student_Center,Gym,Dorms,Math_Building"
U0729_7,"Cafeteria,CS_Building,Library,Math_Building,Library,Gym,Dorms,Cafeteria,Library,Dorms,Cafeteria,CS_Building,Cafeteria,CS_Building,Dorms,CS_Building"
U0729_8,"Dorms,CS_Building,Library,Gym,Dorms,Library"
U0729_9,"Dorms,Cafeteria,Math_Building,Student_Center,Gym,Dorms"
U0730_1,"Dorms,Cafeteria,Math_Building,Library,Dorms,Cafeteria,Math_Building,Library"
U0730_10,"Cafeteria,Student_Center,Dorms,Cafeteria,CS_Building,Cafeteria,Library"
U0730_11,"Gym,Dorms,CS_Building,Library,Cafeteria,Math_Building,Dorms"
U0730_12,"Dorms,CS_Building,Dorms,Dorms,CS_Building,Dorms,Cafeteria,Student_Center,Dorms,Dorms,Math_Building,Student_Center,Library,Dorms"
U0730_2,"Cafeteria,Math_Building,Cafeteria,Library,Cafeteria,Math_Building,Dorms"
U0730_3,"Dorms,Cafeteria,CS_Building,Library"
U0730_4,"Student_Center,Dorms,Cafeteria,Math_Building,Cafeteria"
U0730_5,"Dorms,Library,Dorms,CS_Building,Library"
U0730_6,"Dorms,Math_Building,Student_Center,Gym"
U0730_7,"Dorms,Cafeteria,Library,Dorms,Cafeteria,CS_Building,Cafeteria"
U0730_8,"Dorms,CS_Building,Library,Gym,Cafeteria"
U0730_9,"Dorms,CS_Building,Student_Center,Library"
U0731_1,"CS_Building,Library,Dorms,CS_Building,Library,Gym,Cafeteria,CS_Building"
U0731_10,"Dorms,Math_Building,Dorms"
U0731_2,"Dorms,Cafeteria,Student_Center,Gym,Dorms,Cafeteria,Library,Student_Center"
U0731_3,"Dorms,Cafeteria,Math_Building"
U0731_4,"Dorms,Cafeteria,Math_Building,Student_Center"
U0731_5,"Dorms,Cafeteria,Student_Center,Dorms,Cafeteria,Math_Building,Library,Gym"
U0731_6,"Dorms,CS_Building,Dorms,Cafeteria,Student_Center,Dorms,Math_Building,Library"
U0731_7,"Dorms,Cafeteria,Library,Gym,Dorms,Math_Building,Dorms"
U0731_8,"Dorms,Math_Building,Student_Center,Gym,Dorms,Cafeteria,Library,Cafeteria,Dorms,CS_Building,Student_Center,Library,Dorms,Cafeteria,CS_Building"
U0731_9,"Dorms,Math_Building,Library,Gym,Dorms,Cafeteria,Math_Building,Cafeteria"
U0732_1,"Dorms,Cafeteria,Student_Center,Library"
U0732_10,"Dorms,Library,Cafeteria,Library,Gym,Dorms,CS_Building,Cafeteria"
U0732_11,"CS_Building,Student_Center,Dorms"
U0732_12,"Dorms,Cafeteria,Math_Building,Dorms,Cafeteria,Math_Building,Student_Center"
U0732_13,"Math_Building,Student_Center,Dorms"
U0732_14,"Dorms,Cafeteria,Math_Building,Library"
U0732_15,"Gym,Dorms,Cafeteria"
U0732_2,"Dorms,Library,Dorms,Cafeteria,Dorms,CS_Building,Dorms,Math_Building"
U0732_3,"Dorms,Cafeteria,CS_Building,Library,Cafeteria"
U0732_4,"Dorms,Math_Building,Student_Center"
U0732_5,"Dorms,Math_Building,Student_Center,Library,Gym,Dorms,Cafeteria,CS_Building"
U0732_6,"CS_Building,Dorms,Cafeteria,Math_Building"
U0732_7,"Math_Building,Dorms,Cafeteria,Library,Gym,Dorms"
U0732_8,"Gym,Cafeteria,CS_Building,Cafeteria,CS_Building,Student_Center,Dorms,Math_Building"
U0732_9,"Math_Building,Student_Center,Dorms,Student_Center,Dorms,Math_Building,Cafeteria,CS_Building,Student_Center,Library"
U0733_1,"Dorms,Math_Building,Library,Dorms,CS_Building,Library"
U0733_10,"Cafeteria,Student_Center,Dorms,Cafeteria"
U0733_11,"Dorms,Cafeteria,Student_Center,Dorms,Math_Building,Dorms,Math_Building,Student_Center"
U0733_12,"Dorms,Cafeteria,CS_Building,Library,Cafeteria,Math_Building,Library"
U0733_13,"Dorms,Math_Building,Cafeteria,Math_Building,Dorms"
U0733_2,"Dorms,CS_Building,Library,Cafeteria,CS_Building,Library,Student_Center,Dorms"
U0733_3,"Dorms,Cafeteria,Math_Building,Student_Center,Gym,Cafeteria"
U0733_4,"Dorms,Cafeteria,Student_Center,Gym,Dorms,Math_Building,Cafeteria"
U0733_5,"Student_Center,Gym,Dorms,Math_Building,Student_Center,Gym,Dorms"
U0733_6,"Dorms,Cafeteria,Math_Building,Cafeteria,CS_Building,Dorms,CS_Building,Student_Center,Library,Dorms,Math_Building"
U0733_7,"Dorms,Math_Building,Student_Center,Library,Gym,Dorms"
U0733_8,"Cafeteria,Library,Gym,Dorms"
U0733_9,"Dorms,Math_Building,Student_Center"
U0734_1,"Dorms,Math_Building,Library,Dorms,Cafeteria,CS_Building,Library"
U0734_10,"Dorms,Math_Building,Dorms,CS_Building"
U0734_11,"Dorms,CS_Building,Student_Center,Dorms,Math_Building,Cafeteria"
U0734_2,"Dorms,CS_Building,Student_Center,Gym,Cafeteria"
U0734_3,"Cafeteria,Library,Student_Center,Library"
U0734_4,"Dorms,Math_Building,Cafeteria,Student_Center"
U0734_5,"Dorms,Math_Building,Cafeteria,CS_Building,Cafeteria,Student_Center,Dorms,Library"
U0734_6,"Dorms,Cafeteria,CS_Building,Dorms,Math_Building,Library"
U0734_7,"Dorms,Cafeteria,Library,Dorms"
U0734_8,"Dorms,Math_Building,Student_Center,Gym,Dorms,Cafeteria"
U0734_9,"Dorms,Cafeteria,CS_Building"
U0735_1,"Dorms,Cafeteria,CS_Building,Library"
U0735_10,"Library,Gym,Cafeteria,Math_Building,Dorms,Math_Building,Student_Center,Dorms,Cafeteria,Math_Building,Student_Center,Dorms,Math_Building,Library,Gym"
U0735_11,"Dorms,Cafeteria,Library,Cafeteria,Library,Gym,Dorms"
U0735_12,"Dorms,Cafeteria,Library,Gym,Dorms"
U0735_13,"Dorms,Cafeteria,CS_Building,Dorms,Cafeteria"
U0735_2,"Dorms,Cafeteria,Library,Gym,Cafeteria,Math_Building,Student_Center,Gym"
U0735_3,"Cafeteria,CS_Building,Student_Center,Library"
U0735_4,"Dorms,Cafeteria,Library,Gym,Dorms,CS_Building,Cafeteria,CS_Building"
U0735_5,"CS_Building,Student_Center,Gym,Dorms,Cafeteria"
U0735_6,"CS_Building,Library,Dorms,CS_Building,Student_Center"
U0735_7,"Dorms,Cafeteria,CS_Building,Cafeteria,CS_Building,Library,Student_Center,Dorms"
U0735_8,"Dorms,Cafeteria,CS_Building"
U0735_9,"Dorms,Cafeteria,CS_Building,Dorms,Cafeteria"
U0736_1,"CS_Building,Cafeteria,Math_Building,Student_Center,Library,Gym"
U0736_10,"Dorms,Library,Gym,Dorms,CS_Building,Student_Center"
U0736_11,"Dorms,Library,Gym,Dorms"
U0736_12,"Library,Student_Center,Library,Student_Center,Gym,Dorms"
U0736_13,"Dorms,Math_Building,Library,Gym,Dorms"
U0736_2,"Dorms,Cafeteria,CS_Building,Cafeteria,CS_Building,Student_Center,Gym,Dorms,CS_Building,Student_Center,Gym,Dorms,CS_Building,Student_Center"
U0736_3,"Dorms,Library,Dorms,Cafeteria,Library,Dorms"
U0736_4,"Dorms,CS_Building,Library,Gym,Dorms,Math_Building"
U0736_5,"Student_Center,Dorms,Cafeteria,CS_Building,Cafeteria"
U0736_6,"Math_Building,Student_Center,Dorms,Math_Building,Dorms,CS_Building,Library,Dorms,Cafeteria"
U0736_7,"Math_Building,Dorms,Cafeteria,Math_Building,Library,Dorms,CS_Building,Student_Center"
U0736_8,"Dorms,Math_Building,Library,Gym"
U0736_9,"Library,Dorms,Cafeteria,Library,Dorms,Math_Building,Student_Center,Dorms"
U0737_1,"Dorms,Cafeteria,CS_Building,Library,Gym,Dorms,Dorms,Cafeteria,CS_Building"
U0737_10,"Dorms,Cafeteria,Library,Cafeteria,CS_Building,Student_Center,Dorms"
U0737_11,"Dorms,Cafeteria,CS_Building,Cafeteria,CS_Building"
U0737_2,"Dorms,CS_Building,Library,Dorms,Library,Gym,Dorms"
U0737_3,"Dorms,Math_Building,Library,Student_Center,Gym,Dorms"
U0737_4,"Dorms,Cafeteria,Library,Dorms"
U0737_5,"Dorms,Cafeteria,CS_Building,Dorms,Cafeteria,Library"
U0737_6,"Dorms,Library,Student_Center,Library,Student_Center,Dorms"
U0737_7,"Dorms,Math_Building,Dorms,CS_Building"
U0737_8,"Dorms,Math_Building,Student_Center,Library,Gym,Cafeteria,CS_Building,Student_Center"
U0737_9,"Dorms,Math_Building,Library,Gym"
U0738_1,"Dorms,CS_Building,Dorms,Cafeteria,Student_Center,Dorms,Math_Building,Library,Student_Center,Gym"
U0738_10,"Dorms,Cafeteria,CS_Building,Student_Center"
U0738_11,"Dorms,Cafeteria,CS_Building,Student_Center,Dorms,Cafeteria,Library,Cafeteria,CS_Building,Library,Cafeteria,CS_Building,Cafeteria"
U0738_12,"Dorms,Cafeteria,Math_Building,Dorms,CS_Building,Dorms,Cafeteria"
U0738_13,"Dorms,Cafeteria,Student_Center,Dorms,Gym,Dorms,Cafeteria"
U0738_2,"Dorms,Cafeteria,Math_Building,Student_Center,Library,Dorms,Math_Building,Student_Center"
U0738_3,"Dorms,Cafeteria,CS_Building,Student_Center,Library,Dorms,Cafeteria,Math_Building,Library,Student_Center,Library,Dorms"
U0738_4,"Dorms,Cafeteria,CS_Building,Student_Center,Gym,Dorms,CS_Building,Dorms,CS_Building,Student_Center,Dorms,CS_Building,Library,Dorms,CS_Building,Library,Cafeteria,Library"
U0738_5,"Student_Center,Dorms,Cafeteria,CS_Building"
U0738_6,"Student_Center,Gym,Cafeteria,Student_Center,Dorms,Cafeteria,Math_Building,Dorms"
U0738_7,"Dorms,CS_Building,Student_Center,Dorms,CS_Building,Library"
U0738_8,"Dorms,Cafeteria,CS_Building,Library"
U0738_9,"Dorms,Math_Building,Dorms"
U0739_1,"Dorms,Cafeteria,CS_Building"
U0739_2,"Dorms,CS_Building,Cafeteria,Library,Student_Center,Dorms,Cafeteria,Math_Building"
U0739_3,"Dorms,Cafeteria,Math_Building,Cafeteria,Library"
U0739_4,"Gym,Dorms,Library,Cafeteria,Library,Dorms,Library"
U0739_5,"Dorms,Math_Building,Student_Center,Dorms,Cafeteria"
U0739_6,"Dorms,Cafeteria,Math_Building,Library"
U0739_7,"Dorms,Cafeteria,Math_Building,Dorms,Library,Cafeteria,CS_Building"
U0739_8,"Math_Building,Dorms,Cafeteria,CS_Building,Library,Gym,Cafeteria"
U0739_9,"Dorms,Math_Building,Cafeteria,Math_Building,Cafeteria,CS_Building"
U0740_1,"Dorms,CS_Building,Library,Dorms,Math_Building,Student_Center"
U0740_10,"Dorms,Math_Building,Dorms,Cafeteria,CS_Building"
U0740_11,"Dorms,CS_Building,Student_Center,Gym,Cafeteria,CS_Building,Dorms,Cafeteria,Student_Center"
U0740_12,"Dorms,CS_Building,Library"
U0740_2,"Dorms,Cafeteria,CS_Building,Library,Cafeteria,CS_Building"
U0740_3,"Dorms,Cafeteria,CS_Building,Library,Dorms,Math_Building"
U0740_4,"Math_Building,Cafeteria,CS_Building"
U0740_5,"Gym,Dorms,Math_Building,Library,Student_Center,Gym,Dorms"
U0740_6,"Dorms,Cafeteria,CS_Building"
U0740_7,"Dorms,Cafeteria,CS_Building,Student_Center,Library,Dorms,Cafeteria,Math_Building"
U0740_8,"Dorms,Cafeteria,Math_Building"
U0740_9,"Dorms,Cafeteria,Library,Dorms,Math_Building,Library,Cafeteria,Library,Student_Center,Dorms"
U0741_1,"Dorms,Cafeteria,Math_Building,Dorms"
U0741_2,"Dorms,CS_Building,Dorms,Cafeteria"
U0741_3,"Dorms,Cafeteria,Library,Dorms,CS_Building,Library"
U0741_4,"Dorms,Cafeteria,CS_Building,Student_Center,Library,Dorms,CS_Building"
U0741_5,"Math_Building,Library,Dorms,Cafeteria,CS_Building,Cafeteria"
U0741_6,"Dorms,Cafeteria,CS_Building,Dorms,Cafeteria,CS_Building,Student_Center,Dorms,Math_Building,Student_Center"
U0741_7,"Cafeteria,CS_Building,Library,Cafeteria"
U0741_8,"Dorms,Cafeteria,Math_Building,Library,Gym,Dorms,Cafeteria"
U0741_9,"Cafeteria,Math_Building,Dorms,Cafeteria,Math_Building"
U0742_1,"Cafeteria,Library,Cafeteria,Library,Student_Center,Math_Building,Cafeteria,Math_Building"
U0742_10,"CS_Building,Library,Cafeteria,Math_Building,Cafeteria,Student_Center,Gym"
U0742_11,"Dorms,Library,Dorms,Math_Building,Student_Center,Dorms"
U0742_12,"Dorms,Cafeteria,CS_Building,Cafeteria,CS_Building,Library,Dorms,Math_Building"
U0742_13,"Library,Dorms,Cafeteria,CS_Building,Library,Dorms"
U0742_2,"Dorms,Cafeteria,Library"
U0742_3,"Dorms,CS_Building,Library,Dorms,Math_Building,Student_Center,Gym,Cafeteria,Library,Cafeteria"
U0742_4,"Library,Dorms,Cafeteria"
U0742_5,"Dorms,Cafeteria,CS_Building,Library,Student_Center,Gym,Student_Center,Dorms,Cafeteria,Math_Building,Cafeteria"
U0742_6,"Dorms,Math_Building,Dorms,Cafeteria"
U0742_7,"Dorms,Cafeteria,CS_Building,Cafeteria,Student_Center,Dorms,Math_Building,Library,Dorms,CS_Building"
U0742_8,"Student_Center,Gym,Dorms,Cafeteria,Library,Dorms,Math_Building,Dorms"
U0742_9,"Dorms,Cafeteria,Math_Building,Student_Center,Library,Cafeteria"
U0743_1,"Dorms,Cafeteria,Math_Building,Dorms"
U0743_10,"Dorms,Cafeteria,Math_Building,Student_Center,Dorms"
U0743_11,"Dorms,Cafeteria,Math_Building,Dorms,Cafeteria,CS_Building,Student_Center,Gym,Dorms,Cafeteria,Student_Center,Gym"
U0743_2,"Dorms,Cafeteria,Math_Building,Cafeteria"
U0743_3,"Dorms,Cafeteria,Math_Building,Dorms,Cafeteria,CS_Building,Student_Center,Dorms,CS_Building,Student_Center,Dorms,CS_Building,Library,Cafeteria"
U0743_4,"Library,Dorms,Cafeteria,Library,Gym,Dorms,Math_Building"
U0743_5,"Math_Building,Library,Dorms,Cafeteria,Library,Dorms,Cafeteria,Math_Building"
U0743_6,"Dorms,Cafeteria,Math_Building,Student_Center,Library,Dorms,Math_Building,Library"
U0743_7,"Dorms,Cafeteria,CS_Building,Student_Center,Gym,Dorms,CS_Building,Student_Center"
U0743_8,"Dorms,Cafeteria,Math_Building,Library"
U0743_9,"Dorms,CS_Building,Cafeteria,Library,Cafeteria,CS_Building"
U0744_1,"Dorms,Cafeteria,Math_Building,Dorms,CS_Building"
U0744_10,"Dorms,Cafeteria,Math_Building,Cafeteria,CS_Building,Student_Center,Dorms,Cafeteria"
U0744_11,"Dorms,Cafeteria,CS_Building,Student_Center,Gym,Dorms,Cafeteria"
U0744_12,"Dorms,CS_Building,Cafeteria,CS_Building,Student_Center,Library,Student_Center"
U0744_13,"Student_Center,Gym,Dorms,Cafeteria"
U0744_2,"Dorms,Library,Dorms"
U0744_3,"Dorms,CS_Building,Library,Dorms,Math_Building,Student_Center"
U0744_4,"Math_Building,Dorms,Library,Dorms,Cafeteria"
U0744_5,"Dorms,Cafeteria,CS_Building,Student_Center,Dorms,Cafeteria,Math_Building,Cafeteria,Math_Building,Student_Center"
U0744_6,"Dorms,Math_Building,Student_Center,Dorms,Cafeteria,CS_Building,Library,Gym,Dorms,Library,Gym"
U0744_7,"Dorms,Math_Building,Library,Dorms,CS_Building,Library,Cafeteria,Math_Building"
U0744_8,"Dorms,Cafeteria,Math_Building,Student_Center"
U0744_9,"Dorms,Cafeteria,Library,Student_Center,Gym,Dorms,Cafeteria,Math_Building"
U0745_1,"Dorms,CS_Building,Cafeteria,Math_Building,Library,Dorms,Math_Building,Cafeteria"
U0745_10,"Dorms,Cafeteria,Library"
U0745_11,"Dorms,Cafeteria,CS_Building"
U0745_12,"Gym,Dorms,Cafeteria,Library,Dorms"
U0745_2,"Dorms,Cafeteria,Math_Building,Library,Dorms"
U0745_3,"Dorms,Math_Building,Dorms,Cafeteria,Library,Cafeteria"
U0745_4,"Dorms,Math_Building,Student_Center,Dorms,Library,Dorms,Library"
U0745_5,"Dorms,Math_Building,Student_Center"
U0745_6,"Student_Center,Gym,Dorms,Math_Building,Cafeteria,Library"
U0745_7,"Math_Building,Library,Dorms,Cafeteria,CS_Building,Library,Gym,Dorms"
U0745_8,"Dorms,Math_Building,Student_Center"
U0745_9,"Dorms,Cafeteria,Student_Center,Library,Dorms"
U0746_1,"Dorms,Cafeteria,CS_Building,Cafeteria,Math_Building,Library,Dorms,Cafeteria,CS_Building,Cafeteria,Math_Building,Library,Dorms,Cafeteria"
U0746_10,"Dorms,Cafeteria,CS_Building"
U0746_11,"Dorms,Cafeteria,Math_Building,Dorms,CS_Building,Student_Center,Library,Dorms,CS_Building,Library"
U0746_12,"Student_Center,Library,Dorms,Cafeteria,Library,Dorms"
U0746_2,"Dorms,Cafeteria,Library,Cafeteria"
U0746_3,"CS_Building,Cafeteria,CS_Building,Dorms,Math_Building,Student_Center,Dorms"
U0746_4,"Dorms,Math_Building,Library,Cafeteria,CS_Building,Library"
U0746_5,"Dorms,Math_Building,Cafeteria,Library,Gym"
U0746_6,"Dorms,Library,Cafeteria,CS_Building,Library,Dorms"
U0746_7,"Dorms,Math_Building,Student_Center,Library,Dorms,Library,Gym,Dorms,Library,Dorms,CS_Building,Library"
U0746_8,"Dorms,Cafeteria,Math_Building,Student_Center,Dorms"
U0746_9,"Dorms,Cafeteria,CS_Building,Student_Center,Dorms,Cafeteria,CS_Building,Library"
U0747_1,"Dorms,Math_Building,Dorms,Math_Building,Dorms,Cafeteria,CS_Building,Library"
U0747_2,"Dorms,Cafeteria,Math_Building,Library,Gym,Cafeteria,CS_Building,Library"
U0747_3,"Dorms,Cafeteria,Math_Building,Cafeteria,Library,Cafeteria,CS_Building,Library"
U0747_4,"Dorms,Cafeteria,CS_Building,Library"
U0747_5,"Dorms,Math_Building,Library,Gym,Dorms,Cafeteria,Math_Building,Dorms,CS_Building,Cafeteria,CS_Building,Student_Center,Dorms,Cafeteria,CS_Building"
U0747_6,"Dorms,Cafeteria,CS_Building,Library,Cafeteria"
U0747_7,"Dorms,CS_Building,Dorms,Cafeteria,Math_Building,Dorms"
U0747_8,"Dorms,Cafeteria,Student_Center,Gym,Dorms,Math_Building"
U0747_9,"Dorms,CS_Building,Cafeteria"
U0748_1,"Math_Building,Student_Center,Gym,Dorms,Dorms,Math_Building,Dorms,Library,Dorms,Cafeteria,Math_Building,Cafeteria"
U0748_10,"Dorms,Cafeteria,CS_Building,Student_Center,Library,Cafeteria,CS_Building,Student_Center"
U0748_11,"Dorms,Cafeteria,Math_Building,Student_Center,Gym,Dorms"
U0748_12,"Dorms,Cafeteria,Library,Student_Center,Gym,Dorms,Cafeteria,CS_Building"
U0748_13,"Dorms,CS_Building,Student_Center,Library,Cafeteria,Library,Dorms"
U0748_2,"Dorms,Cafeteria,Math_Building"
U0748_3,"Dorms,Cafeteria,Math_Building,Dorms,Library"
U0748_4,"Dorms,Math_Building,Cafeteria,CS_Building,Library,Gym"
U0748_5,"Dorms,CS_Building,Student_Center,Gym,Dorms"
U0748_6,"Dorms,Math_Building,Dorms,Math_Building,Library"
U0748_7,"Dorms,Cafeteria,Math_Building,Dorms,Cafeteria,Library"
U0748_8,"Cafeteria,Library,Gym,Dorms,Cafeteria,Library"
U0748_9,"Dorms,Math_Building,Library"
U0749_1,"Dorms,Cafeteria,Library,Dorms,Cafeteria"
U0749_10,"Dorms,Library,Gym"
U0749_11,"Dorms,CS_Building,Cafeteria,CS_Building"
U0749_12,"Dorms,Cafeteria,CS_Building,Library,Student_Center,Gym"
U0749_13,"Dorms,Library,Cafeteria,Library,Cafeteria,Library,Dorms,Cafeteria"
U0749_14,"Dorms,Cafeteria,Library,Dorms"
U0749_15,"CS_Building,Library,Gym,Dorms,Cafeteria,CS_Building,Cafeteria"
U0749_2,"Dorms,Cafeteria,Math_Building"
U0749_3,"CS_Building,Dorms,Math_Building,Student_Center,Gym,Cafeteria,Library"
U0749_4,"Dorms,Cafeteria,CS_Building,Dorms,Cafeteria,Library,Gym,Dorms,Dorms,Cafeteria,Library,Gym,Dorms,Cafeteria"
U0749_5,"Dorms,Cafeteria,Math_Building,Student_Center,Gym,Cafeteria,Math_Building"
U0749_6,"Dorms,Math_Building,Cafeteria,Math_Building,Student_Center,Dorms"
U0749_7,"Dorms,Math_Building,Library"
U0749_8,"Dorms,CS_Building,Student_Center,Dorms,Math_Building,Library,Dorms"
U0749_9,"Dorms,Math_Building,Student_Center,Gym,Cafeteria,CS_Building,Library"
U0750_1,"Cafeteria,Math_Building,Library,Cafeteria,CS_Building,Library,Dorms,Cafeteria,Dorms,Math_Building,Library,Dorms,Cafeteria"
U0750_10,"Dorms,CS_Building,Library,Cafeteria,CS_Building,Library"
U0750_11,"Dorms,Library,Gym"
U0750_12,"Student_Center,Library,Dorms,Cafeteria,Math_Building,Library,Dorms"
U0750_13,"Dorms,Cafeteria,CS_Building,Library,Gym,Dorms,CS_Building,Student_Center"
U0750_14,"Dorms,Math_Building,Dorms,Cafeteria,Library,Student_Center,Dorms,Cafeteria"
U0750_2,"Dorms,Cafeteria,CS_Building,Dorms,Cafeteria,CS_Building,Library,Dorms"
U0750_3,"Dorms,Cafeteria,Math_Building,Library,Dorms"
U0750_4,"Library,Cafeteria,Math_Building,Student_Center,Dorms,Library,Cafeteria,Math_Building"
U0750_5,"Dorms,Cafeteria,Math_Building"
U0750_6,"Student_Center,Gym,Dorms,CS_Building,Cafeteria,Math_Building,Dorms,Cafeteria,CS_Building,Student_Center"
U0750_7,"Dorms,Cafeteria,CS_Building,Student_Center,Gym,Dorms,Cafeteria,Library"
U0750_8,"Dorms,Math_Building,Cafeteria,Math_Building,Library"
U0750_9,"Dorms,Cafeteria,Library,Student_Center,Gym,Dorms,Library"
U0751_1,"Dorms,Math_Building,Library,Dorms,Math_Building,Library,Cafeteria,Student_Center,Gym,Dorms,Cafeteria,Library,Student_Center,Gym"
U0751_10,"Dorms,Cafeteria,Math_Building,Student_Center"
U0751_11,"Dorms,CS_Building,Library,Dorms,Library,Cafeteria,Math_Building,Dorms,Cafeteria"
U0751_12,"Dorms,Math_Building,Cafeteria,Math_Building,Dorms"
U0751_2,"Dorms,CS_Building,Library,Cafeteria"
U0751_3,"Dorms,Cafeteria,CS_Building"
U0751_4,"Dorms,Cafeteria,CS_Building,Library,Dorms,Cafeteria,Math_Building"
U0751_5,"Dorms,Cafeteria,Library,Cafeteria"
U0751_6,"Math_Building,Student_Center,Dorms,Cafeteria,Library,Dorms"
U0751_7,"Dorms,Math_Building,Library,Gym,Dorms,CS_Building"
U0751_8,"Dorms,CS_Building,Library,Gym,Dorms"
U0751_9,"Library,Dorms,Cafeteria,Math_Building,Dorms,CS_Building,Cafeteria,Library"
U0752_1,"Dorms,Math_Building,Library,Cafeteria,Cafeteria,Math_Building,Student_Center,Library,Gym,CS_Building,Dorms,CS_Building,Cafeteria,CS_Building,Student_Center"
U0752_10,"Library,Cafeteria,CS_Building,Library,Dorms,CS_Building"
U0752_11,"Dorms,CS_Building,Library,CS_Building,Student_Center,Library"
U0752_12,"Dorms,Cafeteria,Math_Building"
U0752_2,"Dorms,Cafeteria,Math_Building"
U0752_3,"Dorms,Cafeteria,Library,Gym"
U0752_4,"CS_Building,Cafeteria,Library,Dorms,Cafeteria,CS_Building,Student_Center,Library"
U0752_5,"Library,Cafeteria,Library,Dorms,Library,Cafeteria"
U0752_6,"Dorms,CS_Building,Library,Dorms"
U0752_7,"Dorms,Cafeteria,Math_Building,Student_Center,Dorms,Dorms,Math_Building,Library"
U0752_8,"Dorms,Cafeteria,Math_Building,Library,Dorms,Cafeteria,Math_Building"
U0752_9,"Cafeteria,Library,Gym"
U0753_1,"Dorms,Cafeteria,Student_Center,Dorms"
U0753_10,"Dorms,Cafeteria,Library"
U0753_11,"Dorms,Math_Building,Dorms,Cafeteria,Math_Building,Library,Cafeteria"
U0753_12,"Dorms,Cafeteria,Math_Building,Dorms,Cafeteria"
U0753_2,"Dorms,Cafeteria,Math_Building,Cafeteria,CS_Building"
U0753_3,"Dorms,Cafeteria,CS_Building"
U0753_4,"Student_Center,Gym,Dorms,Cafeteria"
U0753_5,"Dorms,Cafeteria,Student_Center,Dorms,Cafeteria,CS_Building,Library,Cafeteria,Dorms,Cafeteria,Library,Dorms,CS_Building,Library,Cafeteria,CS_Building"
U0753_6,"Dorms,Cafeteria,Library,Cafeteria"
U0753_7,"Dorms,CS_Building,Student_Center,Library,Cafeteria,Math_Building,Dorms,Cafeteria,Student_Center,Library"
U0753_8,"Dorms,Cafeteria,Library,Dorms"
U0753_9,"Dorms,Cafeteria,Library,Dorms,Math_Building"
U0754_1,"Dorms,Cafeteria,CS_Building,Library,Cafeteria,Math_Building"
U0754_10,"Library,Cafeteria,CS_Building,Library,Dorms,CS_Building,Student_Center,Library"
U0754_11,"Dorms,Math_Building,Student_Center,Library,Dorms,Cafeteria,CS_Building,Dorms"
U0754_12,"Student_Center,Dorms,Cafeteria,Library"
U0754_13,"Dorms,Cafeteria,CS_Building"
U0754_14,"Dorms,Library,Dorms,Dorms,Cafeteria,CS_Building,Student_Center,Dorms,Cafeteria"
U0754_2,"Dorms,CS_Building,Library,Dorms"
U0754_3,"Cafeteria,Math_Building,Library"
U0754_4,"Gym,Dorms,Math_Building,Dorms,CS_Building,Cafeteria"
U0754_5,"Dorms,CS_Building,Cafeteria"
U0754_6,"Student_Center,Library,Student_Center,Dorms,Library,Cafeteria,Math_Building,Cafeteria"
U0754_7,"Dorms,Cafeteria,Student_Center,Dorms,Cafeteria,Library"
U0754_8,"Dorms,Math_Building,Dorms,Cafeteria,CS_Building,Dorms,CS_Building,Dorms"
U0754_9,"Dorms,CS_Building,Student_Center,Dorms,Cafeteria,Math_Building,Dorms"
U0755_1,"Dorms,Cafeteria,CS_Building,Cafeteria,CS_Building,Student_Center,Dorms"
U0755_2,"Dorms,Cafeteria,CS_Building,Student_Center,Gym,Dorms,CS_Building,Library,Gym,Cafeteria,Math_Building,Library,Dorms"
U0755_3,"Dorms,Library,Dorms,Cafeteria"
U0755_4,"Dorms,Cafeteria,Library,Dorms,Cafeteria,CS_Building,Library,Cafeteria"
U0755_5,"Dorms,Math_Building,Dorms,Cafeteria,Library"
U0755_6,"Gym,Dorms,Cafeteria,Library,Dorms,CS_Building,Cafeteria,Library"
U0755_7,"Dorms,Cafeteria,Math_Building,Cafeteria"
U0755_8,"Dorms,Cafeteria,CS_Building,Cafeteria"
U0755_9,"Dorms,CS_Building,Library,Cafeteria,Dorms,Cafeteria,CS_Building,Cafeteria,Student_Center,Library"
U0756_1,"Dorms,Cafeteria,Library"
U0756_10,"Dorms,Cafeteria,Math_Building,Student_Center"
U0756_11,"Dorms,Cafeteria,CS_Building,Cafeteria,Library,Dorms,Cafeteria,Math_Building"
U0756_12,"Dorms,CS_Building,Library,Gym,Dorms,Cafeteria,CS_Building"
U0756_2,"Dorms,CS_Building,Dorms,Cafeteria"
U0756_3,"Library,Student_Center,Dorms,Math_Building,Cafeteria,Student_Center"
U0756_4,"Dorms,Math_Building,Cafeteria,CS_Building,Student_Center,Dorms,Cafeteria"
U0756_5,"Library,Dorms,Cafeteria,CS_Building,Student_Center"
U0756_6,"Dorms,Cafeteria,CS_Building,Cafeteria,Math_Building,Student_Center,Gym,Dorms,Dorms,Cafeteria,Library,Cafeteria,Math_Building"
U0756_7,"Math_Building,Library,Student_Center,Library,Dorms,Library,Student_Center,Dorms,Cafeteria,Library"
U0756_8,"CS_Building,Cafeteria,Math_Building,Student_Center"
U0756_9,"Dorms,Cafeteria,Library,Cafeteria,Library,Cafeteria,Math_Building"
U0757_1,"Dorms,CS_Building,Library,Gym"
U0757_10,"Dorms,Math_Building,Student_Center,Gym,Dorms,CS_Building,Cafeteria"
U0757_11,"Dorms,Cafeteria,CS_Building"
U0757_12,"Dorms,Math_Building,Cafeteria,Math_Building,Library,Dorms,CS_Building"
U0757_13,"Dorms,Cafeteria,CS_Building,Student_Center"
U0757_2,"Student_Center,Library,Student_Center,Dorms,Gym,Dorms,Math_Building"
U0757_3,"Dorms,Math_Building,Cafeteria,Student_Center"
U0757_4,"Cafeteria,Math_Building,Library,Dorms"
U0757_5,"Dorms,Cafeteria,CS_Building"
U0757_6,"CS_Building,Library,Dorms,Cafeteria,Math_Building,Student_Center,Dorms"
U0757_7,"Dorms,Math_Building,Cafeteria,CS_Building,Dorms,CS_Building,Library"
U0757_8,"Dorms,Math_Building,Student_Center,Gym"
U0757_9,"Dorms,Library,Cafeteria,Math_Building,Student_Center,Dorms,Library"
U0758_1,"Dorms,Cafeteria,CS_Building,Library,Cafeteria,Math_Building,Library"
U0758_10,"Student_Center,Gym,Dorms,CS_Building,Dorms"
U0758_11,"Student_Center,Dorms,Cafeteria,Library,Gym,Dorms,Math_Building"
U0758_12,"Dorms,Math_Building,Dorms,CS_Building,Student_Center,Gym"
U0758_13,"Dorms,Math_Building,Cafeteria,CS_Building"
U0758_14,"Dorms,Cafeteria,Math_Building,Library,Gym,Cafeteria,CS_Building"
U0758_15,"Dorms,Math_Building,Student_Center,Library"
U0758_2,"Dorms,CS_Building,Cafeteria"
U0758_3,"Dorms,Cafeteria,CS_Building,Library,Dorms,CS_Building,Library,Cafeteria"
U0758_4,"Dorms,Cafeteria,Library,Cafeteria,Library,Cafeteria"
U0758_5,"Dorms,CS_Building,Library,Dorms,CS_Building,Library"
U0758_6,"Gym,Dorms,Math_Building,Student_Center,Library"
U0758_7,"Dorms,Cafeteria,Library,Gym,Cafeteria,CS_Building,Cafeteria,CS_Building"
U0758_8,"Dorms,Cafeteria,CS_Building,Cafeteria,Library"
U0758_9,"Gym,Dorms,Cafeteria,Math_Building,Student_Center"
U0759_1,"Dorms,Cafeteria,CS_Building,Dorms,Math_Building,Library"
U0759_10,"Dorms,Library,Gym,Dorms"
U0759_11,"Library,Cafeteria,CS_Building,Library,Student_Center"
U0759_12,"Math_Building,Library,Gym,Dorms,Cafeteria,CS_Building,Student_Center"
U0759_2,"Dorms,CS_Building,Library,Cafeteria,CS_Building,Library,Dorms"
U0759_3,"Dorms,Cafeteria,CS_Building"
U0759_4,"Dorms,Library,Dorms,Cafeteria,Library"
U0759_5,"Dorms,Cafeteria,Student_Center,Library"
U0759_6,"Dorms,CS_Building,Dorms,Library"
U0759_7,"Dorms,Cafeteria,Library,Dorms,CS_Building,Library,Dorms,Cafeteria"
U0759_8,"Dorms,Cafeteria,CS_Building,Cafeteria"
U0759_9,"Cafeteria,Library,Gym,Dorms,Cafeteria,Student_Center"
U0760_1,"Dorms,Cafeteria,Math_Building"
U0760_10,"Cafeteria,Library,Student_Center,Dorms,Library,Dorms,Cafeteria,Math_Building,Gym,Dorms,Cafeteria,CS_Building,Cafeteria,Library,Cafeteria"
U0760_2,"Dorms,Cafeteria,CS_Building,Library,Dorms,CS_Building,Library,Cafeteria,Dorms,Cafeteria,Library,Gym,Dorms,Cafeteria,CS_Building,Student_Center"
U0760_3,"CS_Building,Student_Center,Gym,Dorms,Library,Gym,Dorms,Cafeteria,Library,Cafeteria,Library,Cafeteria,Student_Center"
U0760_4,"Dorms,Cafeteria,Library"
U0760_5,"Dorms,Cafeteria,Library,Student_Center,Dorms,Math_Building,Library,Cafeteria"
U0760_6,"Cafeteria,Math_Building,Library,Cafeteria"
U0760_7,"Student_Center,Dorms,Cafeteria,Math_Building,Library,Dorms,CS_Building,Student_Center"
U0760_8,"CS_Building,Student_Center,Gym,Dorms,CS_Building,Student_Center,Library,Dorms,Math_Building,Cafeteria,Math_Building"
U0760_9,"Dorms,Math_Building,Student_Center"
U0761_1,"Dorms,Library,Dorms,Cafeteria,Student_Center,Library,Dorms"
U0761_10,"Dorms,Cafeteria,Math_Building,Student_Center,Gym,Dorms"
U0761_11,"Dorms,CS_Building,Library"
U0761_12,"Dorms,Cafeteria,CS_Building,Cafeteria,Math_Building,Student_Center,Dorms,Cafeteria"
U0761_13,"Math_Building,Dorms,Math_Building,Student_Center,Gym,Cafeteria,CS_Building,Student_Center"
U0761_14,"Dorms,Cafeteria,Math_Building,Cafeteria,Math_Building"
U0761_15,"Dorms,Cafeteria,Math_Building,Library"
U0761_2,"Dorms,Cafeteria,Library,Gym,Dorms,Math_Building,Student_Center"
U0761_3,"Dorms,Cafeteria,CS_Building,Cafeteria,CS_Building,Library,Cafeteria,CS_Building"
U0761_4,"Dorms,Cafeteria,Student_Center,Gym,Dorms,Cafeteria"
U0761_5,"Dorms,Cafeteria,CS_Building,Dorms"
U0761_6,"Dorms,Cafeteria,Math_Building,Cafeteria,Library,Student_Center,Dorms,Cafeteria"
U0761_7,"Dorms,Cafeteria,Library,Cafeteria,Library,Cafeteria,Library,Gym"
U0761_8,"Math_Building,Student_Center,Dorms,Math_Building,Student_Center,Dorms"
U0761_9,"Dorms,Cafeteria,Math_Building"
U0762_1,"Dorms,CS_Building,Dorms,Cafeteria,CS_Building,Library,Dorms"
U0762_10,"Dorms,Cafeteria,Student_Center,Library"
U0762_2,"Student_Center,Library,Dorms,Cafeteria,Library"
U0762_3,"Dorms,Cafeteria,Library,Dorms,CS_Building,Cafeteria,CS_Building,Cafeteria"
U0762_4,"Dorms,Library,Dorms,Cafeteria,CS_Building,Cafeteria,Math_Building"
U0762_5,"Dorms,CS_Building,Library,Gym,Dorms,Cafeteria,CS_Building,Library"
U0762_6,"Gym,Dorms,Cafeteria,Math_Building,Library,Dorms,Dorms,Library,Cafeteria,Student_Center,Library,Gym,Dorms,Cafeteria"
U0762_7,"Dorms,Cafeteria,Math_Building"
U0762_8,"Dorms,Cafeteria,CS_Building,Student_Center,Library,Gym,Cafeteria,CS_Building"
U0762_9,"Dorms,Cafeteria,Library,Cafeteria,Math_Building,Library"
U0763_1,"Dorms,Library,Dorms,CS_Building,Library"
U0763_2,"Dorms,Cafeteria,Library,Gym"
U0763_3,"Dorms,Math_Building,Student_Center,Library"
U0763_4,"Dorms,Cafeteria,Student_Center,Gym,Dorms,CS_Building,Library,Dorms,CS_Building,Library,Dorms,CS_Building,Student_Center,Library"
U0763_5,"Dorms,Cafeteria,Math_Building,Library,Dorms,Cafeteria,CS_Building"
U0763_6,"Dorms,Cafeteria,Student_Center,Library,Dorms,Library"
U0763_7,"Dorms,Library,Dorms,Math_Building,Library"
U0763_8,"Dorms,Cafeteria,Math_Building,Library,Gym,Dorms,Cafeteria"
U0763_9,"Dorms,Math_Building,Dorms,Library,Cafeteria,CS_Building,Student_Center"
U0764_1,"Dorms,Cafeteria,Library,Cafeteria,Math_Building"
U0764_10,"Dorms,CS_Building,Library,Dorms,Cafeteria,Math_Building,Student_Center,Dorms"
U0764_11,"Student_Center,Dorms,Cafeteria,CS_Building,Dorms,Cafeteria,Library,Dorms,CS_Building,Library,Dorms"
U0764_12,"Dorms,Cafeteria,CS_Building,Cafeteria,Library,Dorms,Math_Building,Cafeteria"
U0764_2,"Student_Center,Library,Dorms,Library"
U0764_3,"Dorms,Library,Cafeteria,Library,Gym"
U0764_4,"Dorms,CS_Building,Student_Center,Library,Student_Center,Dorms"
U0764_5,"CS_Building,Student_Center,Dorms,CS_Building,Library"
U0764_6,"Dorms,Math_Building,Library,Cafeteria,CS_Building"
U0764_7,"Dorms,Library,Dorms,Math_Building,Cafeteria,Student_Center,Library,Cafeteria"
U0764_8,"Dorms,CS_Building,Library,Cafeteria,CS_Building,Student_Center"
U0764_9,"CS_Building,Dorms,Cafeteria,CS_Building,Student_Center,Dorms,CS_Building,Student_Center"
U0765_1,"CS_Building,Student_Center,Library,Dorms,Math_Building,Student_Center,Dorms,CS_Building"
U0765_10,"Dorms,Math_Building,Student_Center,Gym,Dorms,Cafeteria,CS_Building"
U0765_11,"Gym,Dorms,Cafeteria,Student_Center,Gym,Dorms"
U0765_12,"Dorms,Cafeteria,Math_Building,Student_Center,Dorms,Cafeteria,CS_Building"
U0765_13,"Dorms,Math_Building,Cafeteria,Library,Gym,Dorms,Cafeteria"
U0765_14,"Dorms,Math_Building,Cafeteria,Math_Building,Student_Center,Gym,Cafeteria,Dorms,Cafeteria,CS_Building"
U0765_2,"Dorms,Math_Building,Library,Dorms,Cafeteria,Library"
U0765_3,"Dorms,CS_Building,Student_Center,Gym,Dorms"
U0765_4,"Cafeteria,CS_Building,Student_Center,Library,Gym,Dorms"
U0765_5,"Dorms,CS_Building,Student_Center,Dorms,CS_Building,Library,Gym,Dorms"
U0765_6,"Library,Dorms,Cafeteria,Math_Building,Cafeteria,Math_Building,Student_Center,Dorms,CS_Building,Student_Center,Dorms,Math_Building"
U0765_7,"Dorms,Cafeteria,Student_Center"
U0765_8,"Dorms,Cafeteria,CS_Building,Library"
U0765_9,"Library,Dorms,Math_Building,Cafeteria,Library,Dorms,Cafeteria,Library"
U0766_1,"Dorms,Cafeteria,CS_Building,Library"
U0766_10,"Dorms,Library,Student_Center,Library,Dorms,CS_Building,Library,Gym"
U0766_11,"CS_Building,Library,Dorms,Cafeteria,Math_Building,Cafeteria,CS_Building,Library,Dorms,CS_Building,Cafeteria,Math_Building"
U0766_2,"Dorms,Math_Building,Library,Gym,Dorms,Math_Building,Dorms,Math_Building"
U0766_3,"Dorms,Cafeteria,Student_Center,Dorms,Library,Dorms,Cafeteria"
U0766_4,"Gym,Dorms,Cafeteria,Library,Cafeteria,CS_Building"
U0766_5,"Student_Center,Dorms,Cafeteria,Student_Center,Library,Dorms"
U0766_6,"Dorms,CS_Building,Cafeteria,Math_Building,Cafeteria,CS_Building,Library"
U0766_7,"Dorms,CS_Building,Library,Student_Center,Dorms"
U0766_8,"Cafeteria,CS_Building,Cafeteria,CS_Building,Dorms,Library,Cafeteria,Math_Building"
U0766_9,"Dorms,Cafeteria,Math_Building,Dorms"
U0767_1,"Dorms,Cafeteria,Math_Building,Dorms,CS_Building"
U0767_10,"Dorms,CS_Building,Dorms,Cafeteria,Library,Cafeteria"
U0767_11,"Gym,Dorms,Math_Building,Dorms,Cafeteria,Library"
U0767_2,"Dorms,Cafeteria,Library,Cafeteria,Dorms,Cafeteria,Library,Dorms,Cafeteria,CS_Building,Library,Cafeteria"
U0767_3,"Library,Cafeteria,CS_Building,Student_Center,Dorms,CS_Building,Library"
U0767_4,"Dorms,Math_Building,Student_Center,Gym"
U0767_5,"Dorms,Cafeteria,CS_Building,Library"
U0767_6,"Library,Gym,Dorms,Math_Building,Student_Center"
U0767_7,"Dorms,Cafeteria,Math_Building"
U0767_8,"Cafeteria,Library,Gym,Dorms,Cafeteria"
U0767_9,"Dorms,Math_Building,Library,Gym,Cafeteria,CS_Building"
U0768_1,"Dorms,Library,Cafeteria,Math_Building"
U0768_10,"Dorms,Cafeteria,CS_Building,Library,Dorms,Cafeteria,Student_Center,Dorms,CS_Building,Student_Center"
U0768_11,"Cafeteria,Math_Building,Student_Center,Gym,Dorms,Cafeteria,Math_Building,Student_Center"
U0768_12,"Dorms,Cafeteria,Math_Building,Dorms,CS_Building,Student_Center"
U0768_13,"Dorms,Cafeteria,CS_Building"
U0768_14,"Dorms,Math_Building,Cafeteria,Library,Cafeteria,CS_Building,Library"
U0768_15,"Dorms,CS_Building,Library,Dorms,Gym,Cafeteria,CS_Building,Student_Center"
U0768_16,"Dorms,Cafeteria,Student_Center"
U0768_17,"Dorms,Cafeteria,CS_Building,Library,Gym,Dorms,CS_Building"
U0768_18,"Dorms,Cafeteria,Math_Building,Student_Center,Dorms,Cafeteria,Math_Building,Student_Center"
U0768_2,"Cafeteria,Student_Center,Dorms"
U0768_3,"CS_Building,Student_Center,Gym,Cafeteria,CS_Building"
U0768_4,"Dorms,Math_Building,Library"
U0768_5,"Dorms,Cafeteria,Math_Building,Student_Center,Library,Dorms,CS_Building"
U0768_6,"Dorms,CS_Building,Cafeteria,Library"
U0768_7,"Dorms,Math_Building,Student_Center"
U0768_8,"Library,Student_Center,Dorms"
U0768_9,"Dorms,Cafeteria,CS_Building,Student_Center,Gym"
U0769_1,"Dorms,CS_Building,Library,Dorms,Math_Building,Library,Dorms,Cafeteria,Dorms,CS_Building,Library,Cafeteria,Library,Dorms,Cafeteria"
U0769_10,"Dorms,Cafeteria,CS_Building,Cafeteria,Student_Center,Dorms"
U0769_11,"Dorms,Library,Dorms,Cafeteria,Math_Building,Library,Dorms"
U0769_12,"Student_Center,Gym,Dorms"
U0769_13,"Library,Dorms,Cafeteria"
U0769_14,"Dorms,Cafeteria,Math_Building,Library"
U0769_2,"Dorms,Cafeteria,CS_Building,Library"
U0769_3,"Cafeteria,Math_Building,Cafeteria,Math_Building,Student_Center,Dorms,Cafeteria,Library"
U0769_4,"Dorms,CS_Building,Library,Dorms,CS_Building,Student_Center,Dorms,Dorms,Cafeteria,Library,Student_Center,Library"
U0769_5,"CS_Building,Library,Cafeteria"
U0769_6,"Dorms,Math_Building,Library,Gym"
U0769_7,"Dorms,Math_Building,Dorms"
U0769_8,"Dorms,CS_Building,Cafeteria,Math_Building,Library,Dorms"
U0769_9,"Dorms,Math_Building,Library,Cafeteria,CS_Building,Library,Student_Center"
U0770_1,"Dorms,Cafeteria,Math_Building,Student_Center,Library"
U0770_10,"Dorms,Cafeteria,Math_Building,Library,Gym,Dorms,Cafeteria,CS_Building"
U0770_11,"Dorms,Cafeteria,CS_Building,Library,Gym,Dorms,Math_Building,Library,Gym"
U0770_12,"Dorms,Math_Building,Student_Center,Gym,Dorms,CS_Building,Student_Center,Gym"
U0770_13,"Dorms,Cafeteria,Math_Building,Dorms,Cafeteria,CS_Building,Library,Dorms,Dorms,Math_Building,Library,Dorms"
U0770_2,"Library,Cafeteria,CS_Building,Library,Cafeteria,CS_Building,Dorms,CS_Building,Library,Cafeteria,CS_Building,Library"
U0770_3,"Dorms,Cafeteria,Math_Building,Dorms,CS_Building,Library,Dorms,Cafeteria"
U0770_4,"Dorms,Cafeteria,Library,Cafeteria,Library,Cafeteria,Gym,Cafeteria,Library,Student_Center"
U0770_5,"Dorms,CS_Building,Student_Center,Library,Dorms,Cafeteria,CS_Building"
U0770_6,"Dorms,Cafeteria,Math_Building,Cafeteria,CS_Building,Student_Center"
U0770_7,"Dorms,CS_Building,Student_Center,Library,Cafeteria"
U0770_8,"Dorms,CS_Building,Dorms,CS_Building,Cafeteria,Library,Cafeteria"
U0770_9,"Dorms,Cafeteria,Library,Dorms"
U0771_1,"Dorms,Math_Building,Cafeteria,Library,Gym,Cafeteria"
U0771_2,"Dorms,Math_Building,Library,Dorms"
U0771_3,"Gym,Dorms,Cafeteria,Student_Center,Dorms,CS_Building,Cafeteria"
U0771_4,"Dorms,Cafeteria,Math_Building,Library,Dorms,Cafeteria,CS_Building,Student_Center,Dorms,Cafeteria,Library,Dorms,Dorms,Cafeteria,Student_Center,Dorms,Library,Gym,Cafeteria,Library"
U0771_5,"Dorms,Math_Building,Dorms,Cafeteria,Dorms,Cafeteria,Library,Gym,Cafeteria,Library,Cafeteria,Library"
U0771_6,"Dorms,CS_Building,Cafeteria,Library,Gym,Dorms,Cafeteria"
U0771_7,"Dorms,CS_Building,Library,Dorms"
U0771_8,"Dorms,CS_Building,Cafeteria,Math_Building,Cafeteria,CS_Building,Dorms"
U0772_1,"Gym,Dorms,CS_Building,Cafeteria,Dorms,Library,Gym,Cafeteria,Math_Building,Cafeteria,Math_Building,Student_Center"
U0772_10,"Dorms,CS_Building,Cafeteria,CS_Building,Student_Center,Gym,Dorms"
U0772_11,"Dorms,Cafeteria,CS_Building,Student_Center,Dorms"
U0772_12,"Dorms,Cafeteria,Math_Building,Cafeteria"
U0772_13,"Dorms,Cafeteria,CS_Building,Cafeteria,Library"
U0772_2,"Library,Dorms,Cafeteria,CS_Building,Student_Center"
U0772_3,"Dorms,Library,Gym,Dorms,Cafeteria,Math_Building"
U0772_4,"Student_Center,Dorms,Cafeteria,CS_Building,Student_Center,Library,Dorms"
U0772_5,"CS_Building,Library,Gym,Dorms,Cafeteria,Math_Building"
U0772_6,"Dorms,CS_Building,Library,Cafeteria,CS_Building,Library,Dorms,Cafeteria"
U0772_7,"Dorms,CS_Building,Library"
U0772_8,"Dorms,Library,Cafeteria,CS_Building,Cafeteria,Math_Building"
U0772_9,"Dorms,Cafeteria,CS_Building,Library,Dorms,Cafeteria,Math_Building,Dorms"
U0773_1,"Dorms,Cafeteria,CS_Building,Student_Center,Gym,Dorms,Library,Dorms,Cafeteria,CS_Building,Library"
U0773_10,"Dorms,Math_Building,Student_Center,Gym"
U0773_11,"Dorms,Library,Dorms,CS_Building"
U0773_12,"Dorms,Cafeteria,Math_Building,Cafeteria,Student_Center,Dorms,Cafeteria"
U0773_13,"Math_Building,Dorms,Cafeteria,Math_Building,Student_Center,Gym,Dorms"
U0773_2,"Dorms,Cafeteria,CS_Building,Library,Dorms,Cafeteria,CS_Building,Library"
U0773_3,"Dorms,Library,Dorms,Math_Building"
U0773_4,"Dorms,Math_Building,Library,Dorms"
U0773_5,"Dorms,CS_Building,Library,Cafeteria"
U0773_6,"Dorms,Cafeteria,Library,Cafeteria"
U0773_7,"Dorms,Math_Building,Library"
U0773_8,"Dorms,Cafeteria,Student_Center,Dorms,Math_Building,Library"
U0773_9,"Dorms,Cafeteria,Math_Building,Student_Center,Gym,Cafeteria,CS_Building,Student_Center,Dorms,CS_Building,Library"
U0774_1,"Student_Center,Dorms,CS_Building,Library,Gym,Dorms,Cafeteria,CS_Building"
U0774_10,"Dorms,Cafeteria,CS_Building,Dorms,Math_Building,Cafeteria,Math_Building,Cafeteria,Library,Cafeteria,CS_Building"
U0774_2,"Student_Center,Dorms,Math_Building"
U0774_3,"Dorms,CS_Building,Library,Dorms,Math_Building,Dorms,Cafeteria,Math_Building,Student_Center,Library,Dorms,Cafeteria,CS_Building,Dorms,Cafeteria,Library,Cafeteria"
U0774_4,"Dorms,Cafeteria,CS_Building,Dorms,CS_Building,Cafeteria"
U0774_5,"Dorms,Cafeteria,Math_Building"
U0774_6,"Library,Gym,Dorms,Math_Building,Dorms,Math_Building"
U0774_7,"Dorms,Cafeteria,Library"
U0774_8,"Dorms,Cafeteria,CS_Building,Library,Dorms"
U0774_9,"Gym,Dorms,Math_Building,Student_Center,Library,Gym,Dorms,Cafeteria,CS_Building"
U0775_1,"CS_Building,Library,Cafeteria,Library,Gym,Dorms"
U0775_10,"Dorms,Cafeteria,Student_Center,Dorms,Math_Building"
U0775_11,"Library,Dorms,Cafeteria,Student_Center,Gym"
U0775_12,"Dorms,Library,Gym,Cafeteria,Library,Cafeteria,Math_Building,Dorms"
U0775_13,"Gym,Dorms,Cafeteria,Math_Building,Library,Dorms,Math_Building,Library,Dorms"
U0775_14,"CS_Building,Dorms,Cafeteria,CS_Building,Library,Cafeteria,Math_Building"
U0775_2,"CS_Building,Student_Center,Library,Gym,Cafeteria,Library"
U0775_3,"Dorms,CS_Building,Cafeteria,CS_Building,Library,Dorms"
U0775_4,"Dorms,Cafeteria,CS_Building,Library,Dorms,Cafeteria,Library,Dorms,Library,Cafeteria,Math_Building,Student_Center,Dorms"
U0775_5,"Dorms,Cafeteria,Library,Cafeteria,CS_Building,Student_Center"
U0775_6,"Dorms,Cafeteria,Student_Center,Dorms"
U0775_7,"Dorms,Cafeteria,CS_Building"
U0775_8,"Dorms,CS_Building,Cafeteria"
U0775_9,"Dorms,Cafeteria,Student_Center,Dorms,Cafeteria,CS_Building,Library,Dorms"
U0776_1,"Dorms,CS_Building,Library,Gym,Dorms,Cafeteria,Math_Building,Library"
U0776_10,"Math_Building,Library,Cafeteria,Math_Building,Library,Cafeteria,CS_Building"
U0776_2,"Dorms,Cafeteria,Student_Center"
U0776_3,"Dorms,Cafeteria,CS_Building,Library"
U0776_4,"Dorms,Math_Building,Student_Center,Gym,Dorms"
U0776_5,"Dorms,Cafeteria,Math_Building,Dorms"
U0776_6,"Dorms,CS_Building,Cafeteria"
U0776_7,"Math_Building,Student_Center,Dorms"
U0776_8,"Gym,Dorms,Math_Building,Cafeteria,CS_Building,Library"
U0776_9,"Dorms,Library,Dorms,Cafeteria,CS_Building"
U0777_1,"Dorms,Cafeteria,Student_Center,Dorms,Math_Building"
U0777_2,"Dorms,CS_Building,Cafeteria,CS_Building,Library,Dorms"
U0777_3,"Dorms,CS_Building,Library,Dorms,Math_Building,Library,Dorms"
U0777_4,"Dorms,Cafeteria,CS_Building,Cafeteria,Library,Dorms"
U0777_5,"Dorms,CS_Building,Library,Dorms,Library,Cafeteria,Student_Center"
U0777_6,"Gym,Dorms,Library"
U0777_7,"Dorms,Cafeteria,CS_Building,Student_Center"
U0777_8,"Dorms,Cafeteria,Math_Building"
U0777_9,"Dorms,Cafeteria,Library,Student_Center,Library,Cafeteria,Dorms,Math_Building,Library,Dorms,Cafeteria,CS_Building,Library"
U0778_1,"Student_Center,Gym,Dorms,CS_Building,Dorms,CS_Building,Cafeteria,Student_Center,Gym,Dorms,Cafeteria,Math_Building,Student_Center,Library"
U0778_10,"Dorms,CS_Building,Library,Cafeteria,CS_Building,Library,Gym,Dorms,Dorms,Cafeteria,CS_Building,Cafeteria,CS_Building,Library,Cafeteria"
U0778_11,"Dorms,CS_Building,Library,Dorms,CS_Building,Cafeteria,CS_Building,Library"
U0778_2,"Cafeteria,Student_Center,Gym"
U0778_3,"Library,Dorms,Library,Dorms,Math_Building,Student_Center,Dorms,Cafeteria"
U0778_4,"Dorms,Library,Dorms,Cafeteria,Library,Dorms,Cafeteria,Library"
U0778_5,"Dorms,Library,Dorms,CS_Building,Library,Cafeteria"
U0778_6,"Student_Center,Library,Cafeteria,Student_Center,Gym,Dorms,Cafeteria"
U0778_7,"Dorms,Math_Building,Dorms"
U0778_8,"Dorms,Cafeteria,Library,Gym,Cafeteria,Gym,Dorms,Library,Cafeteria,Library,Dorms,Cafeteria,Math_Building,Dorms"
U0778_9,"Dorms,Library,Gym,Dorms,Cafeteria,Cafeteria,Library,Cafeteria,Math_Building,Library"
U0779_1,"Dorms,CS_Building,Library,Cafeteria,CS_Building,Cafeteria,CS_Building"
U0779_10,"Dorms,Library,Student_Center,Dorms,Cafeteria,Library,Dorms"
U0779_11,"Dorms,Cafeteria,Math_Building,Student_Center,Dorms,CS_Building"
U0779_12,"Dorms,Cafeteria,Library,Cafeteria,Math_Building"
U0779_13,"Dorms,Cafeteria,CS_Building,Library,Cafeteria,CS_Building,Dorms,Cafeteria"
U0779_14,"Gym,Cafeteria,Math_Building,Cafeteria,CS_Building,Dorms"
U0779_2,"Dorms,Cafeteria,Math_Building,Dorms,Library,Dorms,Cafeteria"
U0779_3,"Cafeteria,CS_Building,Dorms,Math_Building,Dorms,CS_Building"
U0779_4,"Dorms,Cafeteria,CS_Building,Library,Dorms"
U0779_5,"Student_Center,Gym,Dorms,Math_Building"
U0779_6,"Cafeteria,Student_Center,Dorms,Cafeteria,Library,Gym,Dorms,CS_Building"
U0779_7,"Dorms,Cafeteria,Library,Gym,Dorms,Cafeteria,CS_Building,Student_Center"
U0779_8,"Student_Center,Gym,Dorms,Cafeteria,Student_Center,Dorms,Dorms,Cafeteria,Math_Building,Dorms,Cafeteria,Math_Building"
U0779_9,"Dorms,Cafeteria,Library,Gym,Dorms"
U0780_1,"Dorms,CS_Building,Cafeteria,CS_Building,Cafeteria,Library,Student_Center"
U0780_10,"Dorms,Cafeteria,Library"
U0780_11,"Dorms,Math_Building,Library,Dorms,Cafeteria,Library,Gym"
U0780_12,"Cafeteria,CS_Building,Cafeteria,Student_Center,Dorms,Cafeteria,Library,Dorms"
U0780_13,"Dorms,CS_Building,Dorms"
U0780_2,"Dorms,Cafeteria,Math_Building,Dorms,Cafeteria"
U0780_3,"CS_Building,Library,Gym,Dorms,Math_Building,Dorms,Cafeteria"
U0780_4,"Dorms,Cafeteria,Student_Center,Gym"
U0780_5,"Cafeteria,Student_Center,Gym,Cafeteria,CS_Building,Library,Gym"
U0780_6,"Dorms,Math_Building,Cafeteria,CS_Building,Dorms,Math_Building"
U0780_7,"Dorms,CS_Building,Student_Center,Dorms,Math_Building,Dorms,Cafeteria"
U0780_8,"Dorms,Cafeteria,Library,Gym,Dorms"
U0780_9,"Library,Gym,Dorms,Cafeteria,CS_Building,Dorms,Cafeteria,CS_Building"
U0781_1,"CS_Building,Student_Center,Dorms,Math_Building,Library"
U0781_10,"Dorms,Cafeteria,Math_Building,Dorms,Cafeteria,CS_Building,Dorms,CS_Building,Library,Dorms,Cafeteria"
U0781_11,"Library,Cafeteria,CS_Building,Library,Dorms,Library,Gym,Cafeteria"
U0781_12,"Dorms,Library,Student_Center,Gym,Dorms,Cafeteria"
U0781_2,"Dorms,Library,Dorms"
U0781_3,"Dorms,Cafeteria,Math_Building"
U0781_4,"Dorms,Library,Dorms,Library,Gym,Dorms,Dorms,Cafeteria,Library,Dorms,Cafeteria,Library,Student_Center,Dorms,Dorms,Math_Building,Student_Center,Dorms,Cafeteria,Math_Building,Cafeteria,CS_Building"
U0781_5,"Dorms,CS_Building,Dorms,Dorms,Cafeteria,CS_Building"
U0781_6,"Library,Dorms,Cafeteria"
U0781_7,"Dorms,Math_Building,Student_Center,Dorms,Math_Building,Cafeteria"
U0781_8,"Dorms,Cafeteria,CS_Building,Library"
U0781_9,"Dorms,CS_Building,Cafeteria"
U0782_1,"Dorms,Cafeteria,Library,Cafeteria,Library,Dorms,Cafeteria,Math_Building"
U0782_10,"Dorms,Cafeteria,CS_Building,Library,Gym,Dorms,CS_Building,Library,Dorms,CS_Building,Library,Student_Center"
U0782_2,"Dorms,Cafeteria,CS_Building,Cafeteria"
U0782_3,"Dorms,CS_Building,Student_Center,Gym,Dorms,Cafeteria"
U0782_4,"Dorms,Library,Student_Center,Library,Dorms"
U0782_5,"Dorms,CS_Building,Library,Cafeteria,Dorms,CS_Building,Student_Center,Dorms,Math_Building,Dorms,Math_Building,Student_Center"
U0782_6,"Dorms,Math_Building,Dorms,Cafeteria,CS_Building,Dorms,Cafeteria,Library"
U0782_7,"Dorms,Math_Building,Cafeteria,CS_Building,Library"
U0782_8,"Dorms,Math_Building,Library,Cafeteria,CS_Building"
U0782_9,"Student_Center,Library,Cafeteria,CS_Building"
U0783_1,"Gym,Cafeteria,Math_Building,Student_Center,Library"
U0783_10,"Dorms,Library,Gym,Dorms"
U0783_11,"Student_Center,Dorms,Cafeteria"
U0783_12,"Dorms,Cafeteria,Student_Center,Library,Cafeteria"
U0783_13,"Dorms,Library,Dorms,Cafeteria"
U0783_14,"CS_Building,Dorms,Math_Building,Cafeteria,CS_Building,Cafeteria,Library,Gym"
U0783_2,"Dorms,Cafeteria,Math_Building,Student_Center,Dorms,CS_Building"
U0783_3,"Dorms,Math_Building,Cafeteria,CS_Building,Cafeteria,Student_Center,Gym,Dorms"
U0783_4,"Dorms,Library,Cafeteria"
U0783_5,"Dorms,Cafeteria,CS_Building,Library,Dorms"
U0783_6,"Dorms,Library,Dorms,CS_Building,Cafeteria,CS_Building,Dorms,Cafeteria"
U0783_7,"Dorms,Library,Cafeteria,Library"
U0783_8,"Gym,Cafeteria,CS_Building,Cafeteria,Math_Building,Student_Center,Library"
U0783_9,"Dorms,Cafeteria,Student_Center,Dorms,Math_Building"
U0784_1,"CS_Building,Student_Center,Dorms,Math_Building,Cafeteria,CS_Building,Library"
U0784_10,"Cafeteria,Math_Building,Library,Cafeteria,Library"
U0784_11,"Dorms,Cafeteria,Library,Cafeteria,CS_Building,Library,Dorms"
U0784_12,"Dorms,Math_Building,Student_Center"
U0784_13,"Math_Building,Library,Dorms,Math_Building"
U0784_2,"Dorms,Cafeteria,Math_Building,Student_Center,Gym,Dorms,CS_Building"
U0784_3,"Dorms,Math_Building,Student_Center,Gym,Dorms,Library,Dorms,Math_Building"
U0784_4,"CS_Building,Student_Center,Dorms,Cafeteria,Math_Building,Student_Center"
U0784_5,"Dorms,Cafeteria,CS_Building,Library,Gym,Cafeteria"
U0784_6,"Dorms,Math_Building,Cafeteria"
U0784_7,"Gym,Dorms,Math_Building,Student_Center,Library,Dorms,CS_Building,Cafeteria"
U0784_8,"Dorms,Cafeteria,Math_Building,Student_Center,Library,Cafeteria,CS_Building,Dorms,Cafeteria,Math_Building"
U0784_9,"Dorms,Library,Gym,Cafeteria,Library,Dorms,Cafeteria,Math_Building"
U0785_1,"Gym,Dorms,Cafeteria,Student_Center,Dorms,CS_Building,Dorms,CS_Building,Cafeteria,Math_Building,Dorms,CS_Building,Dorms"
U0785_10,"Dorms,Cafeteria,Math_Building,Cafeteria,CS_Building,Cafeteria,Student_Center,Library"
U0785_11,"Dorms,Cafeteria,CS_Building,Dorms,Math_Building"
U0785_12,"Dorms,Cafeteria,Library,Dorms,CS_Building"
U0785_2,"Dorms,CS_Building,Cafeteria,CS_Building,Library,Cafeteria,CS_Building"
U0785_3,"Cafeteria,CS_Building,Library,Dorms,CS_Building,Cafeteria,Dorms,Math_Building,Student_Center,Gym"
U0785_4,"Dorms,Cafeteria,Library"
U0785_5,"Dorms,Math_Building,Student_Center,Dorms,Cafeteria"
U0785_6,"Dorms,Cafeteria,Math_Building,Cafeteria,Library,Dorms,Cafeteria,Library"
U0785_7,"Dorms,Library,Dorms"
U0785_8,"Cafeteria,CS_Building,Library,Gym,Dorms"
U0785_9,"Dorms,Library,Gym,Dorms"
U0786_1,"Gym,Cafeteria,CS_Building,Library,Gym,Dorms"
U0786_10,"Library,Gym,Dorms,Library,Gym,Dorms,Cafeteria"
U0786_11,"Dorms,Cafeteria,CS_Building,Cafeteria,CS_Building,Student_Center,Library,Dorms"
U0786_12,"Dorms,Cafeteria,CS_Building,Library,Cafeteria"
U0786_13,"Cafeteria,Math_Building,Library,Dorms,CS_Building,Library,Gym"
U0786_2,"Dorms,Cafeteria,Library,Gym,Dorms,CS_Building"
U0786_3,"Dorms,Cafeteria,Library,Gym"
U0786_4,"Dorms,Math_Building,Student_Center,Library,Cafeteria,CS_Building"
U0786_5,"Cafeteria,Math_Building,Cafeteria,Math_Building,Library,Cafeteria"
U0786_6,"Cafeteria,Library,Student_Center,Dorms,Cafeteria,Library,Cafeteria"
U0786_7,"Cafeteria,Library,Cafeteria,Math_Building"
U0786_8,"Dorms,Cafeteria,CS_Building,Student_Center,Library"
U0786_9,"Dorms,Library,Student_Center,Gym,Dorms,Math_Building,Cafeteria,CS_Building"
U0787_1,"Dorms,CS_Building,Student_Center,Dorms,Library"
U0787_10,"Math_Building,Cafeteria,Student_Center,Dorms,Cafeteria,Student_Center,Library,Dorms,Cafeteria,Math_Building,Library,Cafeteria"
U0787_11,"Dorms,Cafeteria,CS_Building,Dorms,Math_Building"
U0787_12,"Dorms,Cafeteria,CS_Building,Student_Center,Library,Dorms"
U0787_2,"Dorms,CS_Building,Cafeteria,CS_Building,Student_Center"
U0787_3,"Cafeteria,Library,Gym"
U0787_4,"Dorms,Cafeteria,Math_Building,Cafeteria,CS_Building,Cafeteria"
U0787_5,"Dorms,Cafeteria,Math_Building,Library"
U0787_6,"Dorms,Cafeteria,CS_Building"
U0787_7,"Dorms,CS_Building,Student_Center,Gym,Dorms"
U0787_8,"CS_Building,Student_Center,Dorms,Cafeteria,Library,Dorms"
U0787_9,"Dorms,Cafeteria,CS_Building,Library,Dorms,Cafeteria,Math_Building"
U0788_1,"Dorms,CS_Building,Cafeteria,Student_Center,Library"
U0788_10,"Dorms,Cafeteria,Math_Building,Student_Center,Library"
U0788_11,"Gym,Dorms,Math_Building,Library,Cafeteria,Math_Building"
U0788_12,"Library,Gym,Dorms"
U0788_13,"Dorms,Cafeteria,Library,Cafeteria,Dorms,Cafeteria,Math_Building,Dorms"
U0788_2,"Dorms,Library,Gym,Dorms"
U0788_3,"Dorms,Cafeteria,CS_Building,Library,Cafeteria"
U0788_4,"Dorms,Cafeteria,CS_Building,Student_Center,Gym,Dorms,Math_Building"
U0788_5,"Dorms,CS_Building,Library,Dorms"
U0788_6,"Dorms,Cafeteria,CS_Building,Library,Dorms,Cafeteria,Library"
U0788_7,"Dorms,CS_Building,Student_Center,Library,Cafeteria,Math_Building"
U0788_8,"Dorms,Cafeteria,Math_Building,Cafeteria,Math_Building,Cafeteria,CS_Building,Library"
U0788_9,"Dorms,Cafeteria,Math_Building,Student_Center,Dorms,Math_Building"
U0789_1,"Dorms,Math_Building,Library,Dorms"
U0789_10,"Dorms,CS_Building,Cafeteria,Math_Building,Student_Center,Library,Dorms"
U0789_11,"Dorms,Cafeteria,CS_Building"
U0789_12,"Dorms,Cafeteria,Math_Building,Library"
U0789_13,"Dorms,Cafeteria,CS_Building,Student_Center,Library,Gym"
U0789_14,"Math_Building,Library,Student_Center,Dorms,Math_Building,Cafeteria,CS_Building,Cafeteria"
U0789_15,"CS_Building,Dorms,CS_Building"
U0789_16,"Dorms,Cafeteria,CS_Building,Library"
U0789_2,"Dorms,Math_Building,Dorms,CS_Building,Library,Gym,Cafeteria,Student_Center"
U0789_3,"Dorms,Cafeteria,CS_Building,Cafeteria,CS_Building,Dorms"
U0789_4,"Student_Center,Dorms,Cafeteria"
U0789_5,"Dorms,Math_Building,Cafeteria,CS_Building,Student_Center"
U0789_6,"Dorms,Cafeteria,Math_Building,Cafeteria,Student_Center,Library,Cafeteria,Student_Center,Student_Center,Library,Gym,Dorms,Cafeteria,Math_Building,Cafeteria,Library"
U0789_7,"CS_Building,Student_Center,Gym,Dorms,Cafeteria,CS_Building,Student_Center,Gym"
U0789_8,"Dorms,Cafeteria,Library"
U0789_9,"Dorms,Cafeteria,Library,Cafeteria,Library,Dorms,Cafeteria"
U0790_1,"Dorms,Cafeteria,Math_Building,Student_Center,Gym,Dorms,Math_Building,Dorms"
U0790_10,"Dorms,CS_Building,Library"
U0790_11,"Dorms,Math_Building,Library,Cafeteria,Math_Building,Library,Dorms"
U0790_2,"Dorms,Math_Building,Library,Dorms"
U0790_3,"Dorms,Math_Building,Library,Student_Center,Library,Cafeteria"
U0790_4,"Dorms,Math_Building,Library"
U0790_5,"Gym,Dorms,Math_Building,Library,Dorms,CS_Building,Library,Student_Center"
U0790_6,"Dorms,Cafeteria,Library,Gym"
U0790_7,"Dorms,Cafeteria,CS_Building,Dorms,Cafeteria"
U0790_8,"Dorms,Cafeteria,Math_Building,Dorms"
U0790_9,"Cafeteria,Math_Building,Library,Cafeteria,CS_Building"
U0791_1,"Dorms,CS_Building,Cafeteria,Math_Building,Library,Dorms,Cafeteria,Student_Center,Dorms,Library,Gym,Dorms,Cafeteria"
U0791_10,"CS_Building,Cafeteria,Student_Center,Dorms,Math_Building"
U0791_11,"Dorms,CS_Building,Library,Dorms,Cafeteria,Math_Building"
U0791_12,"Dorms,Cafeteria,Math_Building,Student_Center,Library,Cafeteria,Library,Dorms"
U0791_13,"Dorms,CS_Building,Cafeteria"
U0791_2,"Dorms,Cafeteria,Math_Building,Student_Center,Library"
U0791_3,"Dorms,Cafeteria,Math_Building,Dorms,Cafeteria,CS_Building,Library"
U0791_4,"Dorms,CS_Building,Student_Center,Gym,Dorms,Cafeteria,CS_Building,Student_Center,Gym"
U0791_5,"Math_Building,Library,Cafeteria,Library,Cafeteria,Library,Dorms,CS_Building,Library,Dorms"
U0791_6,"CS_Building,Student_Center,Library"
U0791_7,"Dorms,CS_Building,Cafeteria,CS_Building,Cafeteria,CS_Building,Library"
U0791_8,"Student_Center,Gym,Dorms,Library"
U0791_9,"Dorms,CS_Building,Cafeteria"
U0792_1,"CS_Building,Dorms,Cafeteria,Library,Gym,Dorms,Math_Building,Cafeteria"
U0792_10,"Dorms,Cafeteria,Library,Cafeteria,Math_Building"
U0792_11,"Dorms,Cafeteria,CS_Building"
U0792_12,"Dorms,Cafeteria,CS_Building,Dorms,CS_Building,Library,Dorms,Cafeteria,CS_Building,Library"
U0792_2,"Dorms,Library,Dorms,Cafeteria,CS_Building,Student_Center"
U0792_3,"Dorms,Cafeteria,Student_Center,Gym,Dorms"
U0792_4,"Math_Building,Library,Dorms,Math_Building,Library,Cafeteria,Library,Gym,Dorms,Cafeteria,CS_Building,Library,Dorms,Cafeteria,Math_Building,Student_Center,Gym,Dorms,Cafeteria"
U0792_5,"Student_Center,Dorms,CS_Building"
U0792_6,"Dorms,Cafeteria,Math_Building,Library"
U0792_7,"Cafeteria,CS_Building,Cafeteria,CS_Building,Library,Dorms,Cafeteria,CS_Building,Cafeteria,CS_Building,Student_Center,Gym,Cafeteria"
U0792_8,"Dorms,Cafeteria,Math_Building"
U0792_9,"Gym,Dorms,Cafeteria,CS_Building,Cafeteria,CS_Building,Library"
U0793_1,"Dorms,Cafeteria,Library"
U0793_10,"Dorms,CS_Building,Library,Dorms,Cafeteria"
U0793_11,"Dorms,Library,Cafeteria,Student_Center,Gym,Dorms"
U0793_12,"Dorms,CS_Building,Library"
U0793_13,"Student_Center,Dorms,Cafeteria,CS_Building,Cafeteria,Library,Dorms"
U0793_14,"Math_Building,Dorms,Library,Gym,Dorms"
U0793_15,"Dorms,Math_Building,Dorms,Math_Building,Cafeteria,Math_Building,Student_Center,Dorms"
U0793_2,"Dorms,Math_Building,Dorms,CS_Building,Student_Center,Gym,Dorms,CS_Building,Library,Dorms,Cafeteria,CS_Building,Library,Gym,Dorms"
U0793_3,"Dorms,CS_Building,Cafeteria,Student_Center,Dorms"
U0793_4,"Math_Building,Dorms,Cafeteria,Dorms,Library,Dorms,Math_Building,Library,Student_Center,Library"
U0793_5,"Student_Center,Gym,Cafeteria,Library,Cafeteria"
U0793_6,"Dorms,Math_Building,Student_Center"
U0793_7,"Cafeteria,Library,Dorms,Cafeteria,CS_Building"
U0793_8,"Dorms,Cafeteria,Math_Building"
U0793_9,"Student_Center,Library,Cafeteria,Library,Dorms,Cafeteria"
U0794_1,"Dorms,Math_Building,Cafeteria"
U0794_10,"Math_Building,Student_Center,Gym,Cafeteria,CS_Building,Student_Center,Dorms,Math_Building"
U0794_11,"Math_Building,Library,Dorms,Cafeteria,CS_Building,Dorms,Cafeteria,Math_Building"
U0794_12,"Dorms,Library,Dorms,Cafeteria,Student_Center,Gym,Dorms,Cafeteria"
U0794_13,"Dorms,Cafeteria,Library,Cafeteria"
U0794_14,"CS_Building,Library,Dorms,Cafeteria,Student_Center,Dorms"
U0794_15,"Dorms,Library,Gym"
U0794_16,"Library,Cafeteria,CS_Building,Student_Center,Dorms,Cafeteria,CS_Building,Library"
U0794_2,"Dorms,Cafeteria,Student_Center,Library,Student_Center,Library,Cafeteria,CS_Building"
U0794_3,"Student_Center,Library,Cafeteria,CS_Building,Library,Gym"
U0794_4,"Dorms,Math_Building,Dorms,Cafeteria,CS_Building,Library,Dorms,Cafeteria,Dorms,CS_Building,Library,Cafeteria,Library,Dorms"
U0794_5,"Dorms,Cafeteria,CS_Building"
U0794_6,"Dorms,Cafeteria,Student_Center,Gym,Dorms"
U0794_7,"Library,Gym,Cafeteria,CS_Building,Student_Center,Library,Gym"
U0794_8,"Dorms,Cafeteria,Library,Student_Center,Dorms,CS_Building"
U0794_9,"Dorms,Cafeteria,Library,Cafeteria,Library,Cafeteria,Math_Building,Library"
U0795_1,"Gym,Dorms,Cafeteria"
U0795_10,"Dorms,Math_Building,Student_Center"
U0795_11,"Student_Center,Gym,Dorms,Cafeteria,CS_Building,Library"
U0795_12,"Dorms,Math_Building,Cafeteria,CS_Building"
U0795_13,"Gym,Dorms,Cafeteria,CS_Building,Student_Center,Dorms,CS_Building,Library,Student_Center,Dorms,Math_Building,Dorms,Cafeteria"
U0795_14,"Dorms,Math_Building,Student_Center,Library,Gym,Cafeteria,CS_Building,Dorms"
U0795_15,"Gym,Dorms,CS_Building,Library,Cafeteria,Math_Building,Cafeteria"
U0795_2,"Library,Cafeteria,Library"
U0795_3,"Dorms,Math_Building,Student_Center,Gym,Dorms"
U0795_4,"Dorms,Cafeteria,Library,Cafeteria,Math_Building,Student_Center"
U0795_5,"Dorms,Cafeteria,Math_Building,Dorms,Cafeteria,CS_Building,Cafeteria"
U0795_6,"Dorms,Library,Dorms,Cafeteria,CS_Building,Cafeteria"
U0795_7,"Dorms,Cafeteria,CS_Building,Dorms,CS_Building,Library,Dorms,Library"
U0795_8,"Math_Building,Student_Center,Dorms,Math_Building,Library,Dorms,CS_Building,Student_Center"
U0795_9,"Dorms,Math_Building,Student_Center,Library,Cafeteria,CS_Building"
U0796_1,"Dorms,Math_Building,Cafeteria"
U0796_10,"Dorms,Cafeteria,Math_Building,Dorms,Math_Building,Student_Center,Gym,Dorms"
U0796_11,"Math_Building,Library,Dorms,Cafeteria,CS_Building,Cafeteria"
U0796_12,"Library,Dorms,Cafeteria,Math_Building"
U0796_2,"Dorms,CS_Building,Student_Center"
U0796_3,"Dorms,Cafeteria,Math_Building,Dorms,Cafeteria,CS_Building,Cafeteria,Student_Center,Dorms,Cafeteria,CS_Building,Library,Cafeteria,CS_Building"
U0796_4,"Dorms,Library,Gym"
U0796_5,"Cafeteria,Math_Building,Cafeteria,CS_Building,Library,Dorms,CS_Building,Gym,Dorms,Math_Building,Library,Gym,Cafeteria"
U0796_6,"Dorms,Math_Building,Dorms,Cafeteria"
U0796_7,"CS_Building,Library,Dorms"
U0796_8,"Student_Center,Dorms,Library,Dorms,Cafeteria"
U0796_9,"Dorms,Math_Building,Student_Center,Library,Student_Center,Dorms,Cafeteria,CS_Building"
U0797_1,"Dorms,CS_Building,Library,Gym,Dorms,Cafeteria"
U0797_10,"Dorms,Cafeteria,CS_Building,Student_Center,Dorms,CS_Building,Library,Student_Center,Library,Dorms,Cafeteria"
U0797_2,"Dorms,CS_Building,Library,Cafeteria,CS_Building,Cafeteria,Library,Cafeteria"
U0797_3,"Dorms,Cafeteria,Library"
U0797_4,"Dorms,Library,Dorms,Math_Building,Dorms,Cafeteria,Math_Building,Cafeteria,Dorms,Cafeteria,Library,Student_Center"
U0797_5,"Dorms,Library,Dorms,Cafeteria,Math_Building,Student_Center,Library,Gym,Dorms,Math_Building,Library,Student_Center"
U0797_6,"Dorms,CS_Building,Library,Dorms,Cafeteria,CS_Building,Cafeteria"
U0797_7,"Dorms,Math_Building,Student_Center,Library,Cafeteria,Math_Building,Student_Center,Dorms"
U0797_8,"Dorms,Cafeteria,Math_Building,Library,Dorms"
U0797_9,"Dorms,CS_Building,Library,Dorms,Cafeteria,Library,Cafeteria,CS_Building"
U0798_1,"Dorms,Cafeteria,Math_Building,Student_Center"
U0798_10,"CS_Building,Student_Center,Library,Dorms,Library,Dorms,Math_Building,Library,Cafeteria"
U0798_2,"Dorms,Math_Building,Library,Cafeteria,Library"
U0798_3,"Dorms,Cafeteria,CS_Building,Student_Center,Library,Gym,Dorms,Math_Building"
U0798_4,"Student_Center,Library,Gym,Dorms,Math_Building,Cafeteria"
U0798_5,"Dorms,Cafeteria,Math_Building,Library,Dorms"
U0798_6,"Dorms,Cafeteria,Library"
U0798_7,"Dorms,Cafeteria,Student_Center"
U0798_8,"Dorms,Cafeteria,CS_Building"
U0798_9,"Dorms,Cafeteria,CS_Building,Cafeteria,CS_Building"
U0799_1,"Dorms,Library,Dorms,CS_Building,Student_Center,Dorms,Cafeteria"
U0799_10,"Math_Building,Student_Center,Dorms,Library,Cafeteria,Math_Building,Student_Center,Dorms,Cafeteria,CS_Building,Library"
U0799_11,"Dorms,Library,Student_Center,Dorms,Math_Building,Dorms"
U0799_2,"Cafeteria,CS_Building,Student_Center"
U0799_3,"Dorms,Math_Building,Library,Dorms,CS_Building"
U0799_4,"Dorms,CS_Building,Library,Dorms,Cafeteria,CS_Building,Library,Dorms"
U0799_5,"Dorms,Cafeteria,CS_Building,Student_Center,Dorms,Cafeteria,Math_Building"
U0799_6,"Dorms,Cafeteria,Math_Building,Cafeteria,Math_Building,Gym,Dorms,Math_Building"
U0799_7,"Library,Cafeteria,Math_Building,Library"
U0799_8,"Student_Center,Library,Gym,Dorms,Math_Building,Library"
U0799_9,"Cafeteria,Math_Building,Dorms,Cafeteria,Math_Building,Dorms,Math_Building,Dorms,Math_Building,Cafeteria,Math_Building,Dorms"
U0800_1,"Dorms,Cafeteria,CS_Building,Dorms,Cafeteria,Library,Dorms"
U0800_10,"Dorms,Cafeteria,Library,Cafeteria,Math_Building,Dorms,Cafeteria,Math_Building,Student_Center"
U0800_11,"Library,Dorms,CS_Building,Cafeteria,Math_Building,Student_Center,Library"
U0800_12,"Dorms,Cafeteria,Student_Center"
U0800_13,"Dorms,Cafeteria,Math_Building"
U0800_14,"Dorms,Math_Building,Dorms,Library,Cafeteria,CS_Building,Dorms,Cafeteria"
U0800_15,"Dorms,Cafeteria,Math_Building,Dorms,Cafeteria"
U0800_2,"Dorms,CS_Building,Student_Center"
U0800_3,"Dorms,Cafeteria,CS_Building"
U0800_4,"Dorms,CS_Building,Student_Center"
U0800_5,"Dorms,Library,Gym,Dorms,Cafeteria,Math_Building,Student_Center"
U0800_6,"Gym,Cafeteria,CS_Building,Student_Center,Library,Cafeteria,CS_Building,Dorms"
U0800_7,"Dorms,Math_Building,Dorms,Cafeteria,Math_Building,Cafeteria"
U0800_8,"Dorms,CS_Building,Library,Dorms,Math_Building"
U0800_9,"Dorms,Cafeteria,Student_Center"
U0801_1,"Library,Cafeteria,CS_Building"
U0801_2,"Dorms,Cafeteria,CS_Building,Library,Dorms"
U0801_3,"Dorms,Library,Gym,Dorms"
U0801_4,"Dorms,Cafeteria,Math_Building,Library,Dorms,Cafeteria,Math_Building"
U0801_5,"Library,Dorms,Cafeteria,CS_Building,Cafeteria"
U0801_6,"Dorms,Cafeteria,CS_Building,Student_Center,Dorms,Cafeteria,Math_Building"
U0801_7,"Dorms,Cafeteria,CS_Building,Student_Center,Dorms,Dorms,CS_Building,Student_Center,Library,Cafeteria"
U0801_8,"Dorms,Library,Dorms,Math_Building,Library,Gym,Dorms,Cafeteria"
U0801_9,"Dorms,Cafeteria,CS_Building,Student_Center"
U0802_1,"Cafeteria,Math_Building,Library,Gym,Dorms,Math_Building"
U0802_10,"Dorms,Cafeteria,Math_Building,Library,Student_Center,Library"
U0802_11,"Dorms,Cafeteria,CS_Building,Dorms,CS_Building,Dorms,Cafeteria,CS_Building,Dorms,CS_Building,Cafeteria"
U0802_12,"Dorms,Cafeteria,Math_Building,Dorms,Library,Cafeteria"
U0802_2,"Dorms,Cafeteria,Math_Building"
U0802_3,"Math_Building,Cafeteria,CS_Building,Library,Cafeteria,Student_Center"
U0802_4,"Dorms,Math_Building,Library,Dorms,Math_Building"
U0802_5,"Dorms,Cafeteria,Math_Building,Cafeteria,Math_Building,Library,Cafeteria"
U0802_6,"Dorms,CS_Building,Student_Center"
U0802_7,"Dorms,Math_Building,Library"
U0802_8,"Dorms,Cafeteria,CS_Building,Dorms,Cafeteria"
U0802_9,"Student_Center,Dorms,Cafeteria,CS_Building,Library"
U0803_1,"Dorms,Cafeteria,Library,Gym,Dorms,CS_Building"
U0803_10,"Dorms,CS_Building,Dorms,Cafeteria,Math_Building,Cafeteria"
U0803_11,"Dorms,Cafeteria,CS_Building,Student_Center,Library,Cafeteria,Student_Center"
U0803_2,"Dorms,Cafeteria,Math_Building,Library,Dorms,CS_Building"
U0803_3,"Math_Building,Dorms,Cafeteria,CS_Building,Student_Center,Dorms,CS_Building"
U0803_4,"Dorms,Library,Dorms"
U0803_5,"Dorms,Math_Building,Library,Dorms,Cafeteria,CS_Building,Library,Dorms"
U0803_6,"Dorms,Cafeteria,CS_Building,Student_Center,Gym,Dorms,Library,Dorms"
U0803_7,"Dorms,Math_Building,Cafeteria,Math_Building,Student_Center,Library,Cafeteria"
U0803_8,"Dorms,CS_Building,Cafeteria,Student_Center,Dorms,CS_Building,Dorms,Library"
U0803_9,"Dorms,Cafeteria,CS_Building,Library,Student_Center"
U0804_1,"Dorms,Math_Building,Library,Cafeteria,Student_Center"
U0804_10,"Library,Cafeteria,Student_Center,Library,Cafeteria"
U0804_11,"Dorms,Cafeteria,CS_Building,Library"
U0804_2,"Dorms,Cafeteria,Math_Building"
U0804_3,"Dorms,Library,Cafeteria,CS_Building,Dorms,Cafeteria,Library"
U0804_4,"Dorms,Cafeteria,CS_Building,Dorms,CS_Building,Library,Gym,Dorms"
U0804_5,"Dorms,Cafeteria,CS_Building,Dorms,CS_Building,Student_Center"
U0804_6,"Dorms,Cafeteria,CS_Building,Student_Center,Gym,Dorms,Cafeteria,CS_Building,Cafeteria,Library,Cafeteria"
U0804_7,"Dorms,Cafeteria,CS_Building,Cafeteria,Math_Building,Dorms"
U0804_8,"Library,Dorms,Library,Student_Center,Dorms,Cafeteria,Student_Center"
U0804_9,"Dorms,Math_Building,Dorms,Cafeteria"
U0805_1,"Dorms,CS_Building,Cafeteria,CS_Building,Dorms,CS_Building,Library,Dorms,Dorms,Cafeteria,Library,Cafeteria,Student_Center,Library,Student_Center,Gym,Dorms,CS_Building,Library,Dorms,CS_Building,Library,Dorms,Library"
U0805_10,"CS_Building,Library,Cafeteria,CS_Building,Library"
U0805_2,"Dorms,Cafeteria,CS_Building"
U0805_3,"Dorms,Library,Dorms,CS_Building,Dorms,Cafeteria"
U0805_4,"Dorms,Cafeteria,Student_Center,Dorms,CS_Building,Student_Center"
U0805_5,"CS_Building,Dorms,Cafeteria,Library,Dorms,Cafeteria,Math_Building"
U0805_6,"Dorms,Cafeteria,CS_Building,Cafeteria,Library,Library,Cafeteria,Math_Building,Library,Dorms,Cafeteria"
U0805_7,"Dorms,Cafeteria,Math_Building,Library,Gym,Cafeteria,CS_Building"
U0805_8,"Dorms,Cafeteria,CS_Building"
U0805_9,"Dorms,Cafeteria,CS_Building,Library"
U0806_1,"Dorms,Cafeteria,Math_Building,Dorms,CS_Building"
U0806_10,"Cafeteria,CS_Building,Library,Dorms"
U0806_11,"Math_Building,Student_Center,Gym,Cafeteria,Student_Center,Library,Dorms,Cafeteria"
U0806_2,"Gym,Dorms,CS_Building,Dorms,Cafeteria,Student_Center,Dorms"
U0806_3,"Dorms,CS_Building,Library,Dorms,Math_Building,Student_Center,Dorms"
U0806_4,"Dorms,Cafeteria,Student_Center,Gym,Cafeteria,Library,Dorms,Math_Building"
U0806_5,"Dorms,CS_Building,Library,Dorms,CS_Building,Student_Center,Dorms,Math_Building,Library,Gym,Dorms,CS_Building"
U0806_6,"Dorms,CS_Building,Library"
U0806_7,"Dorms,Cafeteria,Math_Building,Library"
U0806_8,"Dorms,CS_Building,Student_Center,Dorms,Cafeteria,CS_Building,Dorms,CS_Building"
U0806_9,"Dorms,CS_Building,Dorms,Cafeteria,Math_Building,Cafeteria"
U0807_1,"Dorms,Cafeteria,CS_Building,Library,Dorms,CS_Building,Student_Center,Dorms"
U0807_10,"Dorms,CS_Building,Library,Dorms,Math_Building,Library,Gym,Dorms"
U0807_11,"Dorms,Library,Cafeteria,Math_Building,Library,Cafeteria,Math_Building"
U0807_12,"Dorms,Cafeteria,Math_Building,Student_Center,Library,Gym"
U0807_2,"Dorms,CS_Building,Library,Gym"
U0807_3,"Math_Building,Student_Center,Gym,Dorms,CS_Building"
U0807_4,"Math_Building,Dorms,Math_Building,Cafeteria,Math_Building,Student_Center,Library,Dorms"
U0807_5,"Dorms,Cafeteria,Math_Building,Dorms,Library,Dorms"
U0807_6,"Dorms,Math_Building,Cafeteria,CS_Building,Cafeteria"
U0807_7,"Library,Gym,Dorms,Math_Building,Cafeteria,CS_Building,Student_Center,Gym"
U0807_8,"Dorms,CS_Building,Library,Dorms,CS_Building,Student_Center,Dorms"
U0807_9,"Dorms,CS_Building,Library,Dorms,Dorms,Math_Building,Library,Gym"
U0808_1,"Dorms,CS_Building,Library,Dorms,Cafeteria,CS_Building,Student_Center"
U0808_10,"Dorms,CS_Building,Library,Gym,Dorms,Cafeteria,CS_Building,Library,Dorms,Cafeteria,CS_Building,Library,Gym"
U0808_11,"Student_Center,Library,Dorms,Cafeteria,CS_Building,Dorms,Cafeteria,Library"
U0808_12,"Dorms,Cafeteria,Library"
U0808_2,"Dorms,CS_Building,Cafeteria,Student_Center,Gym"
U0808_3,"Library,Cafeteria,CS_Building,Student_Center,Dorms,Library,Cafeteria"
U0808_4,"Dorms,Math_Building,Dorms,Cafeteria,Math_Building,Cafeteria"
U0808_5,"Dorms,Cafeteria,Library,Dorms,Cafeteria,CS_Building"
U0808_6,"Dorms,CS_Building,Student_Center,Library,Gym,Cafeteria,CS_Building"
U0808_7,"Dorms,CS_Building,Cafeteria,Library,Dorms,Cafeteria"
U0808_8,"Gym,Dorms,Cafeteria,CS_Building,Dorms,Cafeteria"
U0808_9,"Dorms,Library,Student_Center"
U0809_1,"CS_Building,Cafeteria,CS_Building,Student_Center,Gym,Cafeteria,Math_Building"
U0809_10,"Student_Center,Gym,Dorms"
U0809_2,"Dorms,CS_Building,Cafeteria,CS_Building,Library,Gym,Dorms,CS_Building"
U0809_3,"Dorms,Cafeteria,CS_Building"
U0809_4,"Dorms,Cafeteria,Student_Center,Dorms,Cafeteria,Math_Building,Cafeteria,Library"
U0809_5,"Dorms,Cafeteria,Math_Building"
U0809_6,"Math_Building,Library,Student_Center,Gym,Dorms"
U0809_7,"Dorms,Cafeteria,Math_Building,Library"
U0809_8,"Dorms,Cafeteria,Math_Building,Student_Center,Gym,Dorms"
U0809_9,"Student_Center,Gym,Dorms,Math_Building,Library,Gym"
U0810_1,"Dorms,Cafeteria,Math_Building,Library,Cafeteria"
U0810_10,"Dorms,Math_Building,Student_Center,Dorms,Math_Building,Library,Dorms,CS_Building,Library,Dorms,CS_Building,Student_Center,Dorms"
U0810_2,"Dorms,Cafeteria,Library,Cafeteria,Student_Center,Dorms,Cafeteria,CS_Building,Dorms,Cafeteria,CS_Building,Library,Dorms"
U0810_3,"Dorms,Cafeteria,Student_Center,Dorms,Cafeteria,Math_Building"
U0810_4,"Dorms,Cafeteria,Math_Building,Cafeteria,Gym,Cafeteria,CS_Building,Dorms,Cafeteria,Library,Gym"
U0810_5,"Dorms,Math_Building,Student_Center,Dorms,Math_Building,Library,Gym"
U0810_6,"Gym,Dorms,Library"
U0810_7,"Dorms,Cafeteria,Math_Building,Cafeteria"
U0810_8,"Dorms,Cafeteria,Math_Building"
U0810_9,"Dorms,CS_Building,Cafeteria,CS_Building,Student_Center,Dorms,Cafeteria,Dorms,Cafeteria,Math_Building,Cafeteria,CS_Building,Cafeteria,CS_Building,Dorms,Cafeteria,Math_Building,Cafeteria,CS_Building"
U0811_1,"Dorms,Cafeteria,Library,Gym,Dorms,Math_Building"
U0811_2,"Math_Building,Library,Cafeteria,CS_Building,Library,Dorms"
U0811_3,"Dorms,Math_Building,Student_Center"
U0811_4,"Dorms,Math_Building,Dorms,Math_Building,Cafeteria"
U0811_5,"Gym,Dorms,Cafeteria,Math_Building,Library,Gym,Cafeteria"
U0811_6,"Dorms,Cafeteria,CS_Building,Cafeteria"
U0811_7,"Student_Center,Dorms,Cafeteria,Math_Building,Cafeteria,Math_Building,Student_Center,Gym"
U0811_8,"Dorms,Math_Building,Dorms"
U0811_9,"Math_Building,Library,Dorms,Cafeteria,Math_Building,Cafeteria,Dorms,CS_Building,Library,Cafeteria,Library,Cafeteria,Math_Building"
U0812_1,"Dorms,Cafeteria,CS_Building,Student_Center,Library,Dorms,Math_Building"
U0812_10,"Dorms,Cafeteria,Library,Dorms,CS_Building,Library,Cafeteria,CS_Building,Dorms,Library,Cafeteria,Library"
U0812_11,"Dorms,Cafeteria,Math_Building,Student_Center,Gym"
U0812_2,"Dorms,Cafeteria,Math_Building,Cafeteria,Math_Building"
U0812_3,"Dorms,CS_Building,Student_Center"
U0812_4,"Dorms,Math_Building,Library,Dorms,Math_Building,Dorms"
U0812_5,"Library,Dorms,Cafeteria,Math_Building,Cafeteria,CS_Building,Library"
U0812_6,"Dorms,Cafeteria,CS_Building,Dorms,Cafeteria,CS_Building,Dorms,Dorms,Cafeteria,Math_Building,Dorms,Cafeteria"
U0812_7,"Dorms,CS_Building,Student_Center,Dorms,Cafeteria,Student_Center"
U0812_8,"Dorms,Cafeteria,CS_Building,Student_Center,Dorms,Cafeteria,Library,Cafeteria"
U0812_9,"Dorms,Cafeteria,CS_Building,Cafeteria,CS_Building,Cafeteria"
U0813_1,"CS_Building,Library,Cafeteria,Library,Cafeteria"
U0813_2,"Dorms,Cafeteria,Library,Dorms,Cafeteria,CS_Building"
U0813_3,"Library,Student_Center,Gym"
U0813_4,"Cafeteria,Math_Building,Student_Center,CS_Building,Library,Dorms,CS_Building,Dorms,Dorms,Cafeteria,Math_Building"
U0813_5,"Cafeteria,Math_Building,Library,Cafeteria"
U0813_6,"Dorms,CS_Building,Library,Dorms,Cafeteria,CS_Building,Student_Center,Library"
U0813_7,"Dorms,Cafeteria,CS_Building,Student_Center,Gym,Dorms,Math_Building,Dorms"
U0814_1,"Dorms,Library,Gym,Cafeteria,Math_Building,Student_Center,Gym"
U0814_10,"Dorms,Cafeteria,Math_Building,Student_Center,Library"
U0814_2,"Dorms,Library,Dorms,Cafeteria,Library"
U0814_3,"Dorms,Math_Building,Library,Student_Center,Library,Cafeteria,CS_Building,Student_Center,Dorms,CS_Building,Library"
U0814_4,"Gym,Cafeteria,Library,Gym,Dorms"
U0814_5,"Dorms,Library,Dorms,Cafeteria"
U0814_6,"CS_Building,Student_Center,Gym"
U0814_7,"Dorms,CS_Building,Student_Center,Gym"
U0814_8,"Dorms,Cafeteria,Math_Building,Cafeteria,CS_Building,Library,Cafeteria,CS_Building"
U0814_9,"Dorms,CS_Building,Student_Center,Dorms,Library,Gym"
U0815_1,"Dorms,Cafeteria,CS_Building,Library,Student_Center,Gym,Cafeteria,CS_Building"
U0815_10,"Dorms,Cafeteria,Math_Building,Student_Center,Dorms"
U0815_11,"Dorms,Cafeteria,Math_Building,Cafeteria,CS_Building,Library,Dorms,Library"
U0815_12,"Dorms,Math_Building,Student_Center,Dorms,Library"
U0815_13,"Dorms,Math_Building,Dorms,Cafeteria,CS_Building,Student_Center,Gym,Cafeteria"
U0815_14,"Gym,Dorms,Cafeteria,Library"
U0815_2,"Dorms,Math_Building,Library"
U0815_3,"Dorms,CS_Building,Dorms,Cafeteria,Math_Building,Dorms,Math_Building"
U0815_4,"Dorms,Cafeteria,Student_Center"
U0815_5,"Dorms,Library,Dorms,Math_Building,Student_Center,Gym,Dorms,Math_Building"
U0815_6,"Dorms,Cafeteria,Library,Cafeteria"
U0815_7,"Dorms,Cafeteria,Math_Building,Student_Center,Dorms"
U0815_8,"Math_Building,Library,Dorms,Cafeteria,Math_Building"
U0815_9,"Dorms,CS_Building,Student_Center,Library,Dorms,Math_Building,Library"
U0816_1,"Dorms,Cafeteria,Math_Building,Dorms,Math_Building,Library,Cafeteria"
U0816_10,"Dorms,CS_Building,Student_Center,Dorms"
U0816_11,"Dorms,Cafeteria,CS_Building,Library,Cafeteria"
U0816_12,"Math_Building,Cafeteria,Library,Cafeteria,Library,Dorms"
U0816_13,"Library,Cafeteria,CS_Building,Cafeteria,CS_Building,Student_Center,Library"
U0816_14,"CS_Building,Library,Dorms"
U0816_2,"Dorms,Math_Building,Student_Center,Dorms,Math_Building,Dorms,Cafeteria"
U0816_3,"Dorms,Math_Building,Cafeteria,Library"
U0816_4,"Dorms,Cafeteria,Student_Center,Gym,Dorms,Library,Student_Center,Dorms"
U0816_5,"CS_Building,Library,Cafeteria,CS_Building"
U0816_6,"Dorms,CS_Building,Cafeteria,Student_Center"
U0816_7,"Dorms,CS_Building,Student_Center"
U0816_8,"Dorms,CS_Building,Student_Center,Dorms,Library,Gym,Dorms"
U0816_9,"Library,Student_Center,Library,Gym,Dorms"
U0817_1,"Dorms,Cafeteria,CS_Building,Dorms,Dorms,Cafeteria,Math_Building,Cafeteria,Math_Building,Cafeteria"
U0817_10,"Dorms,Cafeteria,CS_Building,Library,Dorms"
U0817_11,"Cafeteria,CS_Building,Student_Center"
U0817_12,"Dorms,Math_Building,Library,Dorms,Math_Building,Dorms,Math_Building"
U0817_13,"Dorms,Cafeteria,Math_Building,Library,Cafeteria,Math_Building"
U0817_2,"Dorms,Math_Building,Student_Center,Dorms,Math_Building"
U0817_3,"Dorms,CS_Building,Student_Center,Dorms,Math_Building,Library,Dorms,Math_Building"
U0817_4,"Dorms,Cafeteria,Library,Student_Center,Dorms,Cafeteria,Dorms,Cafeteria,Math_Building,Student_Center,Library,Dorms,Cafeteria"
U0817_5,"Dorms,Cafeteria,Math_Building,Student_Center,Dorms,Cafeteria"
U0817_6,"Dorms,Cafeteria,CS_Building,Library,Student_Center,Gym,Dorms,Cafeteria,CS_Building,Library,Dorms,CS_Building,Cafeteria"
U0817_7,"Math_Building,Library,Cafeteria,Library,Dorms,Library"
U0817_8,"Gym,Dorms,CS_Building,Library,Dorms,CS_Building,Student_Center,Dorms,Cafeteria,CS_Building"
U0817_9,"Dorms,CS_Building,Student_Center,Gym,Dorms,Cafeteria,CS_Building"
U0818_1,"Dorms,Cafeteria,CS_Building,Library,Cafeteria,Library,Gym,Dorms"
U0818_10,"Dorms,Cafeteria,Library,Cafeteria,Library,Dorms,Cafeteria"
U0818_11,"Dorms,Cafeteria,CS_Building,Student_Center,Gym"
U0818_12,"Dorms,CS_Building,Cafeteria,Library,Dorms"
U0818_13,"Dorms,Cafeteria,Library,Dorms,Math_Building,Student_Center,Dorms"
U0818_14,"Dorms,CS_Building,Library,Dorms,Math_Building,Cafeteria,Math_Building"
U0818_2,"Dorms,Cafeteria,Library,Cafeteria,CS_Building,Library"
U0818_3,"Dorms,Cafeteria,Library,Cafeteria,Math_Building,Cafeteria,Math_Building,Library"
U0818_4,"Math_Building,Dorms,CS_Building,Cafeteria,CS_Building"
U0818_5,"Dorms,CS_Building,Library"
U0818_6,"Dorms,CS_Building,Cafeteria,Math_Building"
U0818_7,"Dorms,CS_Building,Cafeteria,CS_Building,Student_Center,Library,Dorms,CS_Building"
U0818_8,"Dorms,Cafeteria,Library,Student_Center"
U0818_9,"Dorms,Math_Building,Student_Center,Gym,Dorms,Cafeteria,Library"
U0819_1,"Dorms,Math_Building,Student_Center,Gym"
U0819_10,"Dorms,Cafeteria,CS_Building,Cafeteria"
U0819_11,"Dorms,Cafeteria,Library,Dorms,CS_Building,Cafeteria,Math_Building"
U0819_12,"Cafeteria,Student_Center,Dorms,Library,Cafeteria"
U0819_13,"Student_Center,Gym,Cafeteria,Library,Cafeteria"
U0819_14,"Dorms,Cafeteria,CS_Building"
U0819_15,"Dorms,Library,Dorms"
U0819_16,"Dorms,CS_Building,Student_Center,Gym,Dorms"
U0819_2,"Dorms,Math_Building,Library,Dorms"
U0819_3,"Math_Building,Library,Gym,Dorms,Math_Building,Student_Center,Library,Gym"
U0819_4,"Dorms,CS_Building,Student_Center"
U0819_5,"Dorms,Math_Building,Student_Center,Gym,Cafeteria,Math_Building,Library"
U0819_6,"Dorms,Cafeteria,CS_Building,Library,Cafeteria,Library,Cafeteria,CS_Building"
U0819_7,"Dorms,Math_Building,Student_Center,Dorms,Cafeteria,CS_Building,Student_Center"
U0819_8,"Dorms,Math_Building,Library,Dorms,Cafeteria,Library,Cafeteria,CS_Building"
U0819_9,"Dorms,Math_Building,Student_Center,Dorms"
U0820_1,"Dorms,Math_Building,Dorms"
U0820_10,"Dorms,Cafeteria,Library,Gym,Dorms"
U0820_11,"Dorms,Math_Building,Library,Cafeteria,Math_Building"
U0820_12,"Dorms,Cafeteria,CS_Building,Cafeteria,Library"
U0820_13,"Gym,Dorms,Cafeteria,Math_Building,Student_Center,Dorms"
U0820_2,"Math_Building,Dorms,Cafeteria,Math_Building,Student_Center,Library,Dorms"
U0820_3,"Library,Gym,Cafeteria"
U0820_4,"Student_Center,Gym,Dorms,Cafeteria,CS_Building,Library,Dorms"
U0820_5,"Dorms,CS_Building,Cafeteria,CS_Building,Cafeteria,CS_Building,Cafeteria"
U0820_6,"Dorms,CS_Building,Library,Cafeteria"
U0820_7,"Dorms,Cafeteria,Math_Building"
U0820_8,"Dorms,CS_Building,Student_Center,Library,Gym"
U0820_9,"Dorms,Cafeteria,Library,Dorms,Cafeteria,Math_Building,Student_Center"
U0821_1,"Dorms,Library,Dorms,Cafeteria,Math_Building,Dorms,Cafeteria,CS_Building,Math_Building,Cafeteria,CS_Building,Cafeteria"
U0821_10,"Dorms,Cafeteria,Math_Building,Dorms,Cafeteria,Math_Building,Dorms"
U0821_11,"Dorms,Cafeteria,CS_Building,Library"
U0821_12,"Dorms,CS_Building,Cafeteria,CS_Building"
U0821_2,"Dorms,Cafeteria,CS_Building,Dorms,Math_Building,Student_Center"
U0821_3,"Student_Center,Library,Gym,Dorms,Cafeteria"
U0821_4,"Dorms,Library,Gym,Dorms,Cafeteria,CS_Building,Gym,Dorms,CS_Building"
U0821_5,"Dorms,Math_Building,Dorms,Cafeteria"
U0821_6,"Dorms,Math_Building,Library,Gym,Dorms,CS_Building"
U0821_7,"Dorms,Math_Building,Student_Center,Library,Student_Center,Gym,Dorms,Cafeteria,CS_Building,Library,Dorms"
U0821_8,"Dorms,Cafeteria,Library,Dorms,Library,Dorms,Library"
U0821_9,"Dorms,Cafeteria,Math_Building,Cafeteria,CS_Building,Library"
U0822_1,"Dorms,Math_Building,Cafeteria,CS_Building,Library,Gym,Dorms"
U0822_10,"Dorms,Library,Student_Center,Dorms,Cafeteria"
U0822_11,"Math_Building,Cafeteria,Library,Cafeteria,CS_Building"
U0822_2,"Dorms,Cafeteria,CS_Building,Library,Gym"
U0822_3,"Dorms,Cafeteria,CS_Building,Student_Center,Dorms"
U0822_4,"CS_Building,Library,Cafeteria,Math_Building,Dorms,Cafeteria,CS_Building,CS_Building,Library,Student_Center"
U0822_5,"Cafeteria,CS_Building,Student_Center,Library,Dorms"
U0822_6,"Dorms,Cafeteria,CS_Building"
U0822_7,"Dorms,CS_Building,Student_Center,Library,Dorms,Cafeteria,Library"
U0822_8,"Dorms,Math_Building,Library,Student_Center,Dorms"
U0822_9,"Dorms,Math_Building,Dorms,Cafeteria,Math_Building,Library,Gym,Dorms"
U0823_1,"Dorms,Cafeteria,Student_Center,Dorms"
U0823_10,"Dorms,Library,Cafeteria,CS_Building,Library,Dorms"
U0823_11,"Dorms,Cafeteria,Math_Building,Library,Gym"
U0823_12,"Dorms,Library,Gym,Cafeteria,Library"
U0823_2,"Dorms,Math_Building,Cafeteria,CS_Building"
U0823_3,"Dorms,Library,Cafeteria,Student_Center,Dorms,Cafeteria,Library,Gym,Dorms,Cafeteria,Student_Center,Dorms,Cafeteria,CS_Building"
U0823_4,"Gym,Cafeteria,CS_Building,Library,Dorms,Math_Building,Cafeteria,CS_Building"
U0823_5,"Dorms,Cafeteria,CS_Building,Library,Student_Center,Math_Building,Dorms,Cafeteria"
U0823_6,"Dorms,Cafeteria,CS_Building,Library,Gym"
U0823_7,"Cafeteria,Library,Dorms,CS_Building,Student_Center"
U0823_8,"Dorms,Cafeteria,Math_Building,Library,Student_Center,Gym,Math_Building,Student_Center,Library,Dorms,Math_Building,Library,Dorms,Math_Building"
U0823_9,"Dorms,Cafeteria,CS_Building,Student_Center,Gym,Cafeteria"
U0824_1,"Dorms,Cafeteria,Math_Building,Cafeteria,CS_Building,Student_Center,Library,Dorms"
U0824_10,"Dorms,Cafeteria,Library,Student_Center,Library"
U0824_11,"Dorms,CS_Building,Cafeteria,Library,Cafeteria,Library,Gym,Dorms"
U0824_12,"Gym,Dorms,Cafeteria,Student_Center,Dorms,CS_Building,Student_Center"
U0824_13,"Dorms,CS_Building,Student_Center,Dorms"
U0824_2,"Cafeteria,Library,Student_Center"
U0824_3,"Dorms,Cafeteria,Student_Center,Dorms,Cafeteria"
U0824_4,"Dorms,Math_Building,Cafeteria"
U0824_5,"Library,Cafeteria,CS_Building,Cafeteria,CS_Building"
U0824_6,"Dorms,Cafeteria,Math_Building,Student_Center,Gym,Dorms,Math_Building,Student_Center"
U0824_7,"Math_Building,Library,Gym,Dorms,CS_Building,Student_Center,Dorms,Cafeteria"
U0824_8,"Student_Center,Dorms,Cafeteria"
U0824_9,"Dorms,CS_Building,Student_Center,Dorms,Cafeteria,CS_Building,Library,Library,Cafeteria,CS_Building,Dorms,Library,Cafeteria,Math_Building"
U0825_1,"CS_Building,Library,Cafeteria,Math_Building,Student_Center"
U0825_10,"Dorms,Math_Building,Library,Cafeteria,Math_Building,Cafeteria"
U0825_11,"Dorms,Cafeteria,CS_Building,Library,Dorms"
U0825_12,"Dorms,Cafeteria,Math_Building,Library,Gym,Dorms,Math_Building"
U0825_13,"Dorms,Cafeteria,Library,Gym,Dorms"
U0825_14,"Dorms,Cafeteria,Library,Dorms"
U0825_2,"Dorms,Cafeteria,Math_Building,Student_Center,Dorms,Library,Dorms,Cafeteria"
U0825_3,"Math_Building,Dorms,Cafeteria,CS_Building,Student_Center,Dorms,Math_Building"
U0825_4,"Dorms,Cafeteria,Student_Center,Library,Gym,Dorms"
U0825_5,"Dorms,Cafeteria,Math_Building,Library,Student_Center,Dorms"
U0825_6,"Dorms,Cafeteria,Student_Center,Library,Gym,Dorms,Math_Building"
U0825_7,"Dorms,Cafeteria,Math_Building,Library"
U0825_8,"Dorms,Library,Dorms,Library"
U0825_9,"Dorms,Cafeteria,CS_Building,Student_Center"
U0826_1,"Dorms,CS_Building,Cafeteria,Library,Dorms,Cafeteria,CS_Building,Student_Center"
U0826_10,"Dorms,CS_Building,Student_Center,Dorms,Library,Cafeteria,Math_Building,Dorms,Cafeteria,Library,Dorms"
U0826_2,"Dorms,Cafeteria,Math_Building,Cafeteria"
U0826_3,"Gym,Dorms,Cafeteria,Math_Building,Cafeteria"
U0826_4,"Library,Cafeteria,CS_Building"
U0826_5,"Dorms,Library,Gym,Cafeteria,Library,Dorms"
U0826_6,"Dorms,Cafeteria,Library,Dorms,Cafeteria,CS_Building,Student_Center"
U0826_7,"Dorms,Cafeteria,Library,Dorms,Cafeteria,CS_Building,Cafeteria,CS_Building,Gym,Dorms,Math_Building,Dorms,Math_Building"
U0826_8,"Dorms,Cafeteria,CS_Building,Student_Center,Gym"
U0826_9,"Dorms,Math_Building,Dorms,Library,Gym,Dorms"
U0827_1,"Cafeteria,CS_Building,Cafeteria,CS_Building,Dorms,Math_Building,Student_Center"
U0827_10,"Dorms,CS_Building,Student_Center,Gym,Dorms,Math_Building,Cafeteria,Library"
U0827_2,"Dorms,CS_Building,Student_Center,Dorms"
U0827_3,"Dorms,CS_Building,Cafeteria"
U0827_4,"Dorms,Math_Building,Dorms,Cafeteria,Dorms,Math_Building,Student_Center"
U0827_5,"Dorms,Math_Building,Student_Center,Gym"
U0827_6,"Cafeteria,Math_Building,Student_Center"
U0827_7,"Gym,Dorms,CS_Building"
U0827_8,"Dorms,Library,Cafeteria,CS_Building,Library,Gym"
U0827_9,"Dorms,Library,Cafeteria,Math_Building,Student_Center"
U0828_1,"Student_Center,Library,Cafeteria,Library,Cafeteria,CS_Building,Student_Center,Dorms,CS_Building,Student_Center,Library,Gym,Dorms,Math_Building"
U0828_10,"Gym,Dorms,Cafeteria,CS_Building"
U0828_11,"Math_Building,Cafeteria,Math_Building,Student_Center,Dorms,Cafeteria,Math_Building,Library"
U0828_12,"Dorms,Cafeteria,Math_Building,Library,Cafeteria"
U0828_2,"Dorms,Cafeteria,Math_Building,Library,Gym,Dorms,Math_Building"
U0828_3,"Dorms,CS_Building,Student_Center,Dorms,Math_Building,Student_Center"
U0828_4,"Dorms,Cafeteria,CS_Building,Library,Dorms,Cafeteria,Math_Building,Dorms,Cafeteria,CS_Building,Library"
U0828_5,"Dorms,Cafeteria,Math_Building,Library,Cafeteria,Math_Building"
U0828_6,"Dorms,Cafeteria,Library,Dorms,Cafeteria,CS_Building,Student_Center,Gym"
U0828_7,"Dorms,Cafeteria,CS_Building,Dorms,Cafeteria,CS_Building,Library,Dorms,Dorms,Cafeteria,Library,Dorms,Library"
U0828_8,"Cafeteria,Library,Dorms"
U0828_9,"Dorms,Cafeteria,Math_Building,Dorms,Cafeteria"
U0829_1,"Dorms,CS_Building,Library,Dorms,Dorms,Cafeteria,Student_Center,Dorms,Library"
U0829_2,"Dorms,Math_Building,Student_Center,Dorms,Cafeteria,Math_Building,Dorms,Cafeteria,Dorms,CS_Building,Student_Center,Dorms,Cafeteria,Dorms,Cafeteria,CS_Building"
U0829_3,"Gym,Dorms,CS_Building,Dorms,Library,Cafeteria,CS_Building"
U0829_4,"Dorms,Cafeteria,Student_Center,Library,Gym,Dorms,Dorms,CS_Building,Library,Gym,Dorms,Cafeteria"
U0829_5,"Math_Building,Student_Center,Dorms"
U0829_6,"Dorms,Cafeteria,CS_Building,Library,Gym,Dorms"
U0829_7,"Dorms,Cafeteria,CS_Building,Library,Dorms,Math_Building,Dorms,Cafeteria,Student_Center,Library,Dorms,Cafeteria,Math_Building"
U0829_8,"Dorms,Cafeteria,Math_Building,Dorms"
U0829_9,"Cafeteria,Library,Student_Center,Gym,Cafeteria,Library,Cafeteria"
U0830_1,"Dorms,Cafeteria,CS_Building,Library,Gym,Dorms,Math_Building,Dorms"
U0830_10,"Dorms,CS_Building,Student_Center,Library,Cafeteria,Math_Building"
U0830_2,"Dorms,Cafeteria,Library,Cafeteria,CS_Building,Library,Cafeteria,Library"
U0830_3,"Student_Center,Dorms,CS_Building,Library"
U0830_4,"Dorms,CS_Building,Student_Center,Dorms,Math_Building"
U0830_5,"CS_Building,Dorms,CS_Building,Library,Gym,Dorms"
U0830_6,"Student_Center,Gym,Cafeteria,CS_Building"
U0830_7,"Student_Center,Library,Student_Center"
U0830_8,"Dorms,Math_Building,Dorms"
U0830_9,"Cafeteria,Library,Dorms,CS_Building,Student_Center"
U0831_1,"Dorms,Cafeteria,Library,Cafeteria,Math_Building,Cafeteria,Math_Building"
U0831_10,"Dorms,Math_Building,Library,Cafeteria,Student_Center"
U0831_11,"Dorms,Math_Building,Student_Center"
U0831_12,"Dorms,Library,Dorms"
U0831_13,"Dorms,Cafeteria,Math_Building"
U0831_2,"Dorms,Cafeteria,CS_Building,Library,Cafeteria,Math_Building"
U0831_3,"Dorms,Library,Dorms,CS_Building,Student_Center,Library"
U0831_4,"Dorms,Math_Building,Cafeteria,Math_Building,CS_Building,Student_Center,Dorms,Cafeteria,Dorms,Library,Cafeteria,CS_Building"
U0831_5,"Dorms,Cafeteria,CS_Building,Cafeteria,Math_Building,Student_Center,Dorms,CS_Building"
U0831_6,"Gym,Dorms,CS_Building,Library,Gym"
U0831_7,"Dorms,Math_Building,Library"
U0831_8,"Dorms,Library,Dorms,Library"
U0831_9,"Dorms,Cafeteria,Library,Cafeteria,Library,Cafeteria"
U0832_1,"Dorms,CS_Building,Library"
U0832_10,"Gym,Dorms,Cafeteria,Library,Dorms"
U0832_11,"Dorms,Cafeteria,Math_Building,Cafeteria,CS_Building,Library"
U0832_2,"Dorms,Cafeteria,Math_Building,Student_Center,Dorms,Library,Cafeteria,Library,Dorms,Cafeteria,CS_Building,Dorms,Math_Building,Library,Cafeteria"
U0832_3,"Dorms,Cafeteria,Student_Center,Gym,Cafeteria,CS_Building,Library"
U0832_4,"Dorms,Cafeteria,Math_Building,Cafeteria,CS_Building,Cafeteria,Cafeteria,CS_Building,Library,Cafeteria,CS_Building,Library,Cafeteria"
U0832_5,"Dorms,CS_Building,Cafeteria,Student_Center,Dorms,CS_Building,Student_Center,Library"
U0832_6,"Dorms,Cafeteria,CS_Building,Library"
U0832_7,"Dorms,Cafeteria,CS_Building,Library,Cafeteria,CS_Building"
U0832_8,"Math_Building,Cafeteria,CS_Building,Dorms,Cafeteria,CS_Building,Library,Dorms"
U0832_9,"Dorms,Library,Cafeteria,CS_Building"
U0833_1,"Dorms,Math_Building,Library,Dorms,Math_Building"
U0833_10,"Dorms,Cafeteria,CS_Building,Library,Dorms,Cafeteria,Library"
U0833_11,"Cafeteria,CS_Building,Student_Center,Dorms,Cafeteria,CS_Building,Library,Gym"
U0833_2,"Dorms,CS_Building,Student_Center,Library,Dorms,Cafeteria,Math_Building,Library"
U0833_3,"Dorms,Math_Building,Student_Center,Library,Dorms,CS_Building,Library,Dorms,Cafeteria,CS_Building"
U0833_4,"Dorms,Cafeteria,Library,Dorms,Cafeteria,CS_Building,Library"
U0833_5,"Gym,Cafeteria,CS_Building,Student_Center,Gym,Dorms,Cafeteria,Library"
U0833_6,"Dorms,CS_Building,Dorms,Dorms,Cafeteria,Library,Cafeteria,Student_Center,Gym,Dorms,Cafeteria"
U0833_7,"Dorms,Cafeteria,CS_Building"
U0833_8,"CS_Building,Library,Dorms,CS_Building,Dorms,Cafeteria,CS_Building"
U0833_9,"Dorms,Library,Dorms,Library,Gym"
U0834_1,"Dorms,Cafeteria,Math_Building,Library,Cafeteria,Math_Building,Student_Center,Dorms"
U0834_10,"Dorms,Cafeteria,Math_Building,Dorms,Cafeteria,CS_Building"
U0834_11,"Dorms,CS_Building,Student_Center,Library,Dorms,Cafeteria"
U0834_12,"Cafeteria,Math_Building,Dorms"
U0834_2,"CS_Building,Student_Center,Dorms,Library,Cafeteria"
U0834_3,"Dorms,Math_Building,Student_Center,Dorms"
U0834_4,"Dorms,Cafeteria,Library,Cafeteria,Dorms,Cafeteria,Library"
U0834_5,"Dorms,Cafeteria,Library,Cafeteria,CS_Building"
U0834_6,"Library,Student_Center,Dorms,Library,Dorms,Math_Building"
U0834_7,"Dorms,Cafeteria,Library,Cafeteria,Math_Building,Dorms,Math_Building,Cafeteria"
U0834_8,"Dorms,CS_Building,Student_Center,Gym"
U0834_9,"Math_Building,Student_Center,Dorms,Cafeteria,CS_Building,Library"
U0835_1,"Dorms,Cafeteria,Math_Building,Student_Center,Library,Dorms"
U0835_10,"Dorms,CS_Building,Cafeteria,Student_Center,Gym,Dorms,CS_Building,Cafeteria,Dorms,Math_Building,Student_Center,Library"
U0835_11,"Dorms,Cafeteria,Math_Building,Student_Center,Library,Cafeteria,Library,Student_Center"
U0835_12,"Dorms,Cafeteria,CS_Building,Student_Center,Gym,Dorms"
U0835_13,"Dorms,CS_Building,Student_Center,Library,Dorms,Math_Building,Student_Center,Gym"
U0835_2,"Dorms,Cafeteria,Math_Building,Dorms,Cafeteria,Math_Building,Library"
U0835_3,"Dorms,Cafeteria,CS_Building,Library"
U0835_4,"Gym,Dorms,Cafeteria,Library,Dorms"
U0835_5,"Dorms,CS_Building,Cafeteria,Library,Dorms,Dorms,Cafeteria,CS_Building"
U0835_6,"Library,Cafeteria,Math_Building,Dorms,Math_Building,Dorms,Cafeteria,Student_Center"
U0835_7,"Dorms,CS_Building,Library,Student_Center,Dorms,Cafeteria,CS_Building"
U0835_8,"Dorms,CS_Building,Dorms,Cafeteria,CS_Building,Student_Center"
U0835_9,"Dorms,Cafeteria,CS_Building,Student_Center,Gym,Dorms,Cafeteria,CS_Building"
U0836_1,"Dorms,Math_Building,Cafeteria,Math_Building,Dorms,Library,Gym,Dorms"
U0836_10,"Dorms,CS_Building,Student_Center,Gym,Dorms,Cafeteria"
U0836_11,"Cafeteria,CS_Building,Dorms,Cafeteria,Library,Cafeteria,CS_Building"
U0836_12,"Dorms,Cafeteria,Library,Gym,Dorms,Math_Building,Dorms,Math_Building"
U0836_13,"Dorms,Cafeteria,Library,Dorms,Cafeteria,CS_Building,Student_Center,Dorms"
U0836_14,"Dorms,Math_Building,Cafeteria,CS_Building,Cafeteria,CS_Building,Dorms"
U0836_2,"Dorms,Cafeteria,Math_Building,Dorms,Cafeteria,CS_Building,Library"
U0836_3,"Dorms,Cafeteria,Math_Building,Dorms,Math_Building,Library"
U0836_4,"Student_Center,Gym,Dorms,Library,Student_Center,Dorms"
U0836_5,"Dorms,CS_Building,Student_Center,Gym,Dorms,CS_Building,Cafeteria"
U0836_6,"Dorms,Math_Building,Library,Gym,Dorms,Library,Gym,Cafeteria"
U0836_7,"Dorms,Library,Cafeteria,Library,Student_Center,Dorms,Library"
U0836_8,"Dorms,Library,Cafeteria,Library,Dorms,Dorms,Math_Building,Student_Center,Gym,Dorms,Cafeteria,CS_Building,Library"
U0836_9,"Math_Building,Cafeteria,Library,Dorms,Math_Building"
U0837_1,"Dorms,Cafeteria,Student_Center,Dorms,Cafeteria,CS_Building,Student_Center,Gym,Dorms,CS_Building,Dorms,Math_Building,Cafeteria"
U0837_10,"Dorms,Cafeteria,Math_Building,Dorms,Cafeteria"
U0837_11,"Dorms,Cafeteria,Library,Dorms,Math_Building,Dorms,Library"
U0837_12,"Dorms,Cafeteria,Math_Building"
U0837_13,"Dorms,Cafeteria,Student_Center,Library,Student_Center,Dorms"
U0837_2,"Dorms,CS_Building,Library,Dorms"
U0837_3,"Dorms,Cafeteria,CS_Building,Student_Center,Dorms,CS_Building,Dorms,Cafeteria"
U0837_4,"Dorms,Library,Gym,Dorms"
U0837_5,"Dorms,Math_Building,Cafeteria,CS_Building"
U0837_6,"Dorms,CS_Building,Student_Center,Dorms,Dorms,Cafeteria,CS_Building,Library,Gym,Cafeteria,CS_Building"
U0837_7,"Dorms,Math_Building,Student_Center"
U0837_8,"CS_Building,Dorms,CS_Building,Library,Dorms"
U0837_9,"Dorms,CS_Building,Student_Center,Library,Dorms,Cafeteria,Math_Building,Cafeteria"
U0838_1,"Math_Building,Student_Center,Gym"
U0838_10,"Dorms,Cafeteria,CS_Building,Student_Center"
U0838_11,"Dorms,Cafeteria,Student_Center,Dorms,Cafeteria,Library,Gym,Dorms"
U0838_12,"Dorms,CS_Building,Library"
U0838_13,"Dorms,Cafeteria,Library"
U0838_14,"Student_Center,Library,Cafeteria,Library,Dorms,Cafeteria,CS_Building,Library"
U0838_15,"Dorms,Cafeteria,Math_Building,Student_Center,Gym,Dorms"
U0838_16,"Dorms,Cafeteria,Math_Building,Library,Student_Center,Gym"
U0838_2,"Dorms,CS_Building,Cafeteria,Library,Cafeteria,CS_Building"
U0838_3,"Student_Center,Gym,Cafeteria,CS_Building,Student_Center,Gym,Dorms"
U0838_4,"Dorms,Cafeteria,Student_Center,Dorms,Cafeteria"
U0838_5,"Dorms,Cafeteria,Student_Center,Library,Gym"
U0838_6,"Library,Cafeteria,CS_Building,Student_Center,Gym,Dorms"
U0838_7,"Gym,Dorms,Cafeteria"
U0838_8,"Dorms,Cafeteria,Math_Building"
U0838_9,"Dorms,Cafeteria,CS_Building,Cafeteria,CS_Building,Library,Gym"
U0839_1,"Dorms,Cafeteria,CS_Building,Cafeteria"
U0839_2,"Dorms,CS_Building,Library,Gym"
U0839_3,"Dorms,CS_Building,Student_Center"
U0839_4,"Dorms,Math_Building,Student_Center,Gym,Cafeteria"
U0839_5,"Dorms,CS_Building,Dorms"
U0839_6,"Dorms,Cafeteria,Library,Gym,Dorms,CS_Building,Dorms,Cafeteria,CS_Building,Library,Gym,Dorms,Cafeteria,CS_Building"
U0839_7,"Dorms,Cafeteria,Library,Dorms,Math_Building"
U0839_8,"Dorms,Cafeteria,CS_Building,Library,Dorms"
U0839_9,"Dorms,Cafeteria,Math_Building,Library,Gym,Dorms,Library,Dorms"
U0840_1,"Dorms,Cafeteria,CS_Building,Cafeteria"
U0840_10,"Dorms,Cafeteria,Library,Dorms,Dorms,Cafeteria,Library,Cafeteria"
U0840_11,"Dorms,Cafeteria,Student_Center"
U0840_12,"Cafeteria,Library,Cafeteria,CS_Building,Student_Center,Gym,Dorms"
U0840_2,"Cafeteria,CS_Building,Library,Student_Center,Gym,Dorms"
U0840_3,"Dorms,Cafeteria,CS_Building,Student_Center,Dorms,Cafeteria"
U0840_4,"CS_Building,Student_Center,Dorms,CS_Building,Cafeteria,Math_Building,Student_Center,Dorms"
U0840_5,"Dorms,Cafeteria,Library,Dorms,Cafeteria"
U0840_6,"Dorms,CS_Building,Library,Gym,Cafeteria,CS_Building,Student_Center,Dorms"
U0840_7,"Dorms,Math_Building,Dorms"
U0840_8,"Dorms,CS_Building,Student_Center,Dorms,Cafeteria,Library,Gym,Dorms,Gym,Cafeteria,Student_Center,Gym,Dorms,Cafeteria,Library"
U0840_9,"Library,Cafeteria,Library,Cafeteria,Student_Center,Library,Dorms"
U0841_1,"Math_Building,Library,Student_Center,Dorms,Math_Building,Library,Gym,Dorms,CS_Building,Student_Center,Gym,Cafeteria"
U0841_10,"Dorms,Cafeteria,CS_Building,Student_Center"
U0841_11,"Cafeteria,Math_Building,Dorms,CS_Building,Cafeteria"
U0841_12,"Cafeteria,Library,Cafeteria,Math_Building,Library,Dorms,Cafeteria,CS_Building"
U0841_13,"Dorms,CS_Building,Dorms,Cafeteria,CS_Building,Library"
U0841_14,"Dorms,Cafeteria,Student_Center,Dorms,Cafeteria"
U0841_15,"Dorms,Math_Building,Cafeteria,Library,Dorms,CS_Building,Cafeteria,CS_Building"
U0841_2,"Dorms,Library,Dorms,CS_Building,Student_Center,Library,Dorms,CS_Building,CS_Building,Dorms,Cafeteria,Math_Building,Library"
U0841_3,"Dorms,Cafeteria,Library,Gym,Dorms"
U0841_4,"Dorms,CS_Building,Student_Center,Library,Gym,Cafeteria,Math_Building"
U0841_5,"CS_Building,Library,Dorms"
U0841_6,"Dorms,Cafeteria,Math_Building,Library"
U0841_7,"Dorms,Math_Building,Dorms"
U0841_8,"Dorms,Cafeteria,CS_Building,Library,Cafeteria,CS_Building,Dorms"
U0841_9,"Student_Center,Dorms,Cafeteria,Math_Building,Cafeteria,CS_Building,Library"
U0842_1,"Dorms,CS_Building,Library,Cafeteria,CS_Building,Student_Center,Library"
U0842_10,"Library,Cafeteria,Math_Building,Library,Dorms"
U0842_11,"Dorms,Cafeteria,Math_Building,Student_Center,Dorms,Cafeteria,Math_Building"
U0842_12,"Dorms,CS_Building,Library,Cafeteria,Library,Dorms,Cafeteria,Library,Student_Center"
U0842_13,"Dorms,Cafeteria,Math_Building,Cafeteria,Math_Building,Cafeteria,Math_Building,Dorms"
U0842_2,"Dorms,Cafeteria,Math_Building"
U0842_3,"Student_Center,Library,Gym,Dorms,Cafeteria,Library"
U0842_4,"Dorms,CS_Building,Library,Gym,Dorms,Cafeteria"
U0842_5,"Dorms,Cafeteria,CS_Building,Dorms"
U0842_6,"CS_Building,Student_Center,Library,Gym"
U0842_7,"Dorms,Math_Building,Cafeteria,CS_Building,Cafeteria,Math_Building"
U0842_8,"Dorms,Cafeteria,Library,Student_Center"
U0842_9,"Dorms,Math_Building,Library,Cafeteria"
U0843_1,"Dorms,Cafeteria,Math_Building,Student_Center,Library,Student_Center,Dorms,CS_Building"
U0843_10,"Dorms,Cafeteria,Math_Building,Library"
U0843_11,"Dorms,CS_Building,Cafeteria,CS_Building,Library,Dorms,Cafeteria"
U0843_12,"Dorms,Cafeteria,CS_Building,Student_Center,Library"
U0843_13,"CS_Building,Library,Dorms,Library,Student_Center,Gym,Dorms"
U0843_14,"Dorms,Cafeteria,Math_Building,Cafeteria"
U0843_2,"Dorms,Cafeteria,Library"
U0843_3,"Dorms,Cafeteria,CS_Building"
U0843_4,"Gym,Dorms,CS_Building,Dorms,Cafeteria,CS_Building"
U0843_5,"Dorms,Library,Dorms"
U0843_6,"Dorms,Math_Building,Dorms,Cafeteria,CS_Building,Library"
U0843_7,"Dorms,Cafeteria,CS_Building,Cafeteria,CS_Building,Student_Center,Dorms"
U0843_8,"Dorms,Math_Building,Library,Student_Center,Dorms,Cafeteria"
U0843_9,"Dorms,Library,Student_Center,Gym,Cafeteria,Library,Cafeteria"
U0844_1,"Dorms,Cafeteria,CS_Building,Student_Center,Gym,Cafeteria,Library,Cafeteria"
U0844_10,"Gym,Dorms,Cafeteria,CS_Building,Student_Center,Dorms,CS_Building"
U0844_11,"Dorms,CS_Building,Cafeteria"
U0844_12,"Cafeteria,CS_Building,Dorms,CS_Building,Cafeteria,Math_Building,Student_Center,Gym"
U0844_13,"Dorms,Cafeteria,CS_Building"
U0844_2,"Dorms,Cafeteria,Library,Cafeteria,Math_Building"
U0844_3,"Dorms,Cafeteria,Student_Center,Library,Cafeteria"
U0844_4,"Dorms,CS_Building,Library,Dorms,CS_Building,Library,Cafeteria,Math_Building"
U0844_5,"Dorms,Cafeteria,CS_Building,Student_Center,Dorms"
U0844_6,"Gym,Dorms,Cafeteria,CS_Building,Cafeteria,Math_Building"
U0844_7,"Dorms,Math_Building,Library,Gym"
U0844_8,"Gym,Dorms,Cafeteria,CS_Building,Library,Cafeteria,Math_Building"
U0844_9,"Dorms,Math_Building,Library,Gym,Cafeteria,CS_Building,Library,Gym"
U0845_1,"Library,Student_Center,Gym,Cafeteria,Student_Center,Library,Cafeteria,Math_Building"
U0845_10,"Dorms,Cafeteria,Student_Center,Library,Dorms,Cafeteria,Math_Building,Library"
U0845_11,"Gym,Dorms,Cafeteria,Math_Building,Dorms,Dorms,Math_Building,Library"
U0845_12,"Dorms,Cafeteria,CS_Building,Cafeteria,CS_Building,Library"
U0845_13,"Dorms,Library,Dorms,Cafeteria,Math_Building"
U0845_2,"Dorms,Cafeteria,Library"
U0845_3,"Dorms,Cafeteria,Math_Building"
U0845_4,"Cafeteria,CS_Building,Library,Dorms,Cafeteria,Library"
U0845_5,"Dorms,Math_Building,Dorms,Library,Dorms,Math_Building,Student_Center,Dorms"
U0845_6,"Dorms,Cafeteria,CS_Building,Cafeteria,Dorms,Cafeteria,Library,Cafeteria,Library,Dorms"
U0845_7,"CS_Building,Student_Center,Library,Dorms,Math_Building,Library"
U0845_8,"Dorms,Cafeteria,Library"
U0845_9,"Dorms,Cafeteria,Library,Gym,Dorms,Dorms,CS_Building,Library,Student_Center,Library,Dorms"
U0846_1,"Dorms,Math_Building,Student_Center,Dorms,Cafeteria,Math_Building,Library,Cafeteria,Dorms,Cafeteria,CS_Building,Library,Gym,Cafeteria,Library"
U0846_10,"Dorms,Cafeteria,CS_Building,Student_Center,Library,Gym"
U0846_11,"Dorms,Cafeteria,Library,Cafeteria,Math_Building,Cafeteria,CS_Building,Student_Center,Gym,Dorms"
U0846_12,"Dorms,CS_Building,Cafeteria,Library,Dorms,Math_Building,Dorms,Cafeteria"
U0846_2,"Gym,Cafeteria,CS_Building,Student_Center"
U0846_3,"Dorms,Cafeteria,CS_Building,Dorms,Math_Building,Library,Dorms"
U0846_4,"Dorms,Library,Gym,Dorms,Library"
U0846_5,"Cafeteria,Student_Center,Library,Gym,Dorms,CS_Building"
U0846_6,"Dorms,Library,Cafeteria,CS_Building"
U0846_7,"CS_Building,Student_Center,Dorms"
U0846_8,"Dorms,Cafeteria,CS_Building,Library,Student_Center,Library,Cafeteria,Math_Building"
U0846_9,"Student_Center,Gym,Cafeteria,CS_Building,Student_Center"
U0847_1,"Dorms,Math_Building,Cafeteria"
U0847_10,"Dorms,Cafeteria,CS_Building"
U0847_11,"Cafeteria,CS_Building,Library,Cafeteria,Library,Student_Center,Library,Dorms"
U0847_12,"Dorms,Cafeteria,Library,Dorms,Dorms,Cafeteria,Math_Building,Cafeteria"
U0847_2,"Gym,Cafeteria,Student_Center,Library,Dorms,Cafeteria"
U0847_3,"Gym,Dorms,CS_Building,Library,Cafeteria"
U0847_4,"Dorms,CS_Building,Library,Cafeteria,CS_Building,Cafeteria"
U0847_5,"Dorms,CS_Building,Student_Center,Library,Dorms,Cafeteria,CS_Building"
U0847_6,"Dorms,Cafeteria,CS_Building"
U0847_7,"Dorms,Math_Building,Library,Dorms,Library,Cafeteria"
U0847_8,"Dorms,CS_Building,Student_Center"
U0847_9,"Dorms,Cafeteria,CS_Building,Library"
U0848_1,"Dorms,Cafeteria,Library,Cafeteria,CS_Building,Library,Cafeteria,CS_Building"
U0848_10,"Dorms,Math_Building,Dorms,Math_Building"
U0848_11,"Dorms,Library,Cafeteria,CS_Building,Dorms,Dorms,Cafeteria,CS_Building,Cafeteria,Library,Cafeteria"
U0848_2,"Dorms,Math_Building,Library,Dorms,Cafeteria,Dorms,Cafeteria,CS_Building,Dorms,CS_Building,Library,Cafeteria"
U0848_3,"Dorms,CS_Building,Cafeteria,Math_Building,Dorms,Cafeteria,CS_Building,Library"
U0848_4,"Dorms,Cafeteria,Student_Center,Dorms,CS_Building"
U0848_5,"Cafeteria,CS_Building,Student_Center,Library,Cafeteria"
U0848_6,"Dorms,CS_Building,Library"
U0848_7,"Dorms,Cafeteria,Math_Building,Student_Center,Gym,Dorms"
U0848_8,"Dorms,CS_Building,Cafeteria,Student_Center,Gym,Dorms"
U0848_9,"Library,Gym,Dorms,Dorms,Cafeteria,Library,Gym,Cafeteria,Library,Gym"
U0849_1,"Dorms,Math_Building,Dorms,CS_Building"
U0849_10,"Gym,Cafeteria,Math_Building,Library,Gym"
U0849_11,"Dorms,Library,Cafeteria,CS_Building,Student_Center,Gym,Cafeteria,Dorms,Cafeteria,CS_Building"
U0849_12,"Dorms,Cafeteria,Library,Dorms"
U0849_13,"Dorms,CS_Building,Student_Center,Library,Student_Center,Library,Gym,Dorms"
U0849_14,"Dorms,CS_Building,Library,Dorms,Math_Building,Library,Cafeteria,CS_Building"
U0849_15,"Dorms,Math_Building,Cafeteria,CS_Building,Library,Cafeteria,Math_Building"
U0849_16,"Dorms,Cafeteria,Math_Building,Library,Dorms,Math_Building"
U0849_2,"Dorms,Cafeteria,Math_Building,Library,Dorms,CS_Building"
U0849_3,"Dorms,Cafeteria,Student_Center,Dorms"
U0849_4,"Dorms,CS_Building,Library"
U0849_5,"Dorms,Cafeteria,Math_Building,Dorms,CS_Building,Library,Gym"
U0849_6,"Library,Dorms,CS_Building,Cafeteria,Library,Dorms,CS_Building,Student_Center,Gym"
U0849_7,"Cafeteria,Library,Dorms,Math_Building"
U0849_8,"Dorms,Math_Building,Cafeteria,Math_Building,Cafeteria"
U0849_9,"Dorms,CS_Building,Cafeteria,Library,Cafeteria,CS_Building"
U0850_1,"Dorms,Cafeteria,Student_Center,Dorms,Library,Dorms,Cafeteria"
U0850_10,"Dorms,CS_Building,Student_Center,Library,Student_Center,Dorms,Cafeteria"
U0850_2,"Dorms,Library,Cafeteria,Math_Building,Student_Center,Gym,Dorms,CS_Building"
U0850_3,"Dorms,CS_Building,Library"
U0850_4,"Dorms,Cafeteria,Student_Center"
U0850_5,"Dorms,Library,Dorms,Cafeteria"
U0850_6,"Dorms,CS_Building,Student_Center,Dorms,Cafeteria,CS_Building,Library,Gym,Dorms,CS_Building,Library,CS_Building,Library,Student_Center"
U0850_7,"Dorms,Cafeteria,Library,Gym,Dorms,Cafeteria,Student_Center"
U0850_8,"Dorms,Cafeteria,CS_Building,Library,Cafeteria,Math_Building"
U0850_9,"Dorms,CS_Building,Library,Cafeteria"
U0851_1,"Gym,Dorms,Cafeteria,Math_Building,Dorms,Dorms,Math_Building,Cafeteria,Library,Student_Center,Library,Gym,Dorms"
U0851_10,"Dorms,Cafeteria,Math_Building,Student_Center,Gym"
U0851_11,"Dorms,Cafeteria,CS_Building,Library,Dorms,Cafeteria,CS_Building"
U0851_2,"Dorms,Cafeteria,Student_Center,Gym"
U0851_3,"Dorms,Cafeteria,CS_Building,Student_Center,Gym"
U0851_4,"Dorms,Cafeteria,Math_Building"
U0851_5,"Dorms,CS_Building,Library"
U0851_6,"Dorms,Cafeteria,CS_Building,Dorms,CS_Building,Cafeteria"
U0851_7,"Dorms,Cafeteria,Math_Building,Student_Center,Dorms,Math_Building,Dorms,Math_Building"
U0851_8,"Gym,Dorms,CS_Building,Library,Cafeteria,Math_Building,Student_Center,Gym"
U0851_9,"Dorms,CS_Building,Library,Student_Center,Library"
U0852_1,"Library,Cafeteria,CS_Building,Cafeteria,Math_Building"
U0852_10,"Gym,Dorms,Cafeteria,Math_Building,Cafeteria,Library,Dorms,Cafeteria"
U0852_11,"Dorms,Math_Building,Student_Center,Dorms"
U0852_2,"Dorms,Cafeteria,Library"
U0852_3,"Dorms,Cafeteria,Math_Building,Student_Center,Dorms,Library,Cafeteria,Math_Building,Cafeteria,Library"
U0852_4,"Dorms,Cafeteria,Library,Student_Center,Dorms"
U0852_5,"Dorms,Math_Building,Student_Center,Dorms,CS_Building,Student_Center,Gym"
U0852_6,"Dorms,Cafeteria,CS_Building"
U0852_7,"Dorms,Cafeteria,Library,Cafeteria,Math_Building"
U0852_8,"Dorms,CS_Building,Cafeteria,Math_Building,Library,Cafeteria,Math_Building"
U0852_9,"Dorms,Cafeteria,CS_Building,Student_Center,Dorms,Library"
U0853_1,"Dorms,Cafeteria,CS_Building,Cafeteria,Math_Building"
U0853_10,"Gym,Dorms,Cafeteria,Math_Building,Cafeteria,Math_Building,Library,Dorms"
U0853_11,"Cafeteria,Library,Dorms,Math_Building,Library"
U0853_12,"Math_Building,Student_Center,Gym,Dorms"
U0853_13,"Dorms,Cafeteria,CS_Building"
U0853_2,"Dorms,CS_Building,Student_Center,Dorms,CS_Building"
U0853_3,"Dorms,Cafeteria,CS_Building,Library,Cafeteria,Math_Building,Student_Center,Library,Dorms,CS_Building"
U0853_4,"Dorms,Math_Building,Student_Center,Library,Dorms,CS_Building,Student_Center,Dorms"
U0853_5,"Gym,Dorms,CS_Building"
U0853_6,"Dorms,CS_Building,Library,Dorms,CS_Building,Dorms,Math_Building,Dorms"
U0853_7,"Dorms,CS_Building,Student_Center"
U0853_8,"Library,Cafeteria,CS_Building,Student_Center,Library,Dorms,Cafeteria"
U0853_9,"CS_Building,Library,Student_Center,Gym,Dorms"
U0854_1,"Dorms,CS_Building,Cafeteria,Math_Building,Cafeteria,Math_Building,Student_Center,Library,Gym"
U0854_2,"Dorms,Math_Building,Dorms,Cafeteria,Student_Center"
U0854_3,"Dorms,CS_Building,Library,Dorms,Cafeteria,CS_Building,Cafeteria,Math_Building"
U0854_4,"Dorms,Cafeteria,CS_Building,Dorms"
U0854_5,"Dorms,Math_Building,Student_Center,Gym,Dorms,Cafeteria"
U0854_6,"CS_Building,Dorms,Cafeteria,Math_Building"
U0854_7,"Cafeteria,Library,Dorms,Cafeteria,Math_Building,Cafeteria,Math_Building,Dorms,Dorms,Cafeteria,Math_Building"
U0854_8,"Dorms,CS_Building,Student_Center,Dorms,Math_Building"
U0854_9,"Dorms,CS_Building,Library,Student_Center"
U0855_1,"Dorms,Cafeteria,Library,Cafeteria,CS_Building,Student_Center,Dorms,Cafeteria"
U0855_10,"Dorms,CS_Building,Library,Cafeteria,Math_Building"
U0855_11,"Cafeteria,CS_Building,Dorms,Cafeteria,Library"
U0855_2,"Dorms,Cafeteria,Math_Building,Student_Center,Dorms,Cafeteria"
U0855_3,"Dorms,Cafeteria,CS_Building"
U0855_4,"Dorms,Cafeteria,Math_Building,Dorms,Math_Building,Library"
U0855_5,"Dorms,Cafeteria,CS_Building,Student_Center,Gym,Cafeteria,Dorms,Cafeteria,CS_Building"
U0855_6,"Dorms,CS_Building,Student_Center,Library,Gym"
U0855_7,"Dorms,Cafeteria,CS_Building"
U0855_8,"Dorms,Cafeteria,CS_Building"
U0855_9,"Dorms,CS_Building,Student_Center,Gym,Dorms"
U0856_1,"Math_Building,Library,Cafeteria"
U0856_10,"Dorms,Cafeteria,Student_Center,Gym,Cafeteria,Math_Building,Library,Dorms"
U0856_2,"Dorms,Cafeteria,Student_Center,Dorms,Library,Dorms,Cafeteria,CS_Building,Student_Center,Library,Cafeteria,Student_Center"
U0856_3,"Dorms,CS_Building,Student_Center,Gym,Dorms,Dorms,Cafeteria,CS_Building,Student_Center,Dorms,CS_Building,Cafeteria,Math_Building"
U0856_4,"Dorms,Math_Building,Library,Cafeteria"
U0856_5,"Dorms,Math_Building,Student_Center,Gym,Dorms,Cafeteria,Library"
U0856_6,"Gym,Dorms,Cafeteria,CS_Building,Dorms,CS_Building,Cafeteria,Math_Building,Student_Center,Library,Gym,Dorms"
U0856_7,"Student_Center,Dorms,Cafeteria"
U0856_8,"Dorms,Cafeteria,Student_Center,Dorms,Math_Building,Cafeteria,CS_Building"
U0856_9,"Dorms,CS_Building,Library,Cafeteria,CS_Building,Student_Center"
U0857_1,"Dorms,CS_Building,Student_Center,Gym,Dorms,Math_Building,Student_Center,Library"
U0857_10,"Dorms,Math_Building,Dorms,Cafeteria,Math_Building"
U0857_11,"Dorms,Library,Cafeteria,Math_Building,Cafeteria,CS_Building"
U0857_2,"Dorms,Math_Building,Dorms"
U0857_3,"Cafeteria,Library,Dorms,Cafeteria,Student_Center"
U0857_4,"Dorms,Math_Building,Library,Dorms,Cafeteria,CS_Building,Library,Cafeteria,CS_Building,Library,Cafeteria"
U0857_5,"Dorms,Math_Building,Cafeteria,Math_Building,Student_Center,Library,Cafeteria"
U0857_6,"Dorms,Cafeteria,Math_Building,Student_Center,Gym"
U0857_7,"Math_Building,Dorms,Math_Building,Student_Center,Dorms,CS_Building"
U0857_8,"Dorms,Cafeteria,Math_Building"
U0857_9,"Dorms,Math_Building,Cafeteria,Math_Building,Cafeteria,CS_Building,Dorms"
U0858_1,"Dorms,Cafeteria,Math_Building,Library"
U0858_10,"Dorms,CS_Building,Library,Gym,Dorms,Math_Building,Dorms,Cafeteria,CS_Building,Library,Student_Center,Gym,Dorms,Cafeteria"
U0858_11,"Dorms,Cafeteria,CS_Building,Library,Dorms,CS_Building,Student_Center"
U0858_12,"Gym,Dorms,Cafeteria,CS_Building,Student_Center"
U0858_13,"CS_Building,Cafeteria,Math_Building"
U0858_2,"Dorms,Cafeteria,CS_Building,Dorms,Math_Building"
U0858_3,"Cafeteria,Math_Building,Student_Center"
U0858_4,"Dorms,Cafeteria,Math_Building,Student_Center,Library,Dorms"
U0858_5,"CS_Building,Student_Center,Dorms,Dorms,Math_Building,Library,Dorms,Cafeteria,Math_Building,Student_Center"
U0858_6,"Dorms,Math_Building,Library,Cafeteria"
U0858_7,"Dorms,Math_Building,Student_Center"
U0858_8,"Gym,Dorms,Cafeteria,Math_Building,Library,Cafeteria,Math_Building"
U0858_9,"Cafeteria,Library,Dorms"
U0859_1,"Dorms,Library,Dorms,Math_Building,Student_Center,Dorms"
U0859_10,"Dorms,CS_Building,Library,Cafeteria,CS_Building,Library,Dorms,Math_Building,Dorms,CS_Building"
U0859_11,"Dorms,Cafeteria,Student_Center,Library,Dorms,Cafeteria,Library,Dorms,Dorms,Cafeteria,CS_Building,Student_Center"
U0859_2,"Math_Building,Library,Gym,Dorms,Library,Cafeteria"
U0859_3,"Dorms,Cafeteria,Math_Building,Dorms,Math_Building,Student_Center,Dorms"
U0859_4,"Dorms,CS_Building,Cafeteria"
U0859_5,"Dorms,Math_Building,Library,Gym,Dorms,Math_Building,Student_Center,Gym,Dorms,Math_Building,Dorms,Math_Building"
U0859_6,"Dorms,CS_Building,Library,Cafeteria,CS_Building,Cafeteria"
U0859_7,"Dorms,Cafeteria,Student_Center,Gym,Dorms,Cafeteria,Library"
U0859_8,"Dorms,Cafeteria,Math_Building"
U0859_9,"Student_Center,Dorms,Cafeteria,Library,Gym,Cafeteria"
U0860_1,"Cafeteria,CS_Building,Cafeteria"
U0860_2,"Student_Center,Library,Dorms,Cafeteria,CS_Building,Library,Dorms,Cafeteria"
U0860_3,"Dorms,Cafeteria,CS_Building,Cafeteria,CS_Building,Student_Center"
U0860_4,"Math_Building,Dorms,CS_Building,Cafeteria,Math_Building,Student_Center,Library"
U0860_5,"Dorms,CS_Building,Cafeteria,Math_Building,Dorms,Math_Building,Dorms,Math_Building"
U0860_6,"Dorms,Math_Building,Cafeteria,CS_Building,Dorms,Cafeteria,Library,Cafeteria,CS_Building,Library"
U0860_7,"CS_Building,Cafeteria,CS_Building,Cafeteria,CS_Building,Gym,Dorms,Cafeteria,Math_Building,Student_Center,Library,Cafeteria,Math_Building"
U0860_8,"Dorms,Cafeteria,Math_Building"
U0861_1,"Dorms,Math_Building,Library,Student_Center,Gym,Dorms,Cafeteria"
U0861_10,"Dorms,Library,Cafeteria,CS_Building,Student_Center,Library"
U0861_11,"Dorms,Math_Building,Dorms,Cafeteria,CS_Building,Student_Center,Dorms"
U0861_12,"Dorms,Cafeteria,Math_Building,Dorms,Cafeteria,Math_Building,Student_Center"
U0861_2,"Cafeteria,Math_Building,Cafeteria,Dorms,Library,Cafeteria,CS_Building,Dorms,CS_Building,Student_Center,Library,Dorms,Cafeteria"
U0861_3,"Dorms,Cafeteria,CS_Building"
U0861_4,"CS_Building,Cafeteria,CS_Building,Cafeteria,CS_Building,Cafeteria,Math_Building"
U0861_5,"Dorms,Cafeteria,CS_Building,Library,Gym"
U0861_6,"Dorms,Cafeteria,Library,Gym,Dorms,Math_Building"
U0861_7,"Dorms,Cafeteria,Math_Building,Cafeteria,CS_Building,Library,Dorms,Library,Dorms,CS_Building,Library"
U0861_8,"Gym,Dorms,CS_Building,Cafeteria,Library,Dorms,Cafeteria,CS_Building"
U0861_9,"Dorms,Math_Building,Cafeteria,CS_Building,Library,Gym,Dorms,Cafeteria"
U0862_1,"Dorms,Cafeteria,CS_Building,Cafeteria,Math_Building,Student_Center"
U0862_10,"Dorms,Cafeteria,Math_Building"
U0862_11,"Dorms,Cafeteria,CS_Building,Library,Gym,Dorms,CS_Building,Library"
U0862_12,"Dorms,CS_Building,Library,Dorms"
U0862_2,"CS_Building,Dorms,Cafeteria,CS_Building,Cafeteria,Math_Building,Library"
U0862_3,"CS_Building,Cafeteria,Library,Gym"
U0862_4,"CS_Building,Library,Cafeteria,Student_Center,Dorms,CS_Building,Student_Center,Library"
U0862_5,"CS_Building,Student_Center,Dorms,Math_Building,Library"
U0862_6,"Dorms,Cafeteria,CS_Building,Student_Center,Gym,Dorms,Cafeteria"
U0862_7,"Math_Building,Dorms,Library,Gym"
U0862_8,"Dorms,CS_Building,Library,Dorms,Cafeteria"
U0862_9,"Dorms,Library,Dorms,Cafeteria,Library,Cafeteria,Library"
U0863_1,"Dorms,Cafeteria,Math_Building,Library,Cafeteria,Math_Building,Library"
U0863_10,"Dorms,Cafeteria,Math_Building,Student_Center,Dorms"
U0863_11,"Cafeteria,Library,Gym,Cafeteria,Math_Building,Student_Center,Dorms,CS_Building"
U0863_12,"Dorms,Cafeteria,Library,Dorms,Dorms,Math_Building,Cafeteria,CS_Building"
U0863_2,"Dorms,Cafeteria,CS_Building,Dorms,Cafeteria,CS_Building"
U0863_3,"Student_Center,Gym,Dorms,Cafeteria,CS_Building,Student_Center,Dorms,Math_Building"
U0863_4,"Dorms,Math_Building,Library,Cafeteria,Student_Center,Library,Dorms,Cafeteria,Math_Building"
U0863_5,"Dorms,Cafeteria,Library,Dorms,Cafeteria,CS_Building,Cafeteria,Student_Center"
U0863_6,"Dorms,Cafeteria,Student_Center,Dorms,Cafeteria,Library,Student_Center"
U0863_7,"Dorms,Cafeteria,Library,Dorms,Cafeteria,Dorms,Math_Building,Library"
U0863_8,"Dorms,Cafeteria,Library,Dorms"
U0863_9,"Dorms,CS_Building,Student_Center,Dorms,Math_Building,Cafeteria,Library"
U0864_1,"CS_Building,Cafeteria,Library,Dorms,Cafeteria,Library,Dorms"
U0864_10,"Dorms,Cafeteria,Math_Building,Library,Dorms,CS_Building"
U0864_11,"Dorms,CS_Building,Library,Student_Center,Dorms,CS_Building"
U0864_2,"Math_Building,Library,Student_Center"
U0864_3,"Dorms,Cafeteria,CS_Building,Dorms,Cafeteria,Math_Building"
U0864_4,"Gym,Dorms,Math_Building,Dorms"
U0864_5,"Dorms,Cafeteria,Math_Building,Student_Center,Gym"
U0864_6,"Dorms,Library,Cafeteria,CS_Building,Student_Center,Gym"
U0864_7,"Dorms,Cafeteria,Library,Cafeteria,Library,Cafeteria,Math_Building"
U0864_8,"Dorms,Cafeteria,Library"
U0864_9,"Dorms,CS_Building,Library,Cafeteria,Math_Building,Student_Center"
U0865_1,"Dorms,Math_Building,Student_Center,Library"
U0865_10,"Dorms,Library,Cafeteria,Math_Building,Dorms,Cafeteria,Library"
U0865_11,"Dorms,Cafeteria,Student_Center,Dorms,CS_Building,Student_Center"
U0865_12,"Dorms,Library,Cafeteria,CS_Building,Library"
U0865_13,"Dorms,Cafeteria,Math_Building,Student_Center,Dorms,CS_Building"
U0865_2,"Dorms,Math_Building,Library,Cafeteria,CS_Building,Cafeteria"
U0865_3,"Dorms,Cafeteria,CS_Building"
U0865_4,"CS_Building,Student_Center,Dorms,Cafeteria,CS_Building,Library,Gym"
U0865_5,"Dorms,Math_Building,Cafeteria,Student_Center,Dorms,Cafeteria"
U0865_6,"Dorms,Cafeteria,Library,Dorms,CS_Building,Student_Center,Gym"
U0865_7,"Dorms,Cafeteria,Math_Building,Student_Center,Library"
U0865_8,"Dorms,Cafeteria,CS_Building,Library,Cafeteria,CS_Building"
U0865_9,"Dorms,Cafeteria,Math_Building,Student_Center,Library,Cafeteria,Library"
U0866_1,"Dorms,Math_Building,Dorms,Library"
U0866_10,"Dorms,Cafeteria,CS_Building"
U0866_11,"Dorms,Cafeteria,CS_Building,Library,Gym,Cafeteria,Library,Cafeteria"
U0866_12,"CS_Building,Cafeteria,CS_Building,Library,Dorms"
U0866_13,"Dorms,CS_Building,Library,Dorms,Math_Building,Student_Center"
U0866_14,"Dorms,Math_Building,Student_Center,Library,Dorms,Cafeteria,Math_Building"
U0866_2,"Dorms,Cafeteria,Math_Building,Library,Student_Center,Dorms,Cafeteria,CS_Building"
U0866_3,"Dorms,Math_Building,Dorms,Cafeteria,Library,Dorms,Math_Building,Dorms,Cafeteria,CS_Building,Cafeteria,CS_Building,Library"
U0866_4,"Dorms,Cafeteria,Student_Center,Library,Dorms"
U0866_5,"Dorms,Cafeteria,CS_Building,Student_Center,Library,Gym"
U0866_6,"Dorms,CS_Building,Library,Dorms,Math_Building"
U0866_7,"Dorms,Cafeteria,Math_Building,Cafeteria,Math_Building,Library,Student_Center,Gym"
U0866_8,"Student_Center,Gym,Dorms,Cafeteria,Library,Cafeteria,CS_Building"
U0866_9,"Dorms,Cafeteria,CS_Building,Library,Dorms,CS_Building"
U0867_1,"Dorms,Math_Building,Student_Center,Gym"
U0867_10,"Student_Center,Library,Dorms,CS_Building,Library,Student_Center,Library,Dorms"
U0867_11,"Dorms,CS_Building,Dorms,Math_Building,Library,Cafeteria,CS_Building,Library"
U0867_12,"Cafeteria,Math_Building,Dorms,Library,Dorms,CS_Building,Student_Center"
U0867_2,"Dorms,Cafeteria,CS_Building"
U0867_3,"Dorms,Cafeteria,Math_Building,Student_Center,Library"
U0867_4,"Library,Dorms,Cafeteria,CS_Building,Library,Dorms,Math_Building,Cafeteria,Student_Center,Dorms,Cafeteria,Library,Dorms,Math_Building,Student_Center,Gym,Dorms"
U0867_5,"Dorms,Cafeteria,CS_Building,Cafeteria,Math_Building"
U0867_6,"Dorms,Math_Building,Student_Center,Gym,Cafeteria,Math_Building,Dorms"
U0867_7,"Gym,Dorms,Cafeteria,Student_Center,Library,Student_Center"
U0867_8,"Dorms,Cafeteria,Math_Building"
U0867_9,"Student_Center,Gym,Dorms"
U0868_1,"Dorms,Cafeteria,CS_Building,Cafeteria"
U0868_10,"Dorms,Cafeteria,CS_Building,Cafeteria,CS_Building,Library,Dorms"
U0868_11,"Dorms,Cafeteria,CS_Building,Library"
U0868_12,"Dorms,Cafeteria,CS_Building,Library,Cafeteria"
U0868_13,"Dorms,Math_Building,Dorms,Math_Building,Dorms,Math_Building"
U0868_14,"Dorms,Math_Building,Cafeteria,CS_Building,Dorms"
U0868_2,"Dorms,CS_Building,Cafeteria,CS_Building"
U0868_3,"Math_Building,Library,Dorms,Cafeteria"
U0868_4,"Dorms,Cafeteria,Math_Building,Dorms,Cafeteria"
U0868_5,"Dorms,Math_Building,Cafeteria,Math_Building"
U0868_6,"Dorms,Cafeteria,Math_Building"
U0868_7,"Dorms,Math_Building,Student_Center,Dorms,CS_Building"
U0868_8,"Gym,Dorms,CS_Building,Library,Dorms,Math_Building"
U0868_9,"Dorms,Math_Building,Dorms,Cafeteria"
U0869_1,"Dorms,CS_Building,Library,Dorms"
U0869_10,"Dorms,Cafeteria,Math_Building,Library,Gym,Dorms,Library,Gym"
U0869_2,"Dorms,Cafeteria,CS_Building,Library,Dorms,CS_Building,Student_Center"
U0869_3,"Dorms,Library,Dorms,CS_Building,Student_Center,Library,Student_Center,Library"
U0869_4,"Math_Building,Cafeteria,CS_Building,Library,Dorms,Cafeteria,CS_Building,Student_Center"
U0869_5,"Cafeteria,Math_Building,Student_Center,Dorms,Dorms,Math_Building,Library,Dorms,Cafeteria,Student_Center"
U0869_6,"Student_Center,Dorms,Cafeteria,Library,Dorms,CS_Building,Student_Center"
U0869_7,"Dorms,Math_Building,Library,Student_Center,Gym,Cafeteria,Gym,Dorms,Cafeteria,Math_Building,Library,Student_Center,Gym"
U0869_8,"Dorms,CS_Building,Student_Center,Dorms,Library"
U0869_9,"Gym,Dorms,Math_Building,Dorms,Cafeteria"
U0870_1,"Dorms,Library,Gym,Dorms,Cafeteria,Math_Building,Library,Gym"
U0870_10,"Dorms,Cafeteria,Math_Building,Dorms,Library,Cafeteria,Library"
U0870_11,"Cafeteria,Math_Building,Cafeteria,Math_Building,Library,Dorms,Cafeteria"
U0870_12,"Dorms,CS_Building,Dorms"
U0870_2,"Dorms,Cafeteria,CS_Building,Student_Center"
U0870_3,"Dorms,CS_Building,Library,Dorms"
U0870_4,"Dorms,Math_Building,Library,Dorms,Cafeteria,Math_Building"
U0870_5,"Dorms,Cafeteria,Student_Center"
U0870_6,"Math_Building,Cafeteria,Library,Dorms"
U0870_7,"Dorms,Cafeteria,Math_Building,Cafeteria"
U0870_8,"Dorms,Cafeteria,Library,Gym,Dorms,Library"
U0870_9,"Dorms,Cafeteria,CS_Building,Cafeteria"
U0871_1,"Dorms,Cafeteria,Library,Cafeteria,CS_Building,Student_Center,Library"
U0871_10,"Dorms,Cafeteria,Student_Center"
U0871_11,"Dorms,Cafeteria,CS_Building"
U0871_12,"Dorms,Cafeteria,Library,Cafeteria,CS_Building,Student_Center"
U0871_13,"Dorms,Cafeteria,Student_Center,Library,Gym,Dorms,CS_Building,Cafeteria"
U0871_2,"Dorms,CS_Building,Student_Center,Library,Cafeteria,Library"
U0871_3,"Dorms,Cafeteria,CS_Building,Library,Cafeteria"
U0871_4,"Dorms,Library,Student_Center,Dorms,CS_Building,Library,Gym,Dorms,Cafeteria,Math_Building"
U0871_5,"Dorms,Cafeteria,CS_Building,Dorms,Math_Building"
U0871_6,"Dorms,Cafeteria,Math_Building,Cafeteria"
U0871_7,"Cafeteria,Student_Center,Dorms,Cafeteria,Math_Building,Dorms,Cafeteria"
U0871_8,"Dorms,Cafeteria,Library,Dorms,Cafeteria"
U0871_9,"Dorms,CS_Building,Library"
U0872_1,"Dorms,CS_Building,Cafeteria"
U0872_10,"Dorms,Cafeteria,CS_Building,Cafeteria,Math_Building,Library,Dorms,CS_Building"
U0872_11,"Dorms,Cafeteria,Math_Building,Student_Center,Library,Dorms"
U0872_12,"Student_Center,Dorms,Cafeteria,CS_Building,Dorms,CS_Building,Student_Center,Library"
U0872_13,"CS_Building,Library,Cafeteria,Math_Building,Cafeteria,Library,Dorms,Math_Building,Dorms,Library,Dorms,Cafeteria,CS_Building,Dorms"
U0872_2,"Library,Dorms,Math_Building,Library"
U0872_3,"Student_Center,Library,Dorms,CS_Building,Student_Center"
U0872_4,"Dorms,Cafeteria,Library,Dorms,CS_Building"
U0872_5,"Dorms,Cafeteria,Library,Cafeteria,CS_Building,Library,Dorms,CS_Building"
U0872_6,"Gym,Cafeteria,Library,Dorms,Cafeteria,CS_Building"
U0872_7,"Dorms,Library,Gym,Dorms,Library"
U0872_8,"Student_Center,Gym,Dorms,Cafeteria,Math_Building,Library,Dorms,Cafeteria"
U0872_9,"Dorms,Cafeteria,Math_Building,Dorms,Math_Building,Cafeteria,Math_Building,Student_Center"
U0873_1,"Dorms,Cafeteria,CS_Building,Cafeteria,Library,Dorms"
U0873_10,"Cafeteria,Math_Building,Cafeteria"
U0873_11,"Dorms,CS_Building,Student_Center,Dorms,Cafeteria,Library,Library,Gym,Cafeteria,CS_Building,Library,Dorms,Cafeteria,Library"
U0873_12,"Gym,Dorms,Cafeteria,Student_Center,Library,Gym"
U0873_13,"Dorms,Cafeteria,Library,Dorms,Cafeteria"
U0873_2,"Dorms,Math_Building,Student_Center,Dorms,Math_Building,Cafeteria,CS_Building,Library"
U0873_3,"Dorms,Math_Building,Student_Center,Dorms,Cafeteria"
U0873_4,"Dorms,Cafeteria,Math_Building,Student_Center,Gym,Dorms"
U0873_5,"Dorms,Cafeteria,Math_Building,Cafeteria,Library,Gym,Dorms"
U0873_6,"Dorms,CS_Building,Cafeteria,Dorms,Cafeteria,Student_Center"
U0873_7,"Dorms,Cafeteria,CS_Building,Library,Gym,Dorms,Cafeteria,CS_Building"
U0873_8,"Math_Building,Dorms,Math_Building,Student_Center,Library,Gym,Dorms,CS_Building"
U0873_9,"Dorms,CS_Building,Library,Dorms,CS_Building,Cafeteria,CS_Building,Library"
U0874_1,"Dorms,Cafeteria,CS_Building,Student_Center,Dorms,Math_Building,Cafeteria"
U0874_10,"Dorms,Cafeteria,Math_Building,Cafeteria"
U0874_11,"Dorms,CS_Building,Student_Center,Dorms"
U0874_12,"Dorms,Cafeteria,CS_Building,Library,Dorms"
U0874_2,"Dorms,Cafeteria,Math_Building,Cafeteria,Math_Building,Student_Center,Library,Dorms"
U0874_3,"Math_Building,Student_Center,Gym,Cafeteria"
U0874_4,"Dorms,Math_Building,Student_Center,Gym,Dorms"
U0874_5,"Dorms,CS_Building,Library,Dorms,Cafeteria,Student_Center"
U0874_6,"Math_Building,Library,Dorms"
U0874_7,"Dorms,Math_Building,Student_Center,Dorms,Library,Student_Center"
U0874_8,"Dorms,Cafeteria,Math_Building"
U0874_9,"Dorms,CS_Building,Library,Cafeteria,Math_Building,Library,Dorms"
U0875_1,"Dorms,Cafeteria,Student_Center,Dorms,Cafeteria,CS_Building"
U0875_10,"Dorms,Cafeteria,CS_Building,Cafeteria"
U0875_11,"Dorms,Cafeteria,Math_Building,Dorms,Cafeteria,CS_Building"
U0875_12,"Dorms,Cafeteria,Library,Dorms"
U0875_13,"Dorms,CS_Building,Library,Dorms"
U0875_14,"Dorms,CS_Building,Dorms,Cafeteria,CS_Building,Student_Center"
U0875_15,"Dorms,Cafeteria,Student_Center,Gym,Cafeteria"
U0875_2,"Dorms,Library,Dorms,Math_Building,Student_Center"
U0875_3,"Dorms,Library,Cafeteria"
U0875_4,"Dorms,Cafeteria,CS_Building,Student_Center"
U0875_5,"Student_Center,Gym,Dorms,Cafeteria,Library,Dorms,Math_Building,Student_Center"
U0875_6,"Dorms,Math_Building,Cafeteria,CS_Building,Library"
U0875_7,"Library,Gym,Dorms,CS_Building,Cafeteria,Student_Center,Gym"
U0875_8,"Dorms,Cafeteria,Library,Cafeteria,Library"
U0875_9,"Library,Cafeteria,CS_Building,Library,Dorms"
U0876_1,"Student_Center,Dorms,CS_Building,Library,Cafeteria"
U0876_10,"Dorms,Cafeteria,CS_Building,Student_Center,Library,Dorms,Cafeteria"
U0876_11,"Dorms,Library,Cafeteria,Student_Center,Library"
U0876_12,"Dorms,CS_Building,Cafeteria,CS_Building,Dorms,Cafeteria,CS_Building,Dorms,Cafeteria,Student_Center"
U0876_13,"Dorms,Math_Building,Student_Center"
U0876_14,"Dorms,Cafeteria,Math_Building"
U0876_15,"Student_Center,Dorms,Math_Building,Student_Center,Gym"
U0876_2,"Dorms,Math_Building,Student_Center,Dorms"
U0876_3,"Dorms,CS_Building,Library"
U0876_4,"Dorms,CS_Building,Library"
U0876_5,"Math_Building,Student_Center,Gym,Dorms,Cafeteria,CS_Building,Dorms"
U0876_6,"Dorms,Cafeteria,Student_Center,Library,Gym,Dorms"
U0876_7,"Dorms,CS_Building,Library,Gym"
U0876_8,"Dorms,Math_Building,Library,Dorms,Cafeteria,Student_Center"
U0876_9,"Dorms,Cafeteria,Math_Building,Library,Cafeteria,CS_Building,Cafeteria"
U0877_1,"Dorms,Cafeteria,Library,Gym,Dorms,Cafeteria"
U0877_10,"Dorms,Library,Dorms,CS_Building,Library,Cafeteria,Math_Building,Student_Center"
U0877_11,"Dorms,Cafeteria,Math_Building,Student_Center,Library,Cafeteria,Math_Building,Library"
U0877_12,"Dorms,CS_Building,Student_Center,Library,Dorms,CS_Building"
U0877_13,"Dorms,Cafeteria,CS_Building,Dorms,Cafeteria,Library,Gym,Dorms"
U0877_14,"Library,Dorms,Cafeteria,CS_Building,Library"
U0877_15,"Dorms,CS_Building,Cafeteria,Library,Dorms,Cafeteria"
U0877_2,"Dorms,Cafeteria,Math_Building"
U0877_3,"Dorms,CS_Building,Dorms,Cafeteria,Library,Dorms,Cafeteria,CS_Building,Dorms,Cafeteria,Student_Center,Dorms,CS_Building,Student_Center"
U0877_4,"Dorms,Math_Building,Library,Gym,Dorms"
U0877_5,"Dorms,Library,Dorms,CS_Building,Library,Cafeteria"
U0877_6,"Dorms,CS_Building,Library,Dorms,Math_Building"
U0877_7,"Dorms,Cafeteria,Library,Cafeteria,Library"
U0877_8,"Dorms,Math_Building,Student_Center,Dorms,CS_Building,Library,Cafeteria,Math_Building"
U0877_9,"Dorms,Math_Building,Dorms,Math_Building,Student_Center,Dorms,Math_Building"
U0878_1,"CS_Building,Library,Cafeteria,CS_Building,Student_Center"
U0878_10,"Dorms,Cafeteria,CS_Building,Library,Cafeteria,Library,Gym,Cafeteria,Dorms,Cafeteria,CS_Building,Library,Cafeteria,Student_Center,Gym"
U0878_2,"Dorms,CS_Building,Student_Center,Library,Dorms,Math_Building,Student_Center,Dorms"
U0878_3,"Student_Center,Library,Gym,Dorms,Cafeteria,CS_Building,Student_Center,Dorms"
U0878_4,"Gym,Cafeteria,CS_Building,Library,Gym,Dorms,Library"
U0878_5,"Dorms,Cafeteria,Math_Building"
U0878_6,"Cafeteria,CS_Building,Student_Center,Library,Student_Center,Library,Gym"
U0878_7,"Dorms,Math_Building,Library,Dorms,Math_Building,Student_Center,Dorms,Cafeteria,Library,Gym,Dorms"
U0878_8,"Dorms,Math_Building,Library,Gym,Cafeteria,Math_Building,Student_Center,Gym"
U0878_9,"Dorms,Library,Dorms,Cafeteria,CS_Building,Cafeteria"
U0879_1,"Dorms,Cafeteria,CS_Building,Cafeteria,Library"
U0879_10,"Dorms,CS_Building,Dorms,Math_Building,Student_Center,Gym,Dorms,Library"
U0879_11,"Dorms,Math_Building,Library,Cafeteria,Library"
U0879_2,"Math_Building,Dorms,Cafeteria,CS_Building"
U0879_3,"Dorms,Cafeteria,Math_Building"
U0879_4,"Dorms,Cafeteria,Math_Building"
U0879_5,"Dorms,Cafeteria,Math_Building,Student_Center,Gym"
U0879_6,"Dorms,Cafeteria,Math_Building,Library"
U0879_7,"Dorms,Cafeteria,CS_Building"
U0879_8,"Dorms,CS_Building,Library"
U0879_9,"Dorms,Cafeteria,CS_Building,Student_Center,Library,Cafeteria,Math_Building,Dorms"
U0880_1,"Dorms,Cafeteria,CS_Building"
U0880_10,"Cafeteria,Math_Building,Student_Center,Dorms"
U0880_11,"Dorms,Cafeteria,Math_Building,Student_Center"
U0880_2,"Dorms,Math_Building,Student_Center,Library,Gym,Dorms,Library,Student_Center,Dorms,CS_Building,Student_Center,Library,Dorms,Cafeteria,Library"
U0880_3,"Dorms,Cafeteria,CS_Building,Student_Center"
U0880_4,"Dorms,Cafeteria,Math_Building,Library"
U0880_5,"CS_Building,Dorms,Library,Dorms"
U0880_6,"Gym,Dorms,CS_Building"
U0880_7,"CS_Building,Library,Student_Center,Gym,Dorms,Cafeteria,CS_Building"
U0880_8,"Cafeteria,Math_Building,Student_Center,Dorms,Cafeteria"
U0880_9,"Dorms,CS_Building,Student_Center,Library,Gym"
U0881_1,"Cafeteria,CS_Building,Library,Gym,Dorms"
U0881_10,"Dorms,CS_Building,Student_Center,Library,Student_Center,Dorms"
U0881_11,"Dorms,Cafeteria,Library,Gym,Dorms,Cafeteria,Dorms,Cafeteria,Student_Center,Gym,Dorms,Cafeteria"
U0881_12,"Dorms,Cafeteria,CS_Building,Library,Dorms,Library,Dorms,Cafeteria"
U0881_2,"Dorms,Cafeteria,CS_Building,Library"
U0881_3,"Dorms,Cafeteria,Student_Center,Gym,Dorms,Library,Cafeteria"
U0881_4,"Dorms,Math_Building,Student_Center,Dorms,CS_Building,Dorms,Cafeteria,CS_Building"
U0881_5,"Dorms,CS_Building,Library"
U0881_6,"Dorms,Library,Cafeteria,Dorms,Cafeteria,CS_Building,Library,Dorms,Library,Cafeteria"
U0881_7,"Dorms,Cafeteria,CS_Building"
U0881_8,"Dorms,Math_Building,Cafeteria"
U0881_9,"Dorms,Cafeteria,CS_Building,Library"
U0882_1,"Dorms,Cafeteria,Library"
U0882_10,"Math_Building,Dorms,Cafeteria,Library"
U0882_11,"Dorms,Math_Building,Library,Gym,Dorms,CS_Building,Cafeteria"
U0882_12,"Math_Building,Library,Dorms,Cafeteria,CS_Building,Dorms"
U0882_13,"Dorms,Cafeteria,CS_Building,Student_Center"
U0882_14,"Dorms,Cafeteria,Math_Building"
U0882_2,"Dorms,Cafeteria,Math_Building,Library,Cafeteria,Math_Building,Cafeteria"
U0882_3,"Dorms,Library,Dorms,Library,Dorms,CS_Building,Dorms"
U0882_4,"Dorms,Cafeteria,Math_Building,Library,Dorms,Math_Building,Cafeteria"
U0882_5,"Dorms,Cafeteria,Math_Building,Library,Cafeteria,CS_Building,Student_Center"
U0882_6,"Dorms,Cafeteria,Library,Gym,Dorms,Cafeteria,Math_Building,Cafeteria"
U0882_7,"Dorms,CS_Building,Cafeteria"
U0882_8,"Dorms,Cafeteria,CS_Building"
U0882_9,"Dorms,Library,Cafeteria,Library"
U0883_1,"Dorms,Math_Building,Cafeteria,Library,Gym,Cafeteria,Student_Center,Library"
U0883_10,"Dorms,Math_Building,Dorms,Cafeteria,CS_Building"
U0883_11,"Dorms,Math_Building,Library,Cafeteria,Student_Center"
U0883_12,"CS_Building,Library,Student_Center,Dorms"
U0883_2,"Dorms,Cafeteria,CS_Building,Student_Center,Library,Cafeteria,CS_Building,Cafeteria"
U0883_3,"Dorms,CS_Building,Student_Center,Gym"
U0883_4,"Dorms,Cafeteria,CS_Building,Library,Cafeteria,Library,Dorms,CS_Building"
U0883_5,"Dorms,Cafeteria,Student_Center,Gym,Dorms,Cafeteria,CS_Building,Cafeteria,CS_Building,Student_Center,Dorms"
U0883_6,"Dorms,Cafeteria,Student_Center,Dorms,Math_Building,Dorms"
U0883_7,"Dorms,Cafeteria,Library,Dorms,Cafeteria"
U0883_8,"Dorms,Cafeteria,CS_Building,Library,Gym,Dorms,Math_Building,Student_Center"
U0883_9,"Dorms,Math_Building,Dorms,Cafeteria,Math_Building,Cafeteria,Math_Building,Student_Center"
U0884_1,"Dorms,Cafeteria,CS_Building,Library"
U0884_10,"Dorms,Cafeteria,Library,Dorms,Library,Gym,Dorms,Library"
U0884_11,"Dorms,Cafeteria,Math_Building,Library,Gym,Dorms,Cafeteria,Library"
U0884_12,"Math_Building,Student_Center,Library,Dorms,Cafeteria,Math_Building,Cafeteria,CS_Building,Library,Dorms,Cafeteria,Student_Center,Dorms"
U0884_2,"Dorms,Math_Building,Library,Gym,Dorms"
U0884_3,"Dorms,Cafeteria,Library"
U0884_4,"Gym,Cafeteria,Math_Building"
U0884_5,"Cafeteria,Math_Building,Cafeteria,CS_Building,Student_Center,Gym,Dorms,Dorms,Cafeteria,Library,Cafeteria"
U0884_6,"Dorms,Cafeteria,CS_Building,Library,Gym,Dorms"
U0884_7,"Dorms,Math_Building,Dorms,CS_Building,Dorms"
U0884_8,"Cafeteria,Library,Student_Center,Dorms,Cafeteria,Library,Dorms"
U0884_9,"Dorms,Math_Building,Library,Dorms"
U0885_1,"Dorms,Math_Building,Student_Center,Gym,Cafeteria,Library,Cafeteria"
U0885_10,"Dorms,Cafeteria,Math_Building,Library,Cafeteria,CS_Building"
U0885_11,"Dorms,Cafeteria,CS_Building,Cafeteria,Math_Building,Cafeteria,CS_Building,Cafeteria,Library,Dorms,CS_Building,Dorms"
U0885_2,"Dorms,CS_Building,Library,Dorms"
U0885_3,"Student_Center,Library,Dorms,Cafeteria"
U0885_4,"Dorms,CS_Building,Student_Center,Dorms,Cafeteria,CS_Building,Student_Center,Library"
U0885_5,"Dorms,CS_Building,Student_Center,Library,Gym,Dorms,Cafeteria"
U0885_6,"Dorms,Library,Dorms,Cafeteria,Student_Center,Library,Dorms,CS_Building"
U0885_7,"Dorms,Math_Building,Cafeteria,Student_Center,Dorms,CS_Building,Student_Center,Gym,Dorms,Math_Building,Cafeteria,Math_Building"
U0885_8,"Dorms,CS_Building,Cafeteria"
U0885_9,"Student_Center,Dorms,Cafeteria,CS_Building,Student_Center,Dorms"
U0886_1,"Dorms,CS_Building,Library,Student_Center,Dorms"
U0886_10,"Dorms,Cafeteria,CS_Building,Library,Dorms"
U0886_11,"Cafeteria,Library,Student_Center,Library,Dorms,CS_Building,Student_Center"
U0886_12,"Dorms,Library,Cafeteria,Library,Cafeteria,Math_Building,Dorms,Cafeteria"
U0886_13,"Dorms,Cafeteria,Library,Gym,Dorms,Library,Cafeteria"
U0886_14,"Student_Center,Gym,Dorms,CS_Building,Library,Cafeteria,CS_Building,Dorms"
U0886_2,"Student_Center,Dorms,Cafeteria"
U0886_3,"Student_Center,Dorms,Cafeteria,CS_Building,Library,Dorms,CS_Building,Cafeteria"
U0886_4,"Dorms,Cafeteria,Math_Building,Cafeteria,CS_Building,Student_Center"
U0886_5,"Dorms,Cafeteria,Math_Building,Library,Cafeteria,CS_Building,Library,Cafeteria"
U0886_6,"Dorms,Cafeteria,Library"
U0886_7,"Dorms,CS_Building,Library,Gym,Dorms,Cafeteria"
U0886_8,"Library,Dorms,CS_Building,Cafeteria,CS_Building,Library,Student_Center,Dorms,Cafeteria,Math_Building"
U0886_9,"Dorms,Math_Building,Student_Center,Gym,Dorms,Library,Cafeteria"
U0887_1,"Dorms,Cafeteria,Student_Center,Dorms,Math_Building,Student_Center"
U0887_10,"Student_Center,Dorms,Cafeteria,Library,Cafeteria,CS_Building,Library,Dorms"
U0887_11,"Gym,Cafeteria,CS_Building,Cafeteria,Math_Building,Dorms,Math_Building"
U0887_2,"Dorms,Cafeteria,Math_Building,Dorms,Cafeteria,CS_Building,Dorms,Cafeteria"
U0887_3,"CS_Building,Library,Cafeteria,Math_Building,Dorms,Cafeteria,Library,Gym,Dorms,Cafeteria"
U0887_4,"Student_Center,Gym,Cafeteria,Dorms,CS_Building,Library,Student_Center,Gym,Dorms,Math_Building,Student_Center,Student_Center,Dorms,Cafeteria,Math_Building,Student_Center,Gym,Dorms"
U0887_5,"Dorms,Cafeteria,Student_Center,Dorms,CS_Building,Library,Cafeteria"
U0887_6,"Dorms,CS_Building,Library,Student_Center,Gym,Dorms,CS_Building,Library"
U0887_7,"Dorms,CS_Building,Library"
U0887_8,"Dorms,Cafeteria,Math_Building,Cafeteria,Math_Building"
U0887_9,"Dorms,Cafeteria,Library,Cafeteria,Library,Dorms"
U0888_1,"Gym,Dorms,Cafeteria,Library,Gym,Dorms,Cafeteria,Math_Building"
U0888_10,"Dorms,Cafeteria,CS_Building"
U0888_11,"Dorms,Cafeteria,CS_Building,Library,Dorms,Math_Building"
U0888_12,"CS_Building,Dorms,CS_Building,Dorms,Cafeteria,Math_Building,Student_Center,Dorms,Library,Gym,Library,Cafeteria,CS_Building,Library"
U0888_2,"Dorms,Cafeteria,CS_Building"
U0888_3,"Dorms,Cafeteria,CS_Building,Library"
U0888_4,"Gym,Dorms,CS_Building,Student_Center,Library,Gym,Dorms"
U0888_5,"Dorms,Cafeteria,Library,Dorms,Cafeteria,CS_Building"
U0888_6,"Dorms,Cafeteria,CS_Building,Student_Center,Gym,Dorms,Math_Building"
U0888_7,"Math_Building,Cafeteria,Math_Building"
U0888_8,"Dorms,Cafeteria,Library,Dorms,Math_Building"
U0888_9,"CS_Building,Student_Center,Dorms,Math_Building"
U0889_1,"Gym,Dorms,Library,Dorms,Cafeteria,Student_Center,Dorms,CS_Building,Cafeteria,Student_Center,Gym,Cafeteria,CS_Building,Gym,Dorms,CS_Building,Student_Center,Gym,Dorms,CS_Building,Student_Center"
U0889_10,"Dorms,Cafeteria,CS_Building,Student_Center,Library,Cafeteria,CS_Building,Library"
U0889_11,"Dorms,Cafeteria,Library,Dorms,CS_Building"
U0889_12,"Student_Center,Dorms,Math_Building,Cafeteria,Student_Center,Dorms,Cafeteria,Student_Center"
U0889_2,"Dorms,Cafeteria,Library,Student_Center,Library,Dorms,Math_Building,Dorms,Dorms,CS_Building,Student_Center,Library,Cafeteria,Student_Center,Dorms"
U0889_3,"Dorms,Cafeteria,Library,Dorms,Cafeteria,CS_Building,Library"
U0889_4,"Dorms,Library,Dorms,CS_Building,Dorms,CS_Building,Student_Center,Library,Dorms,Math_Building,Dorms,Library,Dorms,Cafeteria"
U0889_5,"Dorms,Math_Building,Dorms,Cafeteria,Library,Dorms"
U0889_6,"Student_Center,Dorms,Math_Building,Student_Center"
U0889_7,"Dorms,CS_Building,Library"
U0889_8,"Student_Center,Dorms,Math_Building"
U0889_9,"Math_Building,Library,Gym,Cafeteria,CS_Building,Student_Center,Dorms,Math_Building,Dorms,Cafeteria,CS_Building,Cafeteria,Math_Building,Student_Center,Dorms,CS_Building"
U0890_1,"Dorms,Library,Gym,Dorms"
U0890_10,"Dorms,Library,Cafeteria,CS_Building,Student_Center,Dorms,Cafeteria"
U0890_11,"Gym,Cafeteria,CS_Building"
U0890_12,"Dorms,Math_Building,Library,Dorms,Cafeteria,Library,Gym,Dorms"
U0890_13,"Gym,Dorms,Math_Building,Cafeteria,Math_Building,Cafeteria"
U0890_14,"Dorms,Cafeteria,CS_Building,Library,Student_Center,Gym"
U0890_2,"Dorms,Cafeteria,CS_Building,Student_Center,Gym,Dorms,Cafeteria,CS_Building"
U0890_3,"Dorms,Cafeteria,Library,Dorms,Math_Building,Cafeteria"
U0890_4,"Dorms,Cafeteria,CS_Building,Library,Cafeteria,Student_Center,Dorms,Cafeteria,CS_Building,Student_Center"
U0890_5,"Dorms,CS_Building,Student_Center,Gym,Dorms,Cafeteria,Student_Center,Gym"
U0890_6,"Gym,Dorms,Cafeteria,Student_Center,Library,Cafeteria"
U0890_7,"Dorms,Cafeteria,CS_Building,Library"
U0890_8,"Dorms,CS_Building,Cafeteria,Math_Building,Cafeteria,Library"
U0890_9,"Dorms,Cafeteria,CS_Building,Library"
U0891_1,"Dorms,Cafeteria,Math_Building,Student_Center,Gym,Dorms"
U0891_10,"Dorms,Cafeteria,CS_Building"
U0891_11,"Dorms,CS_Building,Student_Center,Gym"
U0891_12,"Dorms,Cafeteria,Math_Building,Library,Cafeteria,Student_Center,Gym,Cafeteria,Gym,Dorms,Math_Building,Cafeteria,CS_Building"
U0891_13,"Student_Center,Dorms,Cafeteria"
U0891_2,"Dorms,CS_Building,Library,Cafeteria,CS_Building,Cafeteria,CS_Building"
U0891_3,"Dorms,Cafeteria,Math_Building,Library,Student_Center"
U0891_4,"Dorms,CS_Building,Dorms,Cafeteria"
U0891_5,"Dorms,CS_Building,Library,Dorms"
U0891_6,"Math_Building,Library,Gym,Dorms,Cafeteria,Dorms,CS_Building,Cafeteria,Library,Dorms,Math_Building,Student_Center,Dorms"
U0891_7,"Dorms,Library,Cafeteria"
U0891_8,"Dorms,Cafeteria,Math_Building,Cafeteria,Math_Building"
U0891_9,"Dorms,Cafeteria,Student_Center,Library,Cafeteria,CS_Building,Library,Dorms,Dorms,Library,Gym,Dorms,CS_Building,Student_Center,Library"
U0892_1,"Dorms,CS_Building,Library,Cafeteria,Dorms,Math_Building,Library,Student_Center,Gym"
U0892_10,"Dorms,Library,Student_Center,Dorms,Math_Building,Student_Center,Library"
U0892_11,"Dorms,Cafeteria,Library,Dorms,Math_Building,Student_Center"
U0892_2,"CS_Building,Library,Student_Center"
U0892_3,"Math_Building,Student_Center,Gym,Dorms"
U0892_4,"Dorms,Math_Building,Student_Center,Dorms,Cafeteria"
U0892_5,"CS_Building,Student_Center,Gym,Dorms,Cafeteria,Student_Center,Library,Dorms,CS_Building"
U0892_6,"Dorms,CS_Building,Student_Center,Gym,Cafeteria,CS_Building"
U0892_7,"Dorms,Library,Student_Center,Dorms,Cafeteria"
U0892_8,"Dorms,Math_Building,Dorms,Cafeteria,Dorms,Math_Building,Cafeteria,CS_Building,Cafeteria,Dorms,CS_Building,Library,Cafeteria"
U0892_9,"Library,Dorms,Library,Cafeteria,Student_Center"
U0893_1,"Dorms,CS_Building,Cafeteria,Library,Dorms,Cafeteria,CS_Building"
U0893_10,"Cafeteria,CS_Building,Dorms"
U0893_11,"Dorms,Math_Building,Library,Gym,Dorms,Math_Building,Student_Center,Gym,Library,Student_Center,Dorms,CS_Building,Library,Student_Center,Gym"
U0893_2,"Dorms,Library,Cafeteria,Math_Building,Cafeteria,Math_Building"
U0893_3,"Dorms,Cafeteria,Student_Center,Dorms"
U0893_4,"Library,Cafeteria,Student_Center,Dorms,Cafeteria,Library,Dorms"
U0893_5,"Dorms,CS_Building,Library,Dorms,Cafeteria,CS_Building,Library,Student_Center"
U0893_6,"Gym,Dorms,Library,Dorms,CS_Building"
U0893_7,"Dorms,Math_Building,Dorms,Math_Building,Cafeteria,Math_Building"
U0893_8,"Cafeteria,CS_Building,Library,Cafeteria,CS_Building,Student_Center,Library,Dorms"
U0893_9,"Dorms,CS_Building,Library"
U0894_1,"Dorms,Library,Gym,Dorms,CS_Building"
U0894_10,"Dorms,Cafeteria,Math_Building"
U0894_11,"Dorms,Math_Building,Library,Cafeteria,Library,Cafeteria,Math_Building,Student_Center"
U0894_12,"Student_Center,Library,Student_Center,Dorms,CS_Building,Library,Student_Center"
U0894_13,"Dorms,Cafeteria,CS_Building,Library,Dorms,CS_Building,Student_Center,Gym,Dorms,Math_Building,Library,Dorms,Library,Student_Center"
U0894_14,"Dorms,Library,Dorms,Library,Gym"
U0894_2,"Dorms,Library,Cafeteria,Library"
U0894_3,"Student_Center,Gym,Dorms,Cafeteria,Student_Center,Dorms,Cafeteria,Library,Dorms"
U0894_4,"Library,Dorms,Library"
U0894_5,"CS_Building,Library,Gym,Dorms,Cafeteria,Library"
U0894_6,"Cafeteria,CS_Building,Library,Student_Center,Gym,Dorms,Cafeteria"
U0894_7,"Dorms,Cafeteria,Student_Center"
U0894_8,"Dorms,Library,Cafeteria,Math_Building,Library,Dorms"
U0894_9,"CS_Building,Library,Dorms,Cafeteria,Math_Building"
U0895_1,"Dorms,Cafeteria,CS_Building,Library,Dorms,Cafeteria,CS_Building"
U0895_10,"Dorms,Cafeteria,Library,Gym,Dorms"
U0895_11,"Dorms,Cafeteria,CS_Building,Library,Student_Center,Dorms,Library"
U0895_12,"Gym,Dorms,Math_Building,Library,Gym,Dorms,Library,Gym,Cafeteria,Student_Center"
U0895_2,"Dorms,Cafeteria,Student_Center,Gym,Cafeteria,Library,Gym,Dorms"
U0895_3,"Dorms,Cafeteria,Library,Dorms,Cafeteria,CS_Building,Library,Cafeteria"
U0895_4,"Dorms,CS_Building,Library,Cafeteria,CS_Building,Student_Center,Dorms,Math_Building"
U0895_5,"Library,Cafeteria,Library,Dorms,Library"
U0895_6,"Dorms,CS_Building,Student_Center"
U0895_7,"Math_Building,Dorms,CS_Building,Student_Center,Library,Cafeteria,Library"
U0895_8,"Dorms,Cafeteria,Math_Building,Library,Cafeteria,Dorms,Library,Dorms,CS_Building"
U0895_9,"Dorms,Math_Building,Library,Cafeteria"
U0896_1,"Library,Student_Center,Dorms,CS_Building,Cafeteria,CS_Building,Library,Dorms,Cafeteria,CS_Building"
U0896_10,"Dorms,Cafeteria,Library,Dorms"
U0896_11,"Dorms,Cafeteria,CS_Building,Student_Center"
U0896_2,"Gym,Cafeteria,Library,Dorms,CS_Building,Cafeteria"
U0896_3,"Dorms,CS_Building,Library,Student_Center,Library,Gym,Dorms"
U0896_4,"Dorms,Cafeteria,CS_Building,Cafeteria,Library,Cafeteria,CS_Building"
U0896_5,"Dorms,CS_Building,Student_Center,Library,Cafeteria"
U0896_6,"Dorms,Math_Building,Dorms,Library,Gym,Dorms,Cafeteria,Math_Building"
U0896_7,"Dorms,Cafeteria,Student_Center,Dorms,Math_Building,Library,Dorms"
U0896_8,"Dorms,Cafeteria,Student_Center,Library"
U0896_9,"CS_Building,Cafeteria,Library"
U0897_1,"Dorms,Cafeteria,Math_Building,Library"
U0897_10,"Dorms,Math_Building,Library,Cafeteria,Math_Building,Library,Gym,Dorms,Math_Building,Library,Gym,Dorms,CS_Building,Student_Center"
U0897_11,"Dorms,Cafeteria,CS_Building,Library,Gym"
U0897_2,"Dorms,CS_Building,Library,Dorms,Cafeteria"
U0897_3,"Dorms,Math_Building,Library,Cafeteria,CS_Building,Cafeteria,Math_Building"
U0897_4,"Dorms,Cafeteria,Math_Building,Dorms,Math_Building,Cafeteria,CS_Building,Dorms,CS_Building,Library,Dorms"
U0897_5,"Dorms,Cafeteria,CS_Building,Cafeteria,CS_Building,Dorms,Cafeteria,CS_Building,Cafeteria,Math_Building,Student_Center,Dorms,Cafeteria,Math_Building"
U0897_6,"Dorms,Cafeteria,Math_Building,Library"
U0897_7,"Cafeteria,Student_Center,Gym,Dorms,Library,Dorms,Math_Building"
U0897_8,"Dorms,Math_Building,Cafeteria,CS_Building,Library"
U0897_9,"Dorms,Cafeteria,CS_Building,Library,Dorms,CS_Building"
U0898_1,"Dorms,CS_Building,Cafeteria,Library,Dorms,CS_Building,Dorms"
U0898_10,"CS_Building,Cafeteria,Library,Dorms"
U0898_11,"Dorms,CS_Building,Library,Gym,Cafeteria,Math_Building,Dorms,Cafeteria,Library"
U0898_12,"Dorms,Math_Building,Library,Cafeteria,Library,Cafeteria,Library"
U0898_2,"Dorms,CS_Building,Student_Center"
U0898_3,"Gym,Dorms,Math_Building,Student_Center,Dorms"
U0898_4,"Student_Center,Library,Dorms,Math_Building,Library,Cafeteria,CS_Building"
U0898_5,"Dorms,Library,Dorms,Cafeteria,Library,Gym,Dorms,Math_Building"
U0898_6,"Dorms,Cafeteria,Math_Building,Library,Gym,Cafeteria,Math_Building,Student_Center,Dorms,CS_Building,Library,Dorms,Cafeteria,Math_Building"
U0898_7,"Dorms,Cafeteria,Math_Building"
U0898_8,"Dorms,Cafeteria,CS_Building,Library"
U0898_9,"Student_Center,Gym,Dorms,Math_Building,Dorms,Math_Building,Dorms"
U0899_1,"Dorms,Cafeteria,Student_Center,Library,Cafeteria"
U0899_10,"Gym,Dorms,Cafeteria,CS_Building,Cafeteria"
U0899_11,"Dorms,Library,Student_Center,Dorms"
U0899_12,"Dorms,Library,Gym"
U0899_13,"Dorms,Cafeteria,CS_Building"
U0899_14,"Dorms,Math_Building,Dorms,Math_Building"
U0899_2,"Dorms,Math_Building,Cafeteria,Math_Building"
U0899_3,"Dorms,Math_Building,Student_Center,Dorms"
U0899_4,"Dorms,CS_Building,Library,Dorms,Cafeteria,Library,Dorms,CS_Building"
U0899_5,"Dorms,Cafeteria,Math_Building,Dorms,Math_Building,Cafeteria,Student_Center"
U0899_6,"Dorms,Cafeteria,Math_Building,Dorms,Cafeteria"
U0899_7,"Dorms,Library,Gym,Dorms,CS_Building"
U0899_8,"Dorms,Cafeteria,CS_Building,Library"
U0899_9,"Dorms,Cafeteria,Library,Dorms,Cafeteria,CS_Building,Dorms"
U0900_1,"Dorms,Cafeteria,Math_Building,Cafeteria,CS_Building,Cafeteria,CS_Building,Library,Dorms,CS_Building,Cafeteria"
U0900_10,"Dorms,Cafeteria,Math_Building,Student_Center,Gym,Dorms,Math_Building"
U0900_2,"Dorms,Cafeteria,Student_Center,Gym,Cafeteria,Library"
U0900_3,"Gym,Cafeteria,Student_Center"
U0900_4,"Dorms,Cafeteria,Student_Center,Dorms,Math_Building"
U0900_5,"Dorms,Math_Building,Cafeteria"
U0900_6,"Cafeteria,Library,Cafeteria,Math_Building,Student_Center,Library,Dorms,Cafeteria"
U0900_7,"Dorms,Cafeteria,Library,Dorms,CS_Building,Cafeteria,Library,Dorms"
U0900_8,"Library,Dorms,Math_Building,Library,Cafeteria,Math_Building"
U0900_9,"Dorms,Cafeteria,Math_Building,Library,Cafeteria,Library,Cafeteria,CS_Building,Dorms,Cafeteria,CS_Building,Dorms,Cafeteria,Student_Center"
U0901_1,"Library,Dorms,Cafeteria,CS_Building"
U0901_10,"CS_Building,Library,Cafeteria,Library,Dorms,CS_Building,Library"
U0901_2,"Dorms,Cafeteria,CS_Building"
U0901_3,"Dorms,Cafeteria,Student_Center,Library,Cafeteria"
U0901_4,"Dorms,CS_Building,Student_Center,Gym,Dorms"
U0901_5,"Dorms,Cafeteria,CS_Building,Cafeteria,Math_Building,Student_Center"
U0901_6,"Dorms,Cafeteria,CS_Building,Student_Center,Library,Dorms"
U0901_7,"Dorms,Cafeteria,Math_Building,Library,Dorms,Cafeteria,Library,Cafeteria,CS_Building,Dorms,Math_Building,Library,Dorms"
U0901_8,"Dorms,CS_Building,Student_Center"
U0901_9,"Student_Center,Library,Gym,Dorms,Math_Building,Student_Center,Gym"
U0902_1,"Cafeteria,Math_Building,Library,Dorms,Cafeteria,CS_Building,Library"
U0902_10,"Library,Cafeteria,CS_Building"
U0902_2,"Dorms,Cafeteria,CS_Building,Library,Gym"
U0902_3,"Dorms,Math_Building,Student_Center,Gym,Dorms,Dorms,Library,Cafeteria,CS_Building,Dorms,Cafeteria,Math_Building"
U0902_4,"Dorms,CS_Building,Student_Center,Dorms,CS_Building,Dorms"
U0902_5,"Dorms,CS_Building,Cafeteria,Math_Building"
U0902_6,"Dorms,Cafeteria,CS_Building,Student_Center,Dorms"
U0902_7,"Dorms,Math_Building,Library,Dorms,CS_Building,Library"
U0902_8,"Math_Building,Library,Gym,Dorms,Cafeteria,Dorms,Library,Dorms,Cafeteria"
U0902_9,"Dorms,Cafeteria,CS_Building,Student_Center,Gym,Dorms"
U0903_1,"Dorms,Cafeteria,CS_Building"
U0903_10,"Dorms,CS_Building,Student_Center,Dorms,Cafeteria"
U0903_2,"Dorms,Cafeteria,Math_Building"
U0903_3,"Dorms,CS_Building,Library,Gym,Dorms,Cafeteria,Library"
U0903_4,"Gym,Dorms,CS_Building,Library,Dorms,Cafeteria,Math_Building"
U0903_5,"Dorms,CS_Building,Library,Dorms,Cafeteria,CS_Building,Library"
U0903_6,"Dorms,Math_Building,Dorms,CS_Building,Library,Cafeteria,CS_Building"
U0903_7,"Dorms,Cafeteria,CS_Building,Cafeteria,CS_Building"
U0903_8,"Dorms,Cafeteria,Library,Gym,Dorms,Math_Building,Cafeteria,Library"
U0903_9,"Gym,Dorms,Cafeteria,Math_Building,Student_Center,Gym,Dorms"
U0904_1,"Dorms,CS_Building,Student_Center,Dorms,Math_Building,Dorms,Cafeteria,Library"
U0904_10,"Dorms,CS_Building,Cafeteria,CS_Building,Dorms,Cafeteria"
U0904_11,"Cafeteria,CS_Building,Student_Center,Library,Dorms,CS_Building,Cafeteria,Library,Cafeteria,CS_Building,Library,Student_Center,Dorms,Cafeteria,CS_Building"
U0904_12,"Gym,Dorms,Cafeteria"
U0904_13,"Library,Dorms,Cafeteria,CS_Building,Student_Center,Dorms,Cafeteria,Cafeteria,Student_Center,Dorms,Cafeteria,Math_Building"
U0904_2,"Dorms,Math_Building,Dorms,Cafeteria,Library,Dorms,Library,Dorms,CS_Building"
U0904_3,"Dorms,Cafeteria,CS_Building,Library,Dorms,Math_Building,Dorms,CS_Building"
U0904_4,"Student_Center,Dorms,Math_Building,Library,Cafeteria,Math_Building,Student_Center"
U0904_5,"Dorms,Math_Building,Student_Center,Dorms,Cafeteria,Library,Dorms"
U0904_6,"Dorms,Cafeteria,Math_Building,Student_Center"
U0904_7,"Dorms,CS_Building,Student_Center"
U0904_8,"Dorms,Cafeteria,Student_Center"
U0904_9,"Dorms,Cafeteria,CS_Building,Library"
U0905_1,"Library,Dorms,Math_Building"
U0905_10,"Cafeteria,Student_Center,Gym,Dorms,Cafeteria,Math_Building,Student_Center"
U0905_11,"Student_Center,Gym,Dorms,Cafeteria"
U0905_12,"Dorms,CS_Building,Student_Center,Dorms,Cafeteria,CS_Building,Dorms,Cafeteria"
U0905_13,"Dorms,Math_Building,Student_Center,Library,Dorms"
U0905_14,"Dorms,CS_Building,Student_Center,Library,Cafeteria"
U0905_15,"Dorms,Math_Building,Library,Dorms,CS_Building"
U0905_16,"Dorms,Library,Gym,Dorms,Math_Building,Student_Center"
U0905_2,"Dorms,CS_Building,Cafeteria,Student_Center"
U0905_3,"Dorms,Cafeteria,Math_Building,Cafeteria"
U0905_4,"Dorms,Library,Dorms,Cafeteria,Math_Building,Student_Center,Dorms"
U0905_5,"Math_Building,Library,Cafeteria,CS_Building"
U0905_6,"Dorms,Cafeteria,CS_Building,Cafeteria,Math_Building,Student_Center"
U0905_7,"Student_Center,Library,Gym"
U0905_8,"Dorms,Cafeteria,Math_Building,Student_Center,Library"
U0905_9,"Dorms,Library,Gym,Dorms,Math_Building"
U0906_1,"Dorms,Cafeteria,Student_Center,Library,Dorms,Cafeteria,Math_Building,Dorms"
U0906_10,"Dorms,Cafeteria,Math_Building"
U0906_11,"Dorms,Library,Gym,Dorms"
U0906_2,"Dorms,Math_Building,Student_Center,Dorms,Cafeteria"
U0906_3,"Dorms,Cafeteria,Math_Building,Library,Student_Center,Gym,Dorms,Dorms,CS_Building,Library,Gym,Dorms"
U0906_4,"Dorms,Cafeteria,Library,Dorms,Math_Building,Student_Center"
U0906_5,"Dorms,Cafeteria,Library,Dorms,Cafeteria,Math_Building"
U0906_6,"Dorms,Math_Building,Student_Center,Library,Dorms,Cafeteria"
U0906_7,"Math_Building,Student_Center,Dorms,Cafeteria"
U0906_8,"Dorms,Math_Building,Library,Gym,Dorms,Math_Building,Cafeteria,Math_Building"
U0906_9,"Dorms,Cafeteria,Math_Building,Student_Center,Library"
U0907_1,"Math_Building,Student_Center,Dorms,Cafeteria"
U0907_10,"Dorms,Math_Building,Student_Center,Gym,Cafeteria,CS_Building,Cafeteria"
U0907_11,"Dorms,Cafeteria,Library"
U0907_12,"Dorms,Library,Dorms,Cafeteria,Student_Center,Library"
U0907_13,"Dorms,CS_Building,Library,Dorms,Cafeteria,Library,Dorms,Dorms,Math_Building,Dorms,Math_Building,Student_Center"
U0907_14,"Dorms,CS_Building,Student_Center"
U0907_2,"CS_Building,Library,Student_Center,Library,Cafeteria"
U0907_3,"Dorms,Library,Cafeteria,Math_Building,Dorms,Math_Building"
U0907_4,"Dorms,Library,Cafeteria,CS_Building,Library"
U0907_5,"Student_Center,Dorms,Math_Building,Dorms"
U0907_6,"Cafeteria,Student_Center,Library,Cafeteria"
U0907_7,"Dorms,Cafeteria,CS_Building,Dorms,CS_Building"
U0907_8,"Dorms,Library,Gym,Dorms,Cafeteria,CS_Building,Library"
U0907_9,"CS_Building,Cafeteria,CS_Building,Dorms,Cafeteria,Library,Cafeteria,CS_Building"
U0908_1,"Dorms,CS_Building,Cafeteria"
U0908_10,"Dorms,Math_Building,Library,Gym,Dorms,Cafeteria,CS_Building"
U0908_11,"Dorms,Cafeteria,Library,Student_Center,Dorms,Math_Building"
U0908_12,"CS_Building,Library,Dorms,CS_Building,Library,Dorms,Cafeteria,CS_Building"
U0908_13,"Cafeteria,Math_Building,Library"
U0908_2,"Library,Gym,Dorms"
U0908_3,"Student_Center,Dorms,Cafeteria,CS_Building,Dorms,Math_Building,Library,Dorms"
U0908_4,"CS_Building,Library,Dorms,CS_Building,Cafeteria,CS_Building,Student_Center"
U0908_5,"Dorms,Library,Dorms,Cafeteria,CS_Building,Library,Student_Center,Library"
U0908_6,"Dorms,Math_Building,Library,Dorms"
U0908_7,"Gym,Cafeteria,Student_Center,Gym"
U0908_8,"Library,Gym,Dorms"
U0908_9,"Library,Cafeteria,CS_Building,Cafeteria,CS_Building,Student_Center,Dorms,Math_Building"
U0909_1,"Dorms,Cafeteria,Math_Building,Student_Center,Library,Gym,Dorms"
U0909_10,"Dorms,Cafeteria,Library,Dorms,Math_Building,Student_Center,Dorms"
U0909_11,"Dorms,Library,Dorms,Math_Building"
U0909_12,"Dorms,CS_Building,Dorms,CS_Building,Cafeteria,Library,Cafeteria"
U0909_13,"CS_Building,Library,Gym,Cafeteria,Library"
U0909_14,"Dorms,Cafeteria,Math_Building,Student_Center,Math_Building,Cafeteria,Library,Cafeteria,CS_Building,Library,Cafeteria"
U0909_2,"Dorms,Math_Building,Student_Center,Dorms"
U0909_3,"Dorms,Cafeteria,Student_Center,Library,Dorms,Cafeteria"
U0909_4,"Dorms,Library,Gym,Dorms,Math_Building,Library,Cafeteria"
U0909_5,"Dorms,CS_Building,Library,Dorms,Math_Building"
U0909_6,"Dorms,Cafeteria,Math_Building,Dorms,Math_Building"
U0909_7,"Dorms,CS_Building,Student_Center,Library,Dorms,CS_Building,Cafeteria,Math_Building,Dorms"
U0909_8,"Dorms,Cafeteria,CS_Building,Library,Gym,Cafeteria"
U0909_9,"CS_Building,Dorms,Math_Building,Dorms,Cafeteria,Math_Building,Library,Dorms,Cafeteria,Library,Dorms,Cafeteria,Library,Cafeteria"
U0910_1,"Dorms,Cafeteria,Math_Building,Library,Dorms,CS_Building,Cafeteria,Library,Dorms,Cafeteria,CS_Building,Library,Gym"
U0910_10,"Dorms,Cafeteria,Library,Gym,Dorms,CS_Building,Library"
U0910_11,"Dorms,Cafeteria,CS_Building,Cafeteria,Student_Center,Library"
U0910_12,"Dorms,Math_Building,Dorms,Cafeteria,Dorms,Cafeteria,Math_Building,Library"
U0910_2,"CS_Building,Library,Gym,Dorms,Math_Building,Student_Center,Dorms"
U0910_3,"Dorms,Cafeteria,Library,Gym"
U0910_4,"Dorms,Cafeteria,Math_Building,Library,Student_Center"
U0910_5,"Dorms,Math_Building,Library,Cafeteria,Library,Gym,Dorms,CS_Building"
U0910_6,"Dorms,Library,Dorms,Cafeteria"
U0910_7,"Dorms,Cafeteria,CS_Building,Student_Center,Dorms"
U0910_8,"Dorms,Cafeteria,Math_Building,Student_Center,Library"
U0910_9,"Dorms,Cafeteria,CS_Building,Dorms,Cafeteria,Library,Cafeteria"
U0911_1,"Dorms,Cafeteria,Student_Center,Dorms"
U0911_10,"Dorms,Cafeteria,CS_Building,Student_Center,Gym,Dorms,Cafeteria"
U0911_11,"Dorms,Math_Building,Dorms,Cafeteria,CS_Building,Student_Center"
U0911_12,"Dorms,CS_Building,Library,Dorms,CS_Building,Student_Center"
U0911_13,"Dorms,Cafeteria,CS_Building"
U0911_14,"Dorms,Library,Gym"
U0911_2,"Dorms,Math_Building,Student_Center"
U0911_3,"Student_Center,Dorms,CS_Building,Dorms,Cafeteria"
U0911_4,"Dorms,Cafeteria,Math_Building,Cafeteria,Student_Center,Dorms"
U0911_5,"Dorms,Cafeteria,Student_Center,Dorms,Cafeteria,Library"
U0911_6,"Dorms,Cafeteria,CS_Building,Dorms"
U0911_7,"Dorms,Cafeteria,Math_Building,Library,Dorms,Cafeteria,CS_Building"
U0911_8,"Cafeteria,Student_Center,Gym,Cafeteria,Dorms,Math_Building,Student_Center"
U0911_9,"Dorms,Cafeteria,Math_Building,Dorms,Cafeteria,CS_Building,Dorms"
U0912_1,"Dorms,Cafeteria,Math_Building"
U0912_10,"CS_Building,Student_Center,Library"
U0912_11,"Student_Center,Library,Cafeteria,Library,Cafeteria,CS_Building,Cafeteria,Math_Building,Library,Dorms,Gym,Dorms,Math_Building,Student_Center,Dorms,Library,Cafeteria"
U0912_12,"Cafeteria,CS_Building,Library,Cafeteria"
U0912_13,"Dorms,CS_Building,Cafeteria,Math_Building,Student_Center,Library,Gym,Dorms"
U0912_2,"Dorms,Library,Dorms,Math_Building,Cafeteria,CS_Building,Cafeteria"
U0912_3,"Student_Center,Dorms,Math_Building,Dorms,Dorms,Cafeteria,Math_Building,Student_Center"
U0912_4,"Library,Gym,Cafeteria,Library,Cafeteria,CS_Building,Student_Center"
U0912_5,"Cafeteria,CS_Building,Library,Cafeteria,Math_Building"
U0912_6,"Cafeteria,Math_Building,Student_Center"
U0912_7,"Student_Center,Library,Dorms,Cafeteria,Math_Building"
U0912_8,"Dorms,Cafeteria,CS_Building,Library,Cafeteria,CS_Building,Student_Center"
U0912_9,"Dorms,Math_Building,Cafeteria,Math_Building,Library,Cafeteria,Math_Building"
U0913_1,"Dorms,Cafeteria,CS_Building,Library"
U0913_10,"Dorms,CS_Building,Library,Cafeteria,CS_Building,Student_Center,Dorms,CS_Building"
U0913_11,"Dorms,Math_Building,Cafeteria,Math_Building,Student_Center,Gym"
U0913_12,"Dorms,Math_Building,Student_Center"
U0913_2,"Dorms,Library,Cafeteria,Math_Building,Library,Dorms"
U0913_3,"CS_Building,Cafeteria,Library,Dorms,Library"
U0913_4,"CS_Building,Dorms,Cafeteria,Library"
U0913_5,"Dorms,Math_Building,Dorms,Library"
U0913_6,"Gym,Dorms,CS_Building"
U0913_7,"Dorms,CS_Building,Cafeteria,Dorms,CS_Building,Student_Center,Dorms,Cafeteria"
U0913_8,"Dorms,Cafeteria,Library,Student_Center,Dorms,Math_Building,Student_Center,Library"
U0913_9,"CS_Building,Cafeteria,Student_Center,Library,Gym"
U0914_1,"Dorms,Cafeteria,Library,Dorms,Math_Building,Library,Cafeteria,Math_Building"
U0914_10,"Dorms,CS_Building,Dorms,Library,Dorms,Cafeteria,CS_Building,Library"
U0914_11,"Gym,Dorms,CS_Building,Library,Dorms,Cafeteria,Library,Cafeteria"
U0914_12,"Dorms,Cafeteria,Math_Building,Library,Student_Center,Dorms,Cafeteria"
U0914_13,"Dorms,Math_Building,Library"
U0914_14,"Dorms,Cafeteria,Student_Center,Dorms,Cafeteria,Library,Gym"
U0914_2,"Dorms,Cafeteria,CS_Building,Cafeteria,Math_Building,Library,Dorms,CS_Building,Dorms,Library,Cafeteria"
U0914_3,"Dorms,CS_Building,Student_Center"
U0914_4,"Dorms,CS_Building,Library,Dorms,Math_Building"
U0914_5,"Cafeteria,Math_Building,Dorms,Cafeteria,Math_Building,Library,Cafeteria,Math_Building"
U0914_6,"Dorms,CS_Building,Library,Dorms,Cafeteria,CS_Building"
U0914_7,"Dorms,Cafeteria,Math_Building,Student_Center,Dorms,Cafeteria"
U0914_8,"Cafeteria,Student_Center,Gym,Dorms,Cafeteria,CS_Building"
U0914_9,"Dorms,Cafeteria,CS_Building,Student_Center,Dorms"
U0915_1,"Dorms,CS_Building,Student_Center,Library,Dorms,Library,Dorms,Cafeteria"
U0915_10,"Dorms,Cafeteria,Library,Dorms,Cafeteria,Library,Dorms,CS_Building,Cafeteria,CS_Building,Library"
U0915_2,"Dorms,Library,Dorms,Cafeteria,CS_Building,Library"
U0915_3,"Dorms,Math_Building,Student_Center,Gym,Dorms,CS_Building,Cafeteria"
U0915_4,"Dorms,CS_Building,Library,Cafeteria"
U0915_5,"Student_Center,Library,Student_Center,Dorms,Math_Building,Library,Student_Center,Library"
U0915_6,"Dorms,Cafeteria,CS_Building,Cafeteria,Math_Building,Dorms"
U0915_7,"Gym,Dorms,CS_Building,Cafeteria,Student_Center"
U0915_8,"Cafeteria,CS_Building,Student_Center,Library,Dorms,Cafeteria,CS_Building,Student_Center"
U0915_9,"Dorms,Cafeteria,CS_Building,Cafeteria,Math_Building,Student_Center"
U0916_1,"Dorms,Cafeteria,CS_Building,Dorms"
U0916_10,"Dorms,Cafeteria,Library,Dorms,Math_Building"
U0916_11,"Dorms,Math_Building,Student_Center"
U0916_12,"Dorms,Cafeteria,CS_Building"
U0916_13,"Dorms,Cafeteria,CS_Building,Student_Center,Gym,Dorms,CS_Building,Library"
U0916_14,"Dorms,Cafeteria,Library,Student_Center,Gym,Dorms,Cafeteria"
U0916_2,"Dorms,Cafeteria,CS_Building,Library,Cafeteria,CS_Building,Student_Center"
U0916_3,"Dorms,Cafeteria,Math_Building,Library,Dorms,Dorms,CS_Building,Student_Center,Dorms,Cafeteria"
U0916_4,"Dorms,CS_Building,Cafeteria,Library,Dorms,Math_Building"
U0916_5,"Dorms,CS_Building,Library,Gym,Dorms"
U0916_6,"Dorms,CS_Building,Dorms,CS_Building,Library,Cafeteria,CS_Building"
U0916_7,"Dorms,Cafeteria,Library"
U0916_8,"Cafeteria,Math_Building,Library,Dorms,CS_Building,Cafeteria,Student_Center,Dorms"
U0916_9,"Dorms,CS_Building,Dorms,Cafeteria,Library,Dorms,Cafeteria"
U0917_1,"Student_Center,Gym,Dorms,Math_Building,Dorms,CS_Building,Student_Center,Library,Gym,Dorms,Library"
U0917_10,"Dorms,Math_Building,Cafeteria,CS_Building,Cafeteria,CS_Building"
U0917_11,"Dorms,Math_Building,Student_Center,Dorms"
U0917_12,"Dorms,Cafeteria,CS_Building,Cafeteria"
U0917_13,"Student_Center,Dorms,CS_Building,Library"
U0917_14,"Dorms,Cafeteria,Math_Building,Library,Dorms,CS_Building"
U0917_2,"Dorms,CS_Building,Cafeteria,Library,Dorms,Math_Building"
U0917_3,"Dorms,Cafeteria,CS_Building,Library,Gym,Dorms,CS_Building,Library,Dorms,Cafeteria,Library,Gym,Dorms,Math_Building"
U0917_4,"Dorms,Math_Building,Cafeteria,Math_Building"
U0917_5,"Dorms,CS_Building,Cafeteria,Library"
U0917_6,"CS_Building,Library,Student_Center"
U0917_7,"Dorms,Math_Building,Student_Center,Gym,Dorms,Cafeteria,CS_Building"
U0917_8,"Dorms,Cafeteria,CS_Building,Library,Gym,Dorms,Cafeteria,Math_Building,Library,Cafeteria"
U0917_9,"Dorms,Cafeteria,CS_Building,Library"
U0918_1,"Dorms,Math_Building,Library,Gym,Dorms,Math_Building,Cafeteria,Math_Building"
U0918_10,"Dorms,Cafeteria,CS_Building"
U0918_11,"Dorms,Cafeteria,CS_Building,Student_Center,Dorms,CS_Building"
U0918_2,"Dorms,Math_Building,Library,Cafeteria,CS_Building"
U0918_3,"Dorms,Math_Building,Library,Dorms,CS_Building,Library,Dorms,Cafeteria,CS_Building,Library,Cafeteria"
U0918_4,"Dorms,Library,Dorms"
U0918_5,"Dorms,Cafeteria,CS_Building,Student_Center,Gym"
U0918_6,"Dorms,Cafeteria,CS_Building,Student_Center,Dorms,CS_Building,Dorms,Dorms,Math_Building,Library"
U0918_7,"Dorms,Math_Building,Library,Gym,Dorms,Library,Cafeteria,CS_Building"
U0918_8,"Dorms,Cafeteria,Library,Cafeteria,Library,Student_Center,Gym"
U0918_9,"Dorms,Library,Cafeteria,Student_Center,Dorms,Cafeteria,CS_Building"
U0919_1,"Dorms,Library,Gym,Dorms,Cafeteria"
U0919_10,"Dorms,Cafeteria,Math_Building,Cafeteria"
U0919_11,"Dorms,Cafeteria,Math_Building,Library,Gym,Cafeteria,Math_Building,Dorms,Library,Gym,Dorms,Cafeteria,CS_Building"
U0919_2,"Dorms,CS_Building,Cafeteria"
U0919_3,"Dorms,Math_Building,Library,Gym,Cafeteria,CS_Building,Library"
U0919_4,"Dorms,Math_Building,Dorms,CS_Building"
U0919_5,"Cafeteria,Library,Cafeteria,Library,Cafeteria,Math_Building,Dorms"
U0919_6,"Dorms,Cafeteria,Library,Dorms,Cafeteria,CS_Building,Library,Cafeteria"
U0919_7,"Dorms,CS_Building,Cafeteria"
U0919_8,"Dorms,Cafeteria,CS_Building"
U0919_9,"Dorms,Library,Cafeteria,Math_Building,Cafeteria,Student_Center,Dorms,Cafeteria"
U0920_1,"Student_Center,Dorms,CS_Building,Library,Dorms,Cafeteria"
U0920_10,"Dorms,CS_Building,Cafeteria,Math_Building,Student_Center,Library,Gym,Gym,Cafeteria,Student_Center,Dorms,Library,Cafeteria,Math_Building,Dorms"
U0920_11,"Gym,Dorms,Cafeteria,Library,Dorms,Math_Building,Cafeteria"
U0920_12,"Dorms,Cafeteria,Math_Building,Student_Center,Library"
U0920_13,"Cafeteria,CS_Building,Dorms,CS_Building,Library,Dorms,CS_Building,Student_Center"
U0920_14,"Dorms,CS_Building,Library"
U0920_2,"Dorms,Math_Building,Cafeteria,CS_Building,Library,Gym"
U0920_3,"Dorms,CS_Building,Library,Dorms,Cafeteria,CS_Building"
U0920_4,"Dorms,Cafeteria,Student_Center,Gym"
U0920_5,"Dorms,Library,Dorms,CS_Building,Student_Center"
U0920_6,"Dorms,Cafeteria,Student_Center,Dorms,CS_Building,Cafeteria,Library,Dorms,Dorms,Cafeteria,Library"
U0920_7,"Cafeteria,Math_Building,Student_Center,Dorms,Cafeteria,Math_Building,Dorms"
U0920_8,"Student_Center,Library,Student_Center,Library,Dorms"
U0920_9,"Dorms,CS_Building,Dorms,Math_Building,Dorms,Cafeteria,CS_Building,Student_Center"
U0921_1,"Cafeteria,Library,Dorms,Library,Dorms,Cafeteria"
U0921_10,"Dorms,CS_Building,Dorms,Cafeteria"
U0921_11,"Gym,Dorms,Cafeteria,Math_Building,Library,Dorms,Cafeteria,Math_Building"
U0921_2,"Dorms,Cafeteria,Math_Building,Library,Dorms,Cafeteria,Cafeteria,Math_Building,Dorms,Cafeteria"
U0921_3,"Dorms,CS_Building,Library,Cafeteria,Student_Center"
U0921_4,"Dorms,Math_Building,Library,Cafeteria,Math_Building,Cafeteria"
U0921_5,"Dorms,Cafeteria,Math_Building,Library,Student_Center,Library,Dorms,Library"
U0921_6,"Dorms,CS_Building,Student_Center"
U0921_7,"Dorms,Cafeteria,Math_Building,Dorms,CS_Building,Student_Center,Library"
U0921_8,"Dorms,Math_Building,Student_Center,Gym"
U0921_9,"Dorms,Cafeteria,Student_Center,Library,Gym"
U0922_1,"Dorms,CS_Building,Cafeteria,Math_Building,Dorms,Library,Gym"
U0922_10,"Dorms,Cafeteria,Math_Building,Dorms,Library,Cafeteria,Library,Cafeteria"
U0922_11,"Dorms,Math_Building,Dorms,Cafeteria,Library,Gym,Dorms,Library"
U0922_12,"Dorms,Library,Gym,Dorms,Cafeteria,CS_Building,Cafeteria,Library"
U0922_13,"Student_Center,Dorms,Math_Building,Dorms,Library,Cafeteria,Math_Building,Library"
U0922_2,"Dorms,Cafeteria,Math_Building,Library,Gym,Cafeteria,CS_Building"
U0922_3,"Dorms,Math_Building,Student_Center,Library,Cafeteria,Library"
U0922_4,"Dorms,CS_Building,Dorms,Cafeteria"
U0922_5,"Dorms,Math_Building,Library,Student_Center,Dorms"
U0922_6,"Dorms,Math_Building,Cafeteria,CS_Building"
U0922_7,"Cafeteria,CS_Building,Dorms"
U0922_8,"Dorms,Math_Building,Student_Center"
U0922_9,"Dorms,CS_Building,Library"
U0923_1,"Dorms,Math_Building,Library,Cafeteria,Math_Building,Student_Center,Library,Dorms"
U0923_10,"Gym,Dorms,CS_Building,Cafeteria,CS_Building,Student_Center"
U0923_11,"Student_Center,Dorms,Cafeteria,Library,Gym,Dorms,Cafeteria"
U0923_12,"Dorms,Cafeteria,Library,Gym,Dorms,Cafeteria"
U0923_13,"Dorms,Math_Building,Student_Center,Gym"
U0923_14,"Dorms,Cafeteria,Math_Building,Library,Student_Center,Library,Cafeteria,CS_Building"
U0923_15,"Gym,Dorms,Cafeteria,Math_Building,Student_Center,Gym,Dorms,Math_Building,Dorms,Cafeteria,CS_Building,Student_Center,Gym"
U0923_2,"Dorms,Cafeteria,Math_Building,Library,Cafeteria,Library,Gym,Dorms,Cafeteria,CS_Building"
U0923_3,"Dorms,CS_Building,Cafeteria,CS_Building,Student_Center"
U0923_4,"Dorms,Math_Building,Library"
U0923_5,"Gym,Dorms,CS_Building,Cafeteria,CS_Building,Library,Dorms"
U0923_6,"Dorms,Library,Dorms"
U0923_7,"Dorms,Cafeteria,Library,Dorms,CS_Building,Cafeteria"
U0923_8,"Dorms,Cafeteria,CS_Building"
U0923_9,"Library,Cafeteria,Math_Building"
U0924_1,"Dorms,Cafeteria,Math_Building,Cafeteria,Dorms,Cafeteria,CS_Building,Library,Cafeteria,Math_Building"
U0924_2,"Dorms,Math_Building,Student_Center,Dorms,Cafeteria"
U0924_3,"Dorms,Math_Building,Library,Cafeteria"
U0924_4,"Dorms,CS_Building,Student_Center,Library,Gym"
U0924_5,"Dorms,Cafeteria,CS_Building,Student_Center,Gym,Dorms,Library,Gym"
U0924_6,"Library,Dorms,Cafeteria,CS_Building"
U0924_7,"Dorms,Cafeteria,Library"
U0924_8,"Dorms,Cafeteria,Math_Building"
U0924_9,"Dorms,Math_Building,Student_Center,Dorms,Cafeteria,Math_Building,Dorms,Cafeteria"
U0925_1,"Dorms,Cafeteria,Library,Dorms"
U0925_10,"Gym,Dorms,Cafeteria"
U0925_11,"Library,Cafeteria,CS_Building,Cafeteria,Student_Center,Dorms"
U0925_12,"Dorms,Math_Building,Cafeteria,Math_Building"
U0925_2,"Dorms,Math_Building,Student_Center,Dorms"
U0925_3,"Dorms,Math_Building,Library,Student_Center,Dorms"
U0925_4,"Dorms,Cafeteria,Student_Center,Dorms,Library"
U0925_5,"Dorms,Cafeteria,Math_Building,Dorms,CS_Building"
U0925_6,"Dorms,Cafeteria,CS_Building,Library"
U0925_7,"Student_Center,Library,Dorms"
U0925_8,"Dorms,Cafeteria,Student_Center,Library"
U0925_9,"Dorms,Cafeteria,CS_Building"
U0926_1,"Dorms,CS_Building,Library,Dorms"
U0926_10,"Dorms,Cafeteria,Library,Dorms"
U0926_11,"Dorms,Math_Building,Dorms,CS_Building,Student_Center"
U0926_12,"Dorms,Cafeteria,Math_Building,Dorms,Cafeteria,Library,Dorms"
U0926_13,"Dorms,Cafeteria,Math_Building,Student_Center,Dorms,CS_Building,Student_Center,Gym"
U0926_2,"Dorms,Cafeteria,CS_Building"
U0926_3,"Dorms,Cafeteria,Library"
U0926_4,"Gym,Dorms,Math_Building"
U0926_5,"Dorms,Cafeteria,CS_Building,Student_Center,Dorms,Cafeteria,Library,Cafeteria"
U0926_6,"Dorms,Math_Building,Library,Gym,Dorms,Cafeteria,CS_Building"
U0926_7,"Dorms,Cafeteria,Student_Center"
U0926_8,"Dorms,Math_Building,Library,Gym,Dorms,Cafeteria,Library"
U0926_9,"CS_Building,Library,Gym,Cafeteria,CS_Building,Library,Gym,Cafeteria"
U0927_1,"Dorms,Math_Building,Library,Cafeteria,CS_Building"
U0927_10,"Dorms,Math_Building,Student_Center,Gym,Dorms,CS_Building,Library"
U0927_11,"Dorms,Cafeteria,CS_Building,Library,Cafeteria,Student_Center,Gym"
U0927_12,"Dorms,Cafeteria,CS_Building,Library,Gym,Dorms"
U0927_2,"Dorms,Cafeteria,CS_Building,Library"
U0927_3,"Dorms,CS_Building,Library,Dorms,Cafeteria,Math_Building,Dorms,CS_Building,Library"
U0927_4,"Dorms,Cafeteria,Math_Building,Cafeteria,Math_Building,Student_Center,Gym,Dorms"
U0927_5,"Dorms,Math_Building,Student_Center"
U0927_6,"Dorms,Math_Building,Dorms,CS_Building"
U0927_7,"Dorms,CS_Building,Library,Student_Center,Gym"
U0927_8,"Gym,Dorms,Library,Dorms,Math_Building,Library"
U0927_9,"Math_Building,Student_Center,Library,Gym,Dorms,Math_Building,Dorms,Math_Building,Cafeteria"
U0928_1,"Dorms,Math_Building,Library,Dorms,Cafeteria,CS_Building,Student_Center,Gym"
U0928_10,"Dorms,Cafeteria,Library"
U0928_11,"CS_Building,Student_Center,Dorms,CS_Building"
U0928_12,"Dorms,CS_Building,Cafeteria"
U0928_13,"Math_Building,Library,Cafeteria,Math_Building,Dorms,Math_Building,Library,Dorms,Cafeteria,Student_Center,Gym"
U0928_2,"Dorms,Cafeteria,Math_Building,Cafeteria,CS_Building"
U0928_3,"Math_Building,Cafeteria,Library,Gym,Cafeteria,Math_Building"
U0928_4,"Student_Center,Dorms,Library"
U0928_5,"Dorms,Math_Building,Student_Center,Library,Cafeteria"
U0928_6,"Gym,Dorms,Cafeteria,Math_Building,Student_Center"
U0928_7,"Dorms,Cafeteria,Math_Building,Cafeteria,CS_Building,Library"
U0928_8,"CS_Building,Library,Gym,Dorms,Cafeteria,Library,Cafeteria"
U0928_9,"Library,Dorms,Cafeteria,Math_Building,Cafeteria,Student_Center,Gym,Dorms"
U0929_1,"Cafeteria,Math_Building,Cafeteria"
U0929_10,"Dorms,Library,Student_Center,Library,Cafeteria"
U0929_2,"Dorms,CS_Building,Library,Cafeteria,Math_Building,Dorms,Library"
U0929_3,"Dorms,Cafeteria,Library"
U0929_4,"Dorms,Cafeteria,CS_Building,Cafeteria,CS_Building"
U0929_5,"Dorms,CS_Building,Student_Center,Gym,Dorms,Cafeteria"
U0929_6,"Dorms,Math_Building,Student_Center,Dorms"
U0929_7,"Dorms,Math_Building,Library"
U0929_8,"Student_Center,Dorms,CS_Building,Library,Dorms,Math_Building,Cafeteria"
U0929_9,"Dorms,Cafeteria,Math_Building,Student_Center,Gym,Dorms,Cafeteria,Student_Center,Dorms,Cafeteria,Student_Center,Dorms,Cafeteria"
U0930_1,"Dorms,Cafeteria,CS_Building,Cafeteria,Student_Center"
U0930_10,"Dorms,Math_Building,Cafeteria,CS_Building,Dorms,CS_Building,Library,Dorms"
U0930_11,"Dorms,Library,Cafeteria,Library,Dorms,Cafeteria"
U0930_12,"Cafeteria,Math_Building,Student_Center,Dorms,Dorms,Math_Building,Cafeteria,CS_Building,Cafeteria,CS_Building"
U0930_13,"Dorms,Cafeteria,CS_Building"
U0930_2,"Dorms,Cafeteria,Student_Center,Gym,Cafeteria,Student_Center,Library,Dorms"
U0930_3,"Dorms,CS_Building,Library,Gym,Dorms,Cafeteria,Math_Building"
U0930_4,"Dorms,Math_Building,Library,Dorms,Cafeteria,Math_Building,Student_Center"
U0930_5,"Dorms,Math_Building,Library,Cafeteria,CS_Building,Student_Center,Library,Gym"
U0930_6,"Dorms,Math_Building,Library,Dorms,Math_Building,Student_Center"
U0930_7,"Dorms,CS_Building,Cafeteria,Math_Building,Student_Center"
U0930_8,"Dorms,Cafeteria,Math_Building,Cafeteria,Student_Center,Gym,Cafeteria,CS_Building"
U0930_9,"Math_Building,Library,Dorms,Cafeteria,Math_Building,Student_Center"
U0931_1,"Dorms,CS_Building,Library,Cafeteria,Student_Center,Dorms"
U0931_10,"CS_Building,Student_Center,Library,Dorms,Dorms,Cafeteria,Library"
U0931_11,"Dorms,Cafeteria,CS_Building,Library,Cafeteria"
U0931_12,"Dorms,Cafeteria,Library,Dorms,Cafeteria,Library"
U0931_2,"Dorms,CS_Building,Library"
U0931_3,"Dorms,Cafeteria,Library,Cafeteria,Math_Building,Library,Dorms,CS_Building"
U0931_4,"Dorms,Cafeteria,Math_Building"
U0931_5,"Dorms,Cafeteria,Math_Building"
U0931_6,"Dorms,Cafeteria,Student_Center,Gym"
U0931_7,"Cafeteria,CS_Building,Library,Cafeteria,Math_Building,Library,Cafeteria"
U0931_8,"Math_Building,Library,Gym,Dorms,Cafeteria"
U0931_9,"Math_Building,Library,Gym,Cafeteria,CS_Building,Library,Cafeteria,Library,Gym,Dorms"
U0932_1,"Dorms,Library,Student_Center,Gym,Dorms,Cafeteria"
U0932_10,"Dorms,Cafeteria,Student_Center,Gym"
U0932_11,"Dorms,CS_Building,Cafeteria,Math_Building,Cafeteria"
U0932_12,"Math_Building,Student_Center,Gym,Dorms"
U0932_13,"Dorms,Library,Student_Center,Gym"
U0932_2,"Dorms,Cafeteria,CS_Building"
U0932_3,"Dorms,CS_Building,Cafeteria,Math_Building"
U0932_4,"Dorms,Math_Building,Cafeteria,Student_Center,Dorms,Library"
U0932_5,"Dorms,Cafeteria,Math_Building,Library,Cafeteria,Student_Center,Dorms"
U0932_6,"Dorms,CS_Building,Dorms,Math_Building,Cafeteria"
U0932_7,"Dorms,Library,Dorms,Cafeteria,Student_Center,Dorms"
U0932_8,"Dorms,Math_Building,Student_Center,Dorms"
U0932_9,"Dorms,Cafeteria,Math_Building"
U0933_1,"Dorms,CS_Building,Library,Dorms,CS_Building,Library"
U0933_10,"Dorms,Math_Building,Cafeteria,CS_Building,Library,Cafeteria,Math_Building,Student_Center"
U0933_11,"Student_Center,Library,Cafeteria,Math_Building,Library,Student_Center"
U0933_12,"Cafeteria,CS_Building,Student_Center,Dorms,Math_Building"
U0933_13,"Dorms,Cafeteria,Library,Gym"
U0933_2,"Dorms,Cafeteria,Library,Dorms,Cafeteria,CS_Building"
U0933_3,"Library,Dorms,Library,Dorms"
U0933_4,"Dorms,Math_Building,Student_Center,Gym,Dorms,Dorms,CS_Building,Student_Center,Dorms,CS_Building,Library"
U0933_5,"Dorms,Cafeteria,Math_Building,Cafeteria,Math_Building,Library,Gym,Dorms"
U0933_6,"Dorms,Cafeteria,Student_Center,Dorms,Cafeteria,Math_Building,Dorms,Cafeteria"
U0933_7,"Dorms,Cafeteria,CS_Building,Library,Dorms,Cafeteria,CS_Building"
U0933_8,"Dorms,CS_Building,Library,Dorms"
U0933_9,"Dorms,Cafeteria,Library,Cafeteria,Math_Building"
U0934_1,"Dorms,Math_Building,Dorms,Cafeteria,Library"
U0934_10,"Dorms,CS_Building,Student_Center"
U0934_11,"Dorms,Cafeteria,Math_Building,Student_Center,Dorms,CS_Building,Cafeteria"
U0934_12,"Cafeteria,Library,Dorms,Library,Dorms,Math_Building"
U0934_13,"Dorms,Cafeteria,Math_Building,Student_Center,Library,Cafeteria,Library,Cafeteria"
U0934_14,"CS_Building,Cafeteria,Math_Building,Library,Dorms,Math_Building,Student_Center"
U0934_15,"Dorms,Cafeteria,CS_Building,Student_Center,Dorms,Cafeteria,Math_Building"
U0934_2,"Dorms,Math_Building,Library,Cafeteria"
U0934_3,"Dorms,CS_Building,Student_Center,Gym,Dorms"
U0934_4,"Student_Center,Library,Cafeteria,Math_Building,Dorms,Cafeteria"
U0934_5,"Student_Center,Gym,Cafeteria,Math_Building,Dorms,Math_Building"
U0934_6,"Dorms,Cafeteria,Math_Building,Library"
U0934_7,"Dorms,CS_Building,Library,Dorms,Library,Cafeteria,Library"
U0934_8,"Dorms,CS_Building,Library,Cafeteria,Library,Dorms,CS_Building"
U0934_9,"Dorms,Cafeteria,Math_Building,Student_Center,Dorms,CS_Building"
U0935_1,"Dorms,CS_Building,Student_Center,Library,Dorms,CS_Building,Library"
U0935_2,"Dorms,CS_Building,Dorms"
U0935_3,"Dorms,Cafeteria,Student_Center,Gym"
U0935_4,"Dorms,Math_Building,Student_Center"
U0935_5,"Student_Center,Dorms,Library,Dorms,Cafeteria,Library"
U0935_6,"Dorms,Math_Building,Cafeteria,Student_Center,Library,Gym"
U0935_7,"CS_Building,Cafeteria,Student_Center"
U0935_8,"Student_Center,Gym,Dorms,CS_Building,Library,Gym,Dorms,Cafeteria"
U0935_9,"Dorms,Cafeteria,Math_Building,Dorms,Dorms,Cafeteria,Library"
U0936_1,"Dorms,Cafeteria,CS_Building,Cafeteria,Math_Building,Cafeteria,Math_Building"
U0936_10,"Gym,Dorms,Cafeteria,Student_Center,Library,Dorms"
U0936_11,"Dorms,CS_Building,Dorms,Cafeteria,Library"
U0936_12,"Cafeteria,Math_Building,Library,Dorms,Cafeteria,CS_Building,Library,Cafeteria"
U0936_13,"Gym,Cafeteria,CS_Building,Student_Center"
U0936_14,"Dorms,Cafeteria,CS_Building,Student_Center"
U0936_15,"Dorms,Cafeteria,CS_Building,Library"
U0936_16,"Dorms,Library,Cafeteria"
U0936_2,"CS_Building,Cafeteria,CS_Building,Dorms,CS_Building,Library,Cafeteria,Library,Dorms,Cafeteria"
U0936_3,"Dorms,Math_Building,Library,Dorms"
U0936_4,"Dorms,Library,Cafeteria,Math_Building,Student_Center"
U0936_5,"Math_Building,Library,Gym,Dorms,Cafeteria,Library,Dorms"
U0936_6,"Math_Building,Student_Center,Dorms"
U0936_7,"Dorms,Cafeteria,Library,Cafeteria"
U0936_8,"Cafeteria,CS_Building,Dorms,Library,Cafeteria,CS_Building,Library,Cafeteria,Dorms,Math_Building,Library,Dorms,Cafeteria"
U0936_9,"Math_Building,Cafeteria,Library,Gym,Cafeteria"
U0937_1,"Dorms,Cafeteria,Math_Building,Student_Center,Dorms,Math_Building,Cafeteria"
U0937_10,"Dorms,Cafeteria,Library,Dorms,Math_Building,Cafeteria"
U0937_11,"Student_Center,Dorms,CS_Building,Cafeteria,Math_Building"
U0937_12,"Dorms,Cafeteria,Library,Dorms,Cafeteria,CS_Building,Cafeteria,Math_Building"
U0937_13,"Dorms,CS_Building,Library,Dorms,Math_Building,Dorms,Cafeteria,CS_Building,Student_Center"
U0937_2,"Dorms,CS_Building,Library,Dorms,Math_Building"
U0937_3,"Dorms,Math_Building,Cafeteria,Student_Center,Library,Cafeteria,CS_Building,Student_Center"
U0937_4,"Dorms,Cafeteria,Library"
U0937_5,"Dorms,Cafeteria,Math_Building"
U0937_6,"Dorms,Math_Building,Library"
U0937_7,"Dorms,Math_Building,Library,Dorms,Cafeteria,CS_Building,Cafeteria,CS_Building"
U0937_8,"Dorms,Cafeteria,CS_Building,Library"
U0937_9,"Dorms,Cafeteria,CS_Building,Dorms,Cafeteria"
U0938_1,"Dorms,Math_Building,Cafeteria,CS_Building,Library,Dorms,Math_Building,Dorms"
U0938_10,"Library,Cafeteria,Math_Building"
U0938_11,"Dorms,Math_Building,Student_Center,Dorms,Dorms,Library,Cafeteria,Library,Cafeteria"
U0938_12,"Dorms,CS_Building,Library"
U0938_2,"Dorms,Library,Cafeteria,CS_Building"
U0938_3,"Dorms,Cafeteria,CS_Building,Library,Cafeteria,CS_Building,Cafeteria"
U0938_4,"Dorms,Library,Dorms,Cafeteria,Student_Center,Library"
U0938_5,"Dorms,Cafeteria,CS_Building"
U0938_6,"Dorms,Cafeteria,Math_Building,Dorms,Library,Cafeteria,Student_Center,Dorms"
U0938_7,"Dorms,Library,Dorms,CS_Building,Student_Center,Dorms,Cafeteria,CS_Building"
U0938_8,"Dorms,CS_Building,Student_Center,Dorms"
U0938_9,"Dorms,Cafeteria,CS_Building,Library,Gym,Cafeteria,Dorms,Cafeteria,Student_Center"
U0939_1,"Dorms,Library,Dorms,Cafeteria,CS_Building,Library,Dorms,Math_Building"
U0939_10,"Dorms,Cafeteria,Math_Building"
U0939_2,"Library,Dorms,Cafeteria,Math_Building,Cafeteria,CS_Building,Dorms,CS_Building,Library,Student_Center,Gym,Cafeteria,Library"
U0939_3,"Dorms,Library,Gym,Dorms,Library,Dorms,Library"
U0939_4,"Dorms,CS_Building,Student_Center,Gym,Dorms,Library"
U0939_5,"CS_Building,Dorms,CS_Building,Dorms,Cafeteria,Library"
U0939_6,"Dorms,Math_Building,Student_Center,Gym,Cafeteria,Math_Building,Student_Center,Library,Student_Center,Library,Gym"
U0939_7,"Dorms,Math_Building,Cafeteria"
U0939_8,"Gym,Dorms,Math_Building"
U0939_9,"Student_Center,Library,Gym,Dorms,Cafeteria,CS_Building,Library,Gym"
U0940_1,"Dorms,Cafeteria,CS_Building,Library,Dorms,Cafeteria,Library,Cafeteria,Dorms,Library,Dorms,CS_Building,Library,Dorms,Cafeteria"
U0940_10,"Dorms,Cafeteria,Library,Dorms,CS_Building,Student_Center,Library"
U0940_2,"Dorms,Math_Building,Cafeteria,Library"
U0940_3,"Dorms,Cafeteria,CS_Building,Library,Dorms,Math_Building,Student_Center,Library"
U0940_4,"Dorms,Cafeteria,Math_Building,Dorms"
U0940_5,"Dorms,Cafeteria,Math_Building,Student_Center,Dorms,Cafeteria,CS_Building"
U0940_6,"CS_Building,Cafeteria,CS_Building"
U0940_7,"Dorms,CS_Building,Library,Gym,Dorms,Cafeteria,CS_Building"
U0940_8,"Dorms,Cafeteria,CS_Building,Library,Cafeteria,CS_Building,Cafeteria,Dorms,CS_Building,Library,Cafeteria"
U0940_9,"Dorms,Cafeteria,Student_Center,Library,Dorms,Cafeteria,Math_Building,Dorms"
U0941_1,"Student_Center,Dorms,Math_Building"
U0941_10,"Dorms,Cafeteria,CS_Building"
U0941_11,"Dorms,Math_Building,Library,Dorms,Cafeteria,Library,Dorms"
U0941_12,"Dorms,Cafeteria,Library,Cafeteria,CS_Building"
U0941_13,"Gym,Dorms,CS_Building,Library,Dorms,Cafeteria,Math_Building"
U0941_14,"Dorms,Cafeteria,Math_Building,Library,Dorms,CS_Building"
U0941_2,"Dorms,Math_Building,Dorms"
U0941_3,"Library,Gym,Cafeteria,Library,Cafeteria,Library,Gym,Dorms"
U0941_4,"Dorms,Math_Building,Library"
U0941_5,"Dorms,Library,Dorms,Math_Building,Student_Center,Dorms,Library,Cafeteria,Dorms,Math_Building,Library,Dorms"
U0941_6,"Dorms,Cafeteria,CS_Building,Library"
U0941_7,"Dorms,Cafeteria,Math_Building,Library"
U0941_8,"Dorms,CS_Building,Student_Center,Library,Gym,Dorms,Library,Cafeteria"
U0941_9,"Dorms,Cafeteria,CS_Building,Student_Center,Dorms,Cafeteria,Student_Center"
U0942_1,"Gym,Dorms,Cafeteria,Math_Building"
U0942_10,"Dorms,Math_Building,Cafeteria"
U0942_2,"Dorms,Cafeteria,Library,Dorms,Library,Cafeteria,CS_Building,Student_Center,Dorms"
U0942_3,"Dorms,Math_Building,Dorms"
U0942_4,"Dorms,Math_Building,Cafeteria,Math_Building"
U0942_5,"Library,Gym,Dorms,CS_Building"
U0942_6,"Dorms,CS_Building,Student_Center,Dorms,Math_Building"
U0942_7,"Dorms,Cafeteria,CS_Building,Student_Center,Dorms"
U0942_8,"Dorms,Cafeteria,Math_Building"
U0942_9,"Cafeteria,Library,Student_Center,Dorms"
U0943_1,"Dorms,CS_Building,Library,Student_Center,Dorms,Cafeteria"
U0943_10,"Dorms,Math_Building,Library,Dorms,CS_Building"
U0943_11,"Cafeteria,CS_Building,Library,Cafeteria,Math_Building"
U0943_12,"Dorms,Cafeteria,Math_Building,Library,Student_Center,Library"
U0943_2,"Gym,Dorms,Math_Building,Library,Cafeteria"
U0943_3,"Cafeteria,Library,Cafeteria,CS_Building,Library,Student_Center"
U0943_4,"Dorms,Library,Dorms,Cafeteria"
U0943_5,"Math_Building,Student_Center,Dorms,Math_Building,Student_Center,Gym"
U0943_6,"Dorms,Math_Building,Cafeteria,Math_Building"
U0943_7,"Dorms,Cafeteria,CS_Building,Student_Center,Gym,Dorms,CS_Building,Library"
U0943_8,"Dorms,CS_Building,Library,Dorms,Cafeteria,CS_Building,Library"
U0943_9,"Dorms,Math_Building,Student_Center"
U0944_1,"Student_Center,Dorms,Cafeteria"
U0944_10,"Dorms,Cafeteria,Student_Center,Gym,Dorms,Cafeteria,Math_Building,Dorms,CS_Building,Cafeteria,Math_Building,Dorms,Cafeteria,CS_Building,Library"
U0944_2,"Dorms,Cafeteria,CS_Building,Cafeteria,Dorms,Cafeteria,CS_Building,Student_Center,Dorms"
U0944_3,"Dorms,Cafeteria,CS_Building,Library,Cafeteria,Library,Cafeteria,CS_Building"
U0944_4,"Dorms,CS_Building,Library,Student_Center,Dorms,Library,Cafeteria,CS_Building"
U0944_5,"Student_Center,Library,Gym"
U0944_6,"Dorms,Cafeteria,Library"
U0944_7,"Dorms,CS_Building,Library,Dorms,Dorms,CS_Building,Student_Center,Dorms,Cafeteria"
U0944_8,"Dorms,Library,Gym,Dorms,Cafeteria"
U0944_9,"Dorms,CS_Building,Student_Center,Gym"
U0945_1,"Student_Center,Library,Cafeteria,CS_Building,Library,Cafeteria"
U0945_10,"Cafeteria,Math_Building,Cafeteria,Library,Dorms,Math_Building"
U0945_11,"Dorms,Cafeteria,Math_Building,Library,Dorms"
U0945_12,"Dorms,Cafeteria,Math_Building,Student_Center,Gym"
U0945_13,"Dorms,Cafeteria,Student_Center,Dorms,Cafeteria"
U0945_2,"Dorms,Cafeteria,CS_Building,Student_Center,Library,Dorms,Math_Building,Library,Student_Center,Gym,Dorms,Cafeteria"
U0945_3,"Library,Cafeteria,CS_Building,Library,Dorms"
U0945_4,"Student_Center,Dorms,Cafeteria,CS_Building,Student_Center,Dorms,Cafeteria,CS_Building,Student_Center,Library,Student_Center"
U0945_5,"Dorms,Library,Dorms,Math_Building,Dorms"
U0945_6,"Cafeteria,CS_Building,Library,Dorms,CS_Building"
U0945_7,"Dorms,CS_Building,Library,Dorms,Cafeteria"
U0945_8,"Dorms,Library,Gym,Dorms,Cafeteria"
U0945_9,"CS_Building,Library,Student_Center,Dorms,Math_Building,Library,Dorms"
U0946_1,"Cafeteria,Student_Center,Dorms"
U0946_10,"Dorms,Math_Building,Dorms,Cafeteria"
U0946_11,"Dorms,CS_Building,Library,Dorms,Cafeteria,CS_Building,Library"
U0946_2,"Library,Dorms,Cafeteria"
U0946_3,"Student_Center,Gym,Dorms,CS_Building,Library,Gym,Dorms"
U0946_4,"Dorms,Library,Gym,Dorms,Cafeteria,Dorms,Library,Dorms,Cafeteria,Student_Center,Gym,Dorms,Math_Building"
U0946_5,"Dorms,Cafeteria,CS_Building,Cafeteria,Student_Center"
U0946_6,"Dorms,CS_Building,Student_Center,Library,Gym,Dorms,Cafeteria"
U0946_7,"Dorms,Cafeteria,CS_Building,Cafeteria,Library,Cafeteria,CS_Building,Cafeteria"
U0946_8,"Dorms,Library,Cafeteria,CS_Building,Cafeteria,CS_Building,Library"
U0946_9,"Dorms,CS_Building,Library"
U0947_1,"Dorms,Cafeteria,Library,Cafeteria,Library"
U0947_10,"Dorms,CS_Building,Library,Student_Center"
U0947_11,"Dorms,Cafeteria,CS_Building"
U0947_12,"Dorms,Math_Building,Dorms,Cafeteria,CS_Building,CS_Building,Dorms,Cafeteria,Library,Dorms,Cafeteria,Math_Building,Student_Center"
U0947_2,"Cafeteria,Math_Building,Cafeteria,CS_Building,Cafeteria,Student_Center,Dorms,Cafeteria"
U0947_3,"Dorms,Library,Dorms,Math_Building,Cafeteria"
U0947_4,"Dorms,Cafeteria,Math_Building,Dorms,Dorms,Cafeteria,Library,Cafeteria,Math_Building,Library"
U0947_5,"Dorms,Cafeteria,Student_Center,Dorms,Math_Building,Library,Dorms"
U0947_6,"Dorms,Math_Building,Student_Center,Gym,Cafeteria,CS_Building,Student_Center,Dorms"
U0947_7,"Dorms,CS_Building,Library,Dorms,Cafeteria,Dorms,CS_Building,Student_Center"
U0947_8,"Dorms,CS_Building,Student_Center,Library,Gym,Cafeteria,Math_Building,Student_Center"
U0947_9,"Dorms,Cafeteria,Math_Building,Dorms,Cafeteria,CS_Building,Student_Center"
U0948_1,"Dorms,Cafeteria,Math_Building"
U0948_10,"Dorms,CS_Building,Student_Center,Dorms"
U0948_11,"Dorms,Cafeteria,CS_Building,Library,Dorms,Cafeteria,Library"
U0948_12,"Dorms,Cafeteria,CS_Building,Dorms,CS_Building,Library,Dorms,Cafeteria,CS_Building,Student_Center,Gym,Dorms,Math_Building,Student_Center,Dorms,Math_Building,Student_Center,Library,Cafeteria"
U0948_2,"Dorms,Cafeteria,Library,Cafeteria,Math_Building,Student_Center,Gym,Dorms,Dorms,Cafeteria,CS_Building,Library,Cafeteria,Math_Building,Library"
U0948_3,"CS_Building,Library,Student_Center"
U0948_4,"Gym,Dorms,Cafeteria,CS_Building,Student_Center,Dorms,Cafeteria"
U0948_5,"Dorms,Cafeteria,Math_Building,Cafeteria,Student_Center,Gym,Dorms,Library,Library,Gym,Dorms"
U0948_6,"Math_Building,Library,Cafeteria,Library,Cafeteria"
U0948_7,"Dorms,Cafeteria,CS_Building"
U0948_8,"Dorms,Cafeteria,Student_Center,Library,Dorms,CS_Building,Library,Dorms,Library,Dorms,CS_Building"
U0948_9,"Dorms,Math_Building,Student_Center,Library,Cafeteria"
U0949_1,"Dorms,CS_Building,Cafeteria,Math_Building,Library,Student_Center,Library"
U0949_10,"Dorms,CS_Building,Library,Dorms,Library"
U0949_11,"Dorms,Cafeteria,CS_Building,Cafeteria,Student_Center,Gym"
U0949_12,"Gym,Dorms,Math_Building,Student_Center,Gym"
U0949_13,"Dorms,CS_Building,Student_Center,Gym,Dorms,Library"
U0949_14,"Dorms,Cafeteria,Library,Dorms,Library,Dorms,CS_Building,Dorms"
U0949_15,"Cafeteria,CS_Building,Library,Dorms,Library,Dorms"
U0949_16,"CS_Building,Library,Dorms,Cafeteria,CS_Building,Library,Cafeteria,Student_Center"
U0949_2,"Dorms,Cafeteria,CS_Building,Library,Dorms,Library,Cafeteria"
U0949_3,"Math_Building,Cafeteria,Library,Gym,Dorms,Cafeteria,Math_Building,Student_Center"
U0949_4,"Cafeteria,Library,Dorms,Math_Building,Student_Center,Library,Gym,Dorms"
U0949_5,"Dorms,Cafeteria,Library,Dorms,Math_Building"
U0949_6,"Dorms,Library,Gym,Dorms,Cafeteria"
U0949_7,"Dorms,Math_Building,Student_Center,Dorms,Cafeteria,Math_Building,Cafeteria"
U0949_8,"Dorms,Cafeteria,CS_Building,Library,Cafeteria,CS_Building"
U0949_9,"Dorms,CS_Building,Student_Center,Gym,Dorms,Cafeteria,Library,Cafeteria"
U0950_1,"Dorms,CS_Building,Library,Gym"
U0950_10,"Cafeteria,Library,Dorms,Gym,Dorms,Cafeteria,Math_Building,Library,Dorms,Cafeteria"
U0950_11,"Dorms,Math_Building,Cafeteria"
U0950_12,"Gym,Dorms,Math_Building,Library,Gym,Dorms,CS_Building,Dorms"
U0950_2,"Dorms,Cafeteria,CS_Building"
U0950_3,"Dorms,CS_Building,Library,Cafeteria,Math_Building"
U0950_4,"Dorms,CS_Building,Library,Student_Center,Library,Cafeteria,CS_Building"
U0950_5,"Dorms,Math_Building,Student_Center,Dorms,Cafeteria,CS_Building,Student_Center"
U0950_6,"Dorms,CS_Building,Cafeteria,Library"
U0950_7,"Dorms,Cafeteria,Math_Building,Cafeteria,Dorms,Math_Building,Cafeteria,Math_Building,Student_Center,Library,Cafeteria"
U0950_8,"Dorms,Math_Building,Student_Center,Library"
U0950_9,"Dorms,Cafeteria,Library,Gym"
U0951_1,"CS_Building,Student_Center,Dorms,Math_Building,Dorms,Cafeteria,CS_Building,Dorms"
U0951_10,"Dorms,Math_Building,Cafeteria,Library,Gym,Cafeteria,Library,Dorms"
U0951_11,"Dorms,Cafeteria,Library,Student_Center,Library"
U0951_12,"Dorms,Cafeteria,CS_Building,Student_Center,Dorms,Math_Building,Student_Center,Gym,Dorms,CS_Building,Cafeteria,Math_Building"
U0951_2,"Dorms,Library,Student_Center,Library,Student_Center,Gym,Dorms,Math_Building"
U0951_3,"Dorms,Cafeteria,Library,Dorms"
U0951_4,"Dorms,Math_Building,Dorms"
U0951_5,"Dorms,Math_Building,Student_Center,Gym,Dorms,Cafeteria"
U0951_6,"Dorms,CS_Building,Student_Center,Dorms,Library,Gym,Dorms"
U0951_7,"Dorms,Cafeteria,Math_Building,Dorms,Cafeteria,CS_Building,Library,Student_Center"
U0951_8,"Math_Building,Student_Center,Dorms,Cafeteria,Library,Student_Center,Dorms,Cafeteria"
U0951_9,"Gym,Dorms,CS_Building,Cafeteria,Library,Dorms,Cafeteria"
U0952_1,"Dorms,Math_Building,Cafeteria,CS_Building,Cafeteria,Math_Building,Library,Gym"
U0952_10,"Dorms,Cafeteria,Library,Gym,Dorms,Cafeteria"
U0952_2,"Dorms,CS_Building,Library,Gym,Dorms"
U0952_3,"Dorms,Cafeteria,Math_Building,Cafeteria,CS_Building,Library,Gym,Dorms"
U0952_4,"Dorms,Library,Gym,Dorms"
U0952_5,"Math_Building,Library,Cafeteria,CS_Building"
U0952_6,"Dorms,CS_Building,Cafeteria,CS_Building,Library,Library,Dorms,Cafeteria,Student_Center,Gym,Dorms,CS_Building"
U0952_7,"Dorms,Cafeteria,Math_Building,Student_Center"
U0952_8,"Dorms,Cafeteria,Math_Building,Library,Cafeteria,CS_Building,Dorms,Library,Dorms"
U0952_9,"Cafeteria,CS_Building,Student_Center,Dorms,Library,Cafeteria"
U0953_1,"Library,Dorms,Cafeteria,Math_Building,Student_Center,Dorms,Cafeteria,Student_Center"
U0953_10,"Dorms,Cafeteria,Student_Center,Gym,Dorms,Cafeteria,Student_Center"
U0953_11,"Dorms,Cafeteria,CS_Building,Library,Dorms,Math_Building,Library,Cafeteria"
U0953_12,"Library,Dorms,Library,Gym,Dorms,Math_Building,Student_Center"
U0953_13,"Dorms,Cafeteria,CS_Building"
U0953_2,"Dorms,Math_Building,Cafeteria,Math_Building"
U0953_3,"Dorms,Cafeteria,Math_Building,Dorms,Library"
U0953_4,"Dorms,Cafeteria,CS_Building,Cafeteria"
U0953_5,"Dorms,CS_Building,Library,Gym,Dorms,CS_Building,Student_Center,Dorms"
U0953_6,"Gym,Cafeteria,Math_Building,Cafeteria,Student_Center,Dorms"
U0953_7,"CS_Building,Student_Center,Library,Dorms,Library,Cafeteria,Math_Building,Cafeteria,Math_Building"
U0953_8,"Dorms,Library,Cafeteria"
U0953_9,"Math_Building,Library,Dorms,Library,Dorms,CS_Building,Cafeteria,Library,Dorms,Math_Building,Student_Center,Dorms"
U0954_1,"Math_Building,Dorms,Cafeteria,Math_Building,Student_Center,Dorms,Cafeteria,CS_Building,Cafeteria,Student_Center,Dorms,Cafeteria"
U0954_10,"Dorms,Cafeteria,Student_Center,Dorms,Cafeteria,Math_Building"
U0954_11,"Dorms,Cafeteria,Student_Center"
U0954_12,"Dorms,Library,Gym,Cafeteria,CS_Building"
U0954_13,"Dorms,Cafeteria,CS_Building"
U0954_2,"Dorms,Math_Building,Library"
U0954_3,"Dorms,Math_Building,Library,Cafeteria"
U0954_4,"Dorms,Math_Building,Cafeteria"
U0954_5,"Dorms,Math_Building,Student_Center,Dorms,Cafeteria,Student_Center,Gym,Dorms,Library,Dorms"
U0954_6,"CS_Building,Library,Dorms,Math_Building,Library,Cafeteria,Math_Building,Dorms,Cafeteria,CS_Building,Student_Center,Dorms,Math_Building,Library,Dorms"
U0954_7,"Dorms,Cafeteria,Math_Building,Student_Center,Dorms,Cafeteria,CS_Building,Library"
U0954_8,"Dorms,Math_Building,Student_Center"
U0954_9,"Cafeteria,CS_Building,Cafeteria,Math_Building,Student_Center,Library,Gym,Dorms"
U0955_1,"Dorms,Cafeteria,CS_Building,Library,Student_Center,Library,Dorms,Math_Building,Student_Center,Library,Cafeteria,Student_Center"
U0955_10,"CS_Building,Library,Gym,Dorms"
U0955_2,"Library,Dorms,Cafeteria,Library,Cafeteria"
U0955_3,"Dorms,Cafeteria,CS_Building,Student_Center,Dorms,Math_Building,Dorms,Math_Building,Dorms,Cafeteria,Math_Building,Library,Student_Center,Gym,Cafeteria"
U0955_4,"Dorms,CS_Building,Cafeteria,CS_Building,Cafeteria,CS_Building,Cafeteria"
U0955_5,"Student_Center,Dorms,Cafeteria,Library,Student_Center,Dorms,Library,Student_Center,Gym,Dorms,Cafeteria,Math_Building"
U0955_6,"Dorms,CS_Building,Student_Center,Gym,Dorms,CS_Building,Dorms,Dorms,CS_Building,Cafeteria,CS_Building,Library"
U0955_7,"Student_Center,Dorms,Cafeteria,Student_Center,Library,Student_Center,Dorms,Cafeteria"
U0955_8,"Dorms,Cafeteria,CS_Building,Cafeteria,Library,Cafeteria"
U0955_9,"Student_Center,Library,Gym,Dorms,CS_Building,Library,Dorms,Cafeteria"
U0956_1,"Dorms,CS_Building,Cafeteria,CS_Building,Dorms,Dorms,CS_Building,Student_Center,Library,Gym,Dorms,CS_Building,Student_Center,Dorms,Cafeteria,CS_Building,Student_Center,Dorms,Math_Building,Student_Center"
U0956_10,"Dorms,Math_Building,Library,Dorms,Math_Building,Cafeteria,CS_Building"
U0956_11,"Library,Cafeteria,Math_Building,Dorms,CS_Building,Math_Building,Library,Cafeteria,CS_Building,Student_Center,Library,Gym,Dorms"
U0956_12,"Dorms,CS_Building,Student_Center,Dorms,Cafeteria"
U0956_13,"Library,Cafeteria,CS_Building,Dorms,Library,Cafeteria,Math_Building"
U0956_14,"Math_Building,Student_Center,Dorms,CS_Building,Student_Center,Library,Gym"
U0956_15,"Student_Center,Library,Gym,Cafeteria,Math_Building,Student_Center,Gym,Dorms"
U0956_2,"Cafeteria,CS_Building,Library,Cafeteria,Library,Dorms,Cafeteria,Library"
U0956_3,"Dorms,Cafeteria,Library,Cafeteria,CS_Building,Student_Center,Gym"
U0956_4,"Dorms,Cafeteria,Student_Center,Library,Dorms,Cafeteria,Math_Building,Library,Dorms,CS_Building,Cafeteria"
U0956_5,"Dorms,Cafeteria,Student_Center,Dorms,Cafeteria,Student_Center,Dorms,Math_Building"
U0956_6,"Dorms,Cafeteria,Library,Cafeteria,Library"
U0956_7,"Dorms,Cafeteria,Math_Building,Dorms"
U0956_8,"Dorms,Library,Dorms,Cafeteria"
U0956_9,"Dorms,Math_Building,Library,Gym,Cafeteria,Library"
U0957_1,"Gym,Dorms,CS_Building,Cafeteria,CS_Building,Cafeteria"
U0957_2,"Dorms,Cafeteria,Library"
U0957_3,"Dorms,CS_Building,Library,Cafeteria,Math_Building,Library,Dorms,Library"
U0957_4,"Dorms,Math_Building,Student_Center,Gym,Dorms,Library,Cafeteria,Library"
U0957_5,"Dorms,Cafeteria,Math_Building,Cafeteria,CS_Building"
U0957_6,"Gym,Dorms,Cafeteria,CS_Building,Dorms,Math_Building"
U0957_7,"Dorms,Cafeteria,Student_Center,Gym,Dorms,Cafeteria"
U0957_8,"Dorms,CS_Building,Student_Center,Gym,Dorms,Library,Student_Center,Dorms,Library,Gym,Cafeteria,Student_Center"
U0957_9,"CS_Building,Library,Cafeteria,CS_Building,Library,Dorms"
U0958_1,"Dorms,Cafeteria,CS_Building,Library"
U0958_10,"Dorms,Cafeteria,Math_Building,Library"
U0958_11,"Dorms,Cafeteria,Library,Student_Center"
U0958_12,"Cafeteria,CS_Building,Cafeteria,Library,Cafeteria,Library,Gym"
U0958_13,"CS_Building,Dorms,CS_Building"
U0958_2,"Dorms,Math_Building,Dorms,Cafeteria,Math_Building,Dorms"
U0958_3,"Dorms,Math_Building,Dorms,Cafeteria"
U0958_4,"Dorms,CS_Building,Student_Center,Dorms,Library,Dorms,Cafeteria,Library,Gym,Dorms,Cafeteria"
U0958_5,"Dorms,Cafeteria,Math_Building,Library,Student_Center"
U0958_6,"Dorms,Cafeteria,Library,Cafeteria,CS_Building,Dorms,CS_Building,Library,Dorms,Math_Building,Library"
U0958_7,"Dorms,Math_Building,Dorms,Cafeteria,Math_Building"
U0958_8,"Dorms,Cafeteria,Math_Building,Library"
U0958_9,"Dorms,Math_Building,Cafeteria"
U0959_1,"Dorms,Cafeteria,Student_Center"
U0959_10,"Dorms,Math_Building,Library,Dorms"
U0959_2,"Dorms,Cafeteria,Library,Dorms,CS_Building,Library"
U0959_3,"Dorms,CS_Building,Student_Center"
U0959_4,"Dorms,CS_Building,Student_Center,Library"
U0959_5,"Library,Cafeteria,Library,Dorms,Cafeteria,CS_Building"
U0959_6,"CS_Building,Dorms,Math_Building,Student_Center"
U0959_7,"Dorms,CS_Building,Student_Center"
U0959_8,"Dorms,Cafeteria,Library,Cafeteria,CS_Building,Cafeteria"
U0959_9,"Dorms,Cafeteria,Math_Building,Dorms,Math_Building,Student_Center,Library,Dorms"
U0960_1,"Dorms,CS_Building,Library,Gym,Dorms,Math_Building,Dorms,Library,Dorms,Cafeteria,Math_Building,Cafeteria,CS_Building,Dorms,Cafeteria,Dorms,Library,Gym,Dorms,Cafeteria,Library,Gym,Dorms"
U0960_10,"Cafeteria,Library,Dorms,CS_Building"
U0960_11,"Dorms,CS_Building,Cafeteria,CS_Building,Student_Center,Dorms,Math_Building,Cafeteria"
U0960_2,"Dorms,Cafeteria,CS_Building"
U0960_3,"Dorms,Cafeteria,Library"
U0960_4,"Dorms,Math_Building,Dorms,Cafeteria"
U0960_5,"Dorms,Cafeteria,CS_Building,Student_Center"
U0960_6,"Dorms,CS_Building,Library,Student_Center,Dorms"
U0960_7,"Dorms,Cafeteria,CS_Building,Library,Library,Gym,Dorms,Cafeteria,Library,Dorms,Cafeteria,Student_Center,Dorms,Math_Building,Dorms"
U0960_8,"Dorms,Cafeteria,Math_Building"
U0960_9,"Library,Student_Center,Dorms"
U0961_1,"Dorms,Cafeteria,CS_Building,Library,Dorms,Cafeteria,Math_Building,Cafeteria,Dorms,CS_Building,Dorms,Cafeteria,Math_Building,Library"
U0961_10,"Library,Dorms,CS_Building,Cafeteria,CS_Building,Library"
U0961_11,"Library,Dorms,CS_Building"
U0961_12,"Dorms,CS_Building,Cafeteria,CS_Building,Library,Gym"
U0961_13,"Dorms,Cafeteria,Library,Gym,Dorms"
U0961_2,"Dorms,Math_Building,Cafeteria"
U0961_3,"Dorms,Cafeteria,CS_Building"
U0961_4,"Dorms,Math_Building,Library,Cafeteria,Library,Student_Center,Library,Dorms,Cafeteria,Library,Dorms"
U0961_5,"Dorms,Cafeteria,Library,Dorms,Cafeteria,Student_Center,Gym"
U0961_6,"Dorms,Cafeteria,CS_Building"
U0961_7,"Dorms,Cafeteria,CS_Building,Library,Dorms,CS_Building,Library,Cafeteria"
U0961_8,"Dorms,Cafeteria,CS_Building,Library,Dorms,Math_Building"
U0961_9,"Dorms,Cafeteria,Math_Building"
U0962_1,"Dorms,Cafeteria,CS_Building"
U0962_10,"Dorms,CS_Building,Library"
U0962_11,"Math_Building,Dorms,Cafeteria,Student_Center,Library"
U0962_12,"Dorms,Library,Dorms,Cafeteria"
U0962_13,"Dorms,CS_Building,Library,Dorms"
U0962_14,"Library,Student_Center,Gym,Dorms,Cafeteria,CS_Building"
U0962_15,"Dorms,Math_Building,Student_Center,Library,Cafeteria,Dorms,Cafeteria,CS_Building,Library,Cafeteria,Student_Center,Gym"
U0962_16,"Dorms,CS_Building,Cafeteria"
U0962_2,"Dorms,Cafeteria,Library,Gym,Dorms,CS_Building,Cafeteria,CS_Building"
U0962_3,"Dorms,Cafeteria,CS_Building,Student_Center,Library,Cafeteria,CS_Building,Library"
U0962_4,"Dorms,Cafeteria,Math_Building"
U0962_5,"Dorms,CS_Building,Student_Center,Gym,Dorms,Library,Dorms,Math_Building"
U0962_6,"CS_Building,Library,Student_Center,Dorms,Math_Building,Cafeteria"
U0962_7,"Dorms,Library,Student_Center,Library,Cafeteria,Library,Dorms,Library,Dorms,CS_Building,Student_Center,Dorms,CS_Building"
U0962_8,"Math_Building,Student_Center,Gym,Dorms,Cafeteria,CS_Building"
U0962_9,"Dorms,CS_Building,Library,Cafeteria"
U0963_1,"Dorms,Cafeteria,CS_Building,Cafeteria,Math_Building,Dorms,Cafeteria"
U0963_10,"Dorms,Cafeteria,CS_Building,Library"
U0963_11,"Cafeteria,CS_Building,Cafeteria"
U0963_12,"Library,Cafeteria,Math_Building,Library,Dorms,Cafeteria"
U0963_2,"Cafeteria,Math_Building,Library,Cafeteria,CS_Building,Library"
U0963_3,"Dorms,Math_Building,Student_Center,Library"
U0963_4,"Dorms,Cafeteria,CS_Building,Dorms,Cafeteria,CS_Building,Student_Center,Dorms"
U0963_5,"Cafeteria,Library,Gym,Dorms,Cafeteria,CS_Building"
U0963_6,"Dorms,Math_Building,Cafeteria,Student_Center,Library,Cafeteria,CS_Building,Library"
U0963_7,"Math_Building,Cafeteria,CS_Building,Cafeteria,Math_Building,Cafeteria,Student_Center,Library"
U0963_8,"CS_Building,Library,Student_Center,Dorms,Cafeteria,Student_Center,Dorms,Cafeteria"
U0963_9,"Dorms,Cafeteria,Math_Building,Library,Cafeteria"
U0964_1,"Dorms,Cafeteria,Math_Building,Student_Center"
U0964_10,"Dorms,Cafeteria,CS_Building,Library,Cafeteria,CS_Building"
U0964_11,"Dorms,Cafeteria,Math_Building,Cafeteria,Math_Building,Dorms,Library"
U0964_12,"Dorms,Math_Building,Student_Center,Library,Cafeteria,Math_Building,Library,Dorms,Cafeteria,Library,Cafeteria,Library,Student_Center,Dorms,Math_Building"
U0964_2,"Dorms,Library,Gym,Cafeteria,CS_Building,Dorms,Cafeteria"
U0964_3,"Dorms,Cafeteria,Library,Student_Center,Library"
U0964_4,"Library,Cafeteria,Math_Building,Student_Center,Dorms,Math_Building,Library"
U0964_5,"Dorms,Cafeteria,Student_Center,Library"
U0964_6,"Dorms,CS_Building,Library"
U0964_7,"Dorms,Cafeteria,Library,Student_Center,Library,Dorms,CS_Building,Cafeteria,CS_Building,Student_Center,Dorms"
U0964_8,"Student_Center,Gym,Dorms,Cafeteria,Library,Gym,Dorms,Cafeteria"
U0964_9,"Dorms,Cafeteria,Library,Cafeteria,Math_Building,Library,Gym,Cafeteria,CS_Building,Library,Student_Center"
U0965_1,"Dorms,Math_Building,Student_Center,Gym"
U0965_10,"Dorms,Cafeteria,CS_Building,Library,Dorms,Math_Building,Student_Center,Dorms,Student_Center,Gym,Dorms,CS_Building"
U0965_11,"Library,Gym,Cafeteria,Math_Building,Student_Center,Dorms"
U0965_2,"Math_Building,Student_Center,Dorms,CS_Building,Student_Center"
U0965_3,"Dorms,Math_Building,Dorms,Math_Building,Student_Center,Gym,Dorms"
U0965_4,"Dorms,Cafeteria,CS_Building,Library,Dorms,CS_Building,Student_Center,Gym"
U0965_5,"Dorms,Cafeteria,CS_Building,Student_Center"
U0965_6,"Dorms,Cafeteria,CS_Building,Library"
U0965_7,"CS_Building,Library,Dorms,Math_Building,Dorms,CS_Building,Student_Center"
U0965_8,"Dorms,Cafeteria,Math_Building,Dorms"
U0965_9,"Dorms,Math_Building,Dorms,CS_Building,Student_Center,CS_Building,Cafeteria,CS_Building,Library"
U0966_1,"Dorms,Cafeteria,Library,Dorms,Math_Building,Student_Center,Library"
U0966_10,"Dorms,CS_Building,Student_Center,Dorms,Cafeteria,CS_Building"
U0966_11,"Dorms,Library,Dorms,Cafeteria"
U0966_2,"Dorms,Cafeteria,CS_Building,Student_Center,Gym,Dorms"
U0966_3,"Dorms,Library,Cafeteria,Math_Building,Student_Center,Dorms"
U0966_4,"Dorms,Cafeteria,Library,Dorms,Cafeteria"
U0966_5,"CS_Building,Library,Gym,Cafeteria"
U0966_6,"Dorms,CS_Building,Library,Dorms,Math_Building,Cafeteria,Library,Cafeteria"
U0966_7,"Dorms,Math_Building,Cafeteria,Math_Building,Dorms,Library,Cafeteria,CS_Building,Cafeteria,CS_Building,Cafeteria,CS_Building"
U0966_8,"Dorms,Cafeteria,CS_Building,Library,Dorms,Cafeteria,CS_Building"
U0966_9,"Dorms,Cafeteria,Student_Center"
U0967_1,"Dorms,Library,Cafeteria,Math_Building,Library"
U0967_10,"Dorms,Cafeteria,CS_Building,Student_Center"
U0967_11,"Dorms,Cafeteria,Math_Building,Library,Student_Center,Library"
U0967_2,"Dorms,Cafeteria,Student_Center,Gym,Dorms,Cafeteria,Math_Building,Library"
U0967_3,"Dorms,Math_Building,Student_Center,Gym,Dorms,CS_Building,Cafeteria,CS_Building"
U0967_4,"Library,Gym,Dorms"
U0967_5,"Gym,Dorms,Math_Building,Dorms"
U0967_6,"Dorms,Library,Gym,Dorms,Cafeteria"
U0967_7,"Student_Center,Dorms,Cafeteria,Library,Dorms,Library,Dorms"
U0967_8,"Dorms,Cafeteria,Math_Building,Student_Center,Dorms"
U0967_9,"Math_Building,Student_Center,Gym,Dorms"
U0968_1,"Dorms,Cafeteria,Library,Gym"
U0968_10,"Dorms,Math_Building,Student_Center"
U0968_11,"Dorms,Cafeteria,Library,Dorms,Math_Building,Dorms,Math_Building,Student_Center,Dorms,CS_Building,Student_Center,Gym,Dorms"
U0968_12,"Dorms,Cafeteria,CS_Building,Student_Center"
U0968_2,"Dorms,Cafeteria,CS_Building,Cafeteria,Math_Building,Dorms,Math_Building,Student_Center"
U0968_3,"Dorms,CS_Building,Library,Gym,Dorms"
U0968_4,"Dorms,Cafeteria,CS_Building,Library,Dorms"
U0968_5,"Gym,Dorms,Cafeteria,CS_Building,Student_Center,Gym"
U0968_6,"Dorms,Math_Building,Dorms,Cafeteria"
U0968_7,"Dorms,Cafeteria,Student_Center,Dorms,Cafeteria,Student_Center"
U0968_8,"Dorms,Cafeteria,CS_Building,Cafeteria,CS_Building"
U0968_9,"Dorms,Library,Cafeteria,CS_Building,Library,Math_Building,Student_Center,Gym,Dorms,Cafeteria,CS_Building,Library"
U0969_1,"Dorms,Cafeteria,Math_Building,Student_Center,Gym,Cafeteria,CS_Building"
U0969_10,"Dorms,Cafeteria,CS_Building,Dorms,Cafeteria,Math_Building"
U0969_11,"Dorms,Library,Dorms,Math_Building,Cafeteria"
U0969_12,"Cafeteria,CS_Building,Library,Dorms,Cafeteria,Math_Building,Student_Center"
U0969_13,"Dorms,Math_Building,Library,Dorms,CS_Building,Library,Cafeteria,CS_Building"
U0969_2,"Student_Center,Gym,Dorms,Cafeteria,Student_Center"
U0969_3,"Dorms,Cafeteria,Library,Cafeteria,CS_Building,Library,Dorms"
U0969_4,"Dorms,Cafeteria,CS_Building,Library,Gym,Dorms"
U0969_5,"Dorms,CS_Building,Cafeteria,Math_Building,Library,Student_Center"
U0969_6,"Dorms,Cafeteria,Library,Cafeteria,Library,Cafeteria,Library,Gym,Dorms"
U0969_7,"Dorms,CS_Building,Library"
U0969_8,"Dorms,Math_Building,Student_Center,Gym"
U0969_9,"Dorms,Cafeteria,CS_Building,Dorms,Math_Building,Dorms"
U0970_1,"Dorms,Cafeteria,Math_Building,Cafeteria,Student_Center,Gym,Dorms,Cafeteria,Dorms,Cafeteria,CS_Building,Library"
U0970_10,"Dorms,Cafeteria,CS_Building,Library,Cafeteria,CS_Building,Library,Cafeteria"
U0970_2,"Dorms,Cafeteria,Library,Dorms,Cafeteria,Math_Building,Student_Center,Dorms,CS_Building,Library"
U0970_3,"Dorms,Cafeteria,Math_Building,Cafeteria"
U0970_4,"Dorms,Cafeteria,Math_Building"
U0970_5,"Dorms,Library,Cafeteria,CS_Building,Library,Cafeteria,Library,Dorms"
U0970_6,"Dorms,Math_Building,Library,Student_Center,Gym,Dorms"
U0970_7,"Dorms,Math_Building,Student_Center,Gym,Cafeteria,Library,Dorms,Cafeteria,Math_Building,Cafeteria,CS_Building,Cafeteria,Library,Dorms"
U0970_8,"Dorms,CS_Building,Library,Cafeteria,Library,Dorms,CS_Building"
U0970_9,"Dorms,Cafeteria,CS_Building"
U0971_1,"Dorms,CS_Building,Library,Dorms,Math_Building,Student_Center,Gym"
U0971_10,"Dorms,CS_Building,Library,Cafeteria,Math_Building"
U0971_11,"Dorms,Library,Cafeteria,Library,Cafeteria,CS_Building,Library,Dorms"
U0971_2,"Dorms,Cafeteria,Math_Building,Dorms,CS_Building,Library"
U0971_3,"Library,Dorms,CS_Building,Library,Dorms,Math_Building,Library"
U0971_4,"Dorms,Math_Building,Dorms,Cafeteria"
U0971_5,"Dorms,Library,Cafeteria,Math_Building,Library,Gym"
U0971_6,"Gym,Dorms,CS_Building,Library,Dorms"
U0971_7,"Cafeteria,Math_Building,Dorms,CS_Building,Library,Cafeteria,Library,Gym"
U0971_8,"Dorms,Cafeteria,CS_Building,Student_Center,Dorms"
U0971_9,"Dorms,Math_Building,Student_Center,Dorms,CS_Building,Library,Cafeteria,CS_Building"
U0972_1,"Dorms,Cafeteria,Student_Center,Dorms,Cafeteria,Math_Building,Dorms,Library"
U0972_10,"Dorms,Cafeteria,Math_Building"
U0972_11,"Dorms,Cafeteria,CS_Building,Student_Center,Library,Dorms,Dorms,Math_Building,Cafeteria,Math_Building,Cafeteria,CS_Building"
U0972_12,"Dorms,Cafeteria,CS_Building,Student_Center,Dorms"
U0972_13,"Dorms,Cafeteria,Math_Building,Dorms,CS_Building,Student_Center,Gym,Cafeteria"
U0972_14,"Dorms,Cafeteria,CS_Building,Library,Dorms"
U0972_15,"Dorms,Math_Building,Cafeteria,CS_Building"
U0972_2,"Dorms,Cafeteria,Math_Building,Cafeteria,Math_Building,Library,Cafeteria"
U0972_3,"Dorms,Math_Building,Student_Center"
U0972_4,"Dorms,Cafeteria,Library,Cafeteria,Library,Gym,Dorms,Cafeteria"
U0972_5,"Dorms,Math_Building,Library,Cafeteria"
U0972_6,"Dorms,CS_Building,Cafeteria,Library,Dorms,Math_Building"
U0972_7,"Dorms,CS_Building,Library,Student_Center,Gym"
U0972_8,"Dorms,Cafeteria,Library,Cafeteria"
U0972_9,"Student_Center,Library,Cafeteria,Library,Gym,Cafeteria"
U0973_1,"Dorms,CS_Building,Cafeteria,Library,Cafeteria,Library,Gym,Dorms,Math_Building,Library,Cafeteria"
U0973_10,"Dorms,CS_Building,Library,Dorms,Math_Building,Student_Center,Library"
U0973_11,"Gym,Dorms,Cafeteria,Math_Building,Library,Cafeteria,CS_Building"
U0973_12,"Cafeteria,Library,Dorms,Math_Building,Library,Dorms"
U0973_2,"Dorms,CS_Building,Student_Center,Gym"
U0973_3,"Student_Center,Library,Dorms,Math_Building,Library,Cafeteria"
U0973_4,"CS_Building,Student_Center,Gym,Dorms"
U0973_5,"Dorms,CS_Building,Dorms,Cafeteria,CS_Building"
U0973_6,"Student_Center,Dorms,Math_Building,Dorms,Math_Building,Library,Gym,Dorms"
U0973_7,"Dorms,CS_Building,Cafeteria,CS_Building"
U0973_8,"Dorms,Cafeteria,Library,Cafeteria,Math_Building"
U0973_9,"Dorms,CS_Building,Library,Dorms,CS_Building"
U0974_1,"Dorms,Math_Building,Cafeteria,Math_Building,Student_Center,Gym,Cafeteria,Math_Building"
U0974_10,"Dorms,Cafeteria,CS_Building,Library,Student_Center"
U0974_11,"Dorms,CS_Building,Student_Center,Gym,Dorms,Cafeteria,Library,Dorms"
U0974_12,"Gym,Dorms,Math_Building,Library,Cafeteria,CS_Building,Library"
U0974_2,"Math_Building,Library,Gym,Dorms,CS_Building,Student_Center,Gym"
U0974_3,"Dorms,Cafeteria,CS_Building,Cafeteria"
U0974_4,"Dorms,Math_Building,Library,Gym,Cafeteria,Math_Building,Student_Center"
U0974_5,"Dorms,Library,Dorms"
U0974_6,"Dorms,CS_Building,Student_Center,Gym"
U0974_7,"Library,Student_Center,Gym,Dorms,Cafeteria,Math_Building,Library"
U0974_8,"Gym,Dorms,Cafeteria"
U0974_9,"Dorms,Cafeteria,Student_Center,Dorms,Cafeteria,Student_Center,Dorms"
U0975_1,"Dorms,Math_Building,Library,Gym,Dorms,Cafeteria,CS_Building,Student_Center"
U0975_10,"Dorms,Cafeteria,CS_Building"
U0975_11,"Dorms,Cafeteria,Math_Building"
U0975_12,"Dorms,Cafeteria,Student_Center,Gym,Cafeteria"
U0975_2,"Dorms,Cafeteria,Math_Building,Dorms,Cafeteria,CS_Building,Student_Center"
U0975_3,"Math_Building,Dorms,Cafeteria,CS_Building"
U0975_4,"Dorms,Cafeteria,Student_Center,Gym,Dorms,Cafeteria,Math_Building,Library,Dorms,Cafeteria,Library,Student_Center"
U0975_5,"Dorms,Cafeteria,Library,Student_Center,Library,Cafeteria"
U0975_6,"Dorms,Cafeteria,Math_Building,Dorms,CS_Building,Library"
U0975_7,"Dorms,Cafeteria,CS_Building,Cafeteria,CS_Building,Library,Dorms"
U0975_8,"Dorms,Math_Building,Student_Center,Library,Dorms,Dorms,Cafeteria,CS_Building,Library,Dorms"
U0975_9,"Dorms,CS_Building,Cafeteria,Math_Building,Library,Cafeteria"
U0976_1,"Dorms,Cafeteria,CS_Building,Library,Cafeteria,CS_Building,Student_Center,Dorms"
U0976_10,"Dorms,CS_Building,Student_Center"
U0976_11,"Student_Center,Library,Dorms,Cafeteria,Library,Cafeteria,Math_Building"
U0976_12,"Dorms,Library,Gym,Dorms,Math_Building"
U0976_13,"Dorms,Cafeteria,Student_Center,Library,Dorms"
U0976_14,"Dorms,Cafeteria,CS_Building,Library,Gym,Dorms"
U0976_2,"Dorms,CS_Building,Library,Dorms,Cafeteria,Library,Cafeteria,Math_Building"
U0976_3,"Dorms,Cafeteria,CS_Building,Library,Gym,Dorms,Math_Building,Library,Dorms,Cafeteria,CS_Building"
U0976_4,"Dorms,CS_Building,Student_Center,Library"
U0976_5,"Library,Cafeteria,Student_Center,Gym"
U0976_6,"Dorms,CS_Building,Cafeteria,Math_Building"
U0976_7,"Dorms,Math_Building,Student_Center,Dorms,Library,Dorms,CS_Building"
U0976_8,"Dorms,Cafeteria,Library,Dorms,Math_Building,Student_Center,Gym"
U0976_9,"Dorms,Cafeteria,CS_Building,Cafeteria,CS_Building"
U0977_1,"Dorms,Cafeteria,Library,Dorms"
U0977_10,"Dorms,Cafeteria,Math_Building,Cafeteria,CS_Building,Library,Gym,Dorms"
U0977_11,"Dorms,CS_Building,Student_Center"
U0977_12,"Dorms,CS_Building,Library,Gym,Dorms,Cafeteria"
U0977_13,"Cafeteria,CS_Building,Dorms,CS_Building"
U0977_14,"Math_Building,Student_Center,Gym,Dorms,CS_Building"
U0977_15,"Dorms,Library,Cafeteria,CS_Building,Student_Center,Dorms,CS_Building,Library,Dorms,Cafeteria,CS_Building"
U0977_2,"Dorms,Cafeteria,Math_Building,Library,Gym"
U0977_3,"CS_Building,Library,Student_Center,Dorms,Cafeteria,CS_Building,Cafeteria,Library"
U0977_4,"Student_Center,Library,Cafeteria"
U0977_5,"Dorms,Math_Building,Dorms,Library,Gym,Dorms"
U0977_6,"Cafeteria,Library,Cafeteria,CS_Building,Student_Center"
U0977_7,"Dorms,Cafeteria,CS_Building,Student_Center,Dorms,Cafeteria"
U0977_8,"Gym,Cafeteria,CS_Building,Student_Center"
U0977_9,"Dorms,CS_Building,Library,Gym,Dorms,Cafeteria"
U0978_1,"Dorms,Math_Building,Cafeteria,Math_Building,Library,Dorms,Math_Building,Library"
U0978_10,"CS_Building,Library,Dorms,Cafeteria,Math_Building,Dorms"
U0978_11,"Library,Cafeteria,Library,Cafeteria,CS_Building,Cafeteria"
U0978_2,"CS_Building,Dorms,Math_Building,Student_Center,Dorms,CS_Building"
U0978_3,"Dorms,CS_Building,Cafeteria,CS_Building,Student_Center,Library,Cafeteria,CS_Building"
U0978_4,"CS_Building,Library,Cafeteria,Math_Building,Student_Center,Dorms,Library"
U0978_5,"CS_Building,Student_Center,Dorms"
U0978_6,"Dorms,CS_Building,Library,Cafeteria,CS_Building,Student_Center,Dorms,Cafeteria,Library,Cafeteria"
U0978_7,"Dorms,Cafeteria,Student_Center,Dorms,Cafeteria"
U0978_8,"Dorms,Library,Gym,Dorms"
U0978_9,"Gym,Dorms,Cafeteria,Library,Gym,Cafeteria"
U0979_1,"Dorms,Cafeteria,CS_Building,Cafeteria,CS_Building,Student_Center,Dorms,CS_Building,Dorms,Math_Building,Cafeteria,CS_Building,Dorms"
U0979_10,"Dorms,Cafeteria,CS_Building,Library,Gym,Dorms,Cafeteria,CS_Building"
U0979_2,"Dorms,Cafeteria,CS_Building"
U0979_3,"Dorms,CS_Building,Library,Gym,Dorms,Cafeteria"
U0979_4,"Dorms,Math_Building,Dorms,Cafeteria"
U0979_5,"Cafeteria,CS_Building,Student_Center,Gym"
U0979_6,"Dorms,CS_Building,Library,Gym,Dorms,CS_Building,Library,Dorms"
U0979_7,"Dorms,Math_Building,Library"
U0979_8,"Student_Center,Library,Dorms,Math_Building,Dorms,Cafeteria,Library"
U0979_9,"Cafeteria,Math_Building,Cafeteria,CS_Building,Library,Student_Center,Dorms,Dorms,Math_Building,Student_Center,Library,Dorms,Cafeteria"
U0980_1,"Dorms,Cafeteria,Library,Gym"
U0980_10,"Dorms,CS_Building,Library,Cafeteria,Library"
U0980_11,"Dorms,Math_Building,Student_Center,Dorms,Library,Dorms,Cafeteria"
U0980_12,"Dorms,Library,Dorms,CS_Building,Library,Student_Center"
U0980_13,"Dorms,Library,Cafeteria,Student_Center,Library"
U0980_14,"Dorms,Cafeteria,CS_Building,Student_Center,Dorms,CS_Building,Cafeteria,CS_Building"
U0980_2,"Dorms,CS_Building,Student_Center"
U0980_3,"Dorms,Math_Building,Dorms,CS_Building,Cafeteria,Library"
U0980_4,"Dorms,CS_Building,Student_Center,Dorms,CS_Building,Student_Center,Dorms"
U0980_5,"Cafeteria,CS_Building,Cafeteria,CS_Building,Student_Center,Dorms,Cafeteria,Library"
U0980_6,"Dorms,CS_Building,Cafeteria,Library,Cafeteria,Math_Building,Cafeteria,Math_Building"
U0980_7,"Dorms,CS_Building,Library,Dorms,CS_Building,Student_Center,Dorms"
U0980_8,"CS_Building,Cafeteria,Math_Building,Library,Cafeteria,Dorms,Cafeteria,Student_Center,Gym,Dorms,Math_Building,Student_Center"
U0980_9,"Dorms,Math_Building,Library,Gym,Cafeteria,Library,Gym,Cafeteria"
U0981_1,"Dorms,Cafeteria,Library,Cafeteria"
U0981_10,"Dorms,Cafeteria,CS_Building"
U0981_11,"Dorms,Cafeteria,Library,Student_Center,Gym"
U0981_12,"CS_Building,Cafeteria,CS_Building,Library,Gym,Dorms"
U0981_13,"CS_Building,Dorms,Cafeteria"
U0981_14,"CS_Building,Student_Center,Library,Cafeteria,Math_Building,Library,Dorms,Cafeteria"
U0981_15,"Dorms,Cafeteria,Math_Building,Dorms,Cafeteria,Library,Dorms,Math_Building"
U0981_2,"Dorms,Math_Building,Student_Center,Dorms,CS_Building,Cafeteria"
U0981_3,"Dorms,Cafeteria,Math_Building,Dorms,CS_Building,Library"
U0981_4,"Dorms,Cafeteria,CS_Building,Library,Dorms"
U0981_5,"Dorms,Math_Building,Student_Center,Dorms,Cafeteria,Library,Cafeteria,Math_Building,Library,Cafeteria,CS_Building"
U0981_6,"Dorms,Cafeteria,CS_Building,Library,Dorms,Library,Cafeteria,Library,Dorms,CS_Building"
U0981_7,"Dorms,Cafeteria,CS_Building,Library,Cafeteria"
U0981_8,"Library,Dorms,CS_Building"
U0981_9,"Dorms,Cafeteria,Math_Building,Library"
U0982_1,"Dorms,Cafeteria,Student_Center,Math_Building,Library,Student_Center,Dorms,CS_Building"
U0982_10,"Dorms,Cafeteria,Math_Building"
U0982_11,"Dorms,Cafeteria,Student_Center,Gym,Dorms,Cafeteria"
U0982_12,"Dorms,Cafeteria,Library"
U0982_2,"Cafeteria,Library,Cafeteria,CS_Building,Cafeteria,Math_Building,Cafeteria"
U0982_3,"Dorms,Math_Building,Library,Cafeteria,Student_Center,Dorms,Library,Student_Center"
U0982_4,"Gym,Dorms,Cafeteria,Math_Building,Cafeteria,Library"
U0982_5,"Dorms,CS_Building,Student_Center,Library,Gym,Dorms"
U0982_6,"Student_Center,Dorms,Cafeteria,CS_Building,Student_Center"
U0982_7,"Dorms,Cafeteria,CS_Building,Library"
U0982_8,"Dorms,Library,Cafeteria,Library,Dorms,CS_Building,Student_Center,Gym"
U0982_9,"Dorms,Cafeteria,Library"
U0983_1,"Dorms,CS_Building,Student_Center,Library,Cafeteria,Math_Building,Student_Center,Gym"
U0983_10,"Dorms,CS_Building,Cafeteria"
U0983_11,"Math_Building,Library,Student_Center,Gym,Cafeteria,Math_Building,Student_Center,Library,Dorms,Library,Dorms,Cafeteria,Math_Building"
U0983_12,"Cafeteria,Student_Center,Library,Student_Center"
U0983_13,"Math_Building,Student_Center,Dorms,CS_Building,Dorms,CS_Building,Library,Cafeteria"
U0983_2,"Dorms,CS_Building,Student_Center,Dorms,Cafeteria,Library"
U0983_3,"Dorms,Math_Building,Dorms,Cafeteria,CS_Building,Library"
U0983_4,"Dorms,Math_Building,Library,Gym,Dorms"
U0983_5,"Dorms,CS_Building,Student_Center,Gym,Dorms,Library,Dorms"
U0983_6,"Dorms,Cafeteria,Library,Dorms,CS_Building,Library"
U0983_7,"Dorms,Library,Dorms,Cafeteria,Library,Dorms,Cafeteria"
U0983_8,"Dorms,CS_Building,Student_Center,Gym"
U0983_9,"Dorms,Cafeteria,Library,Gym,Dorms,Cafeteria"
U0984_1,"Dorms,Math_Building,Cafeteria,Library"
U0984_2,"Dorms,Cafeteria,CS_Building,Student_Center,Library,Cafeteria"
U0984_3,"Dorms,CS_Building,Student_Center,Gym,Dorms,Cafeteria"
U0984_4,"Dorms,Cafeteria,Math_Building,Student_Center,Dorms,Cafeteria,CS_Building,Cafeteria,CS_Building"
U0984_5,"Dorms,Math_Building,Library,Cafeteria,CS_Building,Cafeteria,Math_Building"
U0984_6,"Math_Building,Library,Gym,Dorms"
U0984_7,"Dorms,Cafeteria,Math_Building,Student_Center,Dorms,Cafeteria"
U0984_8,"Dorms,Math_Building,Dorms,CS_Building,Library,Student_Center,Dorms,Cafeteria,Student_Center,Dorms,CS_Building,Library,Gym,Cafeteria"
U0984_9,"Dorms,Cafeteria,Library,Dorms,Math_Building,Student_Center,Library,Dorms,Math_Building,Dorms,Cafeteria,Math_Building,Library,Cafeteria"
U0985_1,"Dorms,Math_Building,Dorms,CS_Building,Cafeteria,Math_Building,Dorms"
U0985_10,"Dorms,CS_Building,Student_Center,Library,Cafeteria"
U0985_11,"Dorms,Cafeteria,CS_Building,Library,Cafeteria,CS_Building,Student_Center"
U0985_12,"Dorms,Cafeteria,CS_Building,Library,Cafeteria,Library,Dorms,Cafeteria"
U0985_13,"Dorms,Library,Cafeteria,Student_Center,Dorms,Math_Building,Student_Center,Dorms,Cafeteria,Library,Dorms,CS_Building"
U0985_14,"Student_Center,Dorms,Math_Building,Library,Cafeteria"
U0985_15,"Dorms,Cafeteria,Student_Center,Dorms,CS_Building"
U0985_16,"Dorms,CS_Building,Student_Center,Dorms,Library"
U0985_2,"Dorms,Cafeteria,Math_Building,Library,Cafeteria,Student_Center,Dorms,Dorms,Cafeteria,Math_Building,Library"
U0985_3,"Dorms,Library,Gym,Dorms,Cafeteria"
U0985_4,"Dorms,Math_Building,Dorms,Cafeteria,Math_Building,Student_Center"
U0985_5,"Math_Building,Dorms,Math_Building,Dorms,Cafeteria"
U0985_6,"Dorms,Math_Building,Student_Center"
U0985_7,"Dorms,CS_Building,Student_Center,Dorms,CS_Building,Library,Student_Center,Library"
U0985_8,"Dorms,Library,Cafeteria,CS_Building,Cafeteria,Library,Math_Building,Dorms,Cafeteria,Math_Building,Dorms,Cafeteria"
U0985_9,"Dorms,Cafeteria,CS_Building,Library"
U0986_1,"Dorms,Cafeteria,CS_Building,Cafeteria"
U0986_2,"Dorms,Cafeteria,CS_Building,Student_Center,Library,Dorms"
U0986_3,"Dorms,Cafeteria,CS_Building"
U0986_4,"Dorms,Cafeteria,CS_Building,Library,Cafeteria,CS_Building,Library,Cafeteria,CS_Building,Library,Gym,Dorms"
U0986_5,"Dorms,Cafeteria,Library,Gym,Dorms,Math_Building,Library,Dorms"
U0986_6,"Dorms,Library,Cafeteria,Student_Center,Dorms,Library,Gym,Cafeteria,CS_Building"
U0986_7,"Dorms,Math_Building,Student_Center,Dorms,Cafeteria,Dorms,Cafeteria,Math_Building,Library,Dorms,CS_Building,Student_Center,Dorms"
U0986_8,"Dorms,Cafeteria,CS_Building,Library"
U0986_9,"Dorms,Cafeteria,CS_Building,Cafeteria,CS_Building,Library"
U0987_1,"Dorms,Cafeteria,CS_Building,Student_Center,Library,Dorms,Math_Building,Dorms"
U0987_10,"Dorms,Cafeteria,Library,Dorms,Library,Dorms"
U0987_11,"Dorms,Cafeteria,CS_Building,Dorms,Cafeteria,Math_Building,Student_Center"
U0987_12,"CS_Building,Library,Dorms,CS_Building,Library"
U0987_13,"Dorms,Math_Building,Student_Center,Library"
U0987_2,"Dorms,Library,Dorms,CS_Building"
U0987_3,"Dorms,Library,Student_Center,Gym,Dorms,Cafeteria,Dorms,Math_Building,Library,Cafeteria,CS_Building,Cafeteria,Math_Building,Student_Center"
U0987_4,"Dorms,CS_Building,Cafeteria"
U0987_5,"Dorms,Math_Building,Dorms"
U0987_6,"Dorms,Cafeteria,CS_Building,Cafeteria"
U0987_7,"Dorms,Cafeteria,CS_Building,Cafeteria,Math_Building"
U0987_8,"Dorms,CS_Building,Library,Dorms,CS_Building,Student_Center"
U0987_9,"Dorms,Cafeteria,Math_Building"
U0988_1,"Dorms,Cafeteria,CS_Building,Student_Center,Gym,Dorms,Math_Building,Student_Center,Dorms,Library,Cafeteria,CS_Building,Student_Center,Gym,Dorms"
U0988_10,"Dorms,CS_Building,Student_Center"
U0988_11,"Dorms,Cafeteria,Student_Center"
U0988_12,"Library,Cafeteria,CS_Building,Library"
U0988_13,"Dorms,Cafeteria,CS_Building,Student_Center,Gym,Dorms"
U0988_2,"Dorms,CS_Building,Library,Dorms,Cafeteria,CS_Building,Library,Cafeteria"
U0988_3,"Library,Dorms,Cafeteria,CS_Building,Library,Student_Center,Library,Dorms"
U0988_4,"Dorms,CS_Building,Library,Dorms,Math_Building,Student_Center,Gym,Dorms,Math_Building,Cafeteria,Math_Building,Student_Center,Dorms,CS_Building"
U0988_5,"Dorms,Cafeteria,CS_Building,Student_Center,Gym,Dorms"
U0988_6,"Dorms,Library,Cafeteria,CS_Building,Student_Center,Dorms,CS_Building,Library"
U0988_7,"Dorms,Cafeteria,Library,Gym"
U0988_8,"Dorms,Cafeteria,Math_Building,Cafeteria,Student_Center,Library,Student_Center,Dorms"
U0988_9,"Dorms,Cafeteria,CS_Building"
U0989_1,"Dorms,Math_Building,Library,Gym,Dorms,Math_Building,Dorms,Math_Building,Student_Center,Library"
U0989_10,"Dorms,Cafeteria,CS_Building"
U0989_2,"Student_Center,Dorms,Math_Building,Library,Dorms,Cafeteria,Math_Building"
U0989_3,"Dorms,Cafeteria,Library,Cafeteria,Student_Center,Dorms,CS_Building,Library,Dorms,Cafeteria,Math_Building,Dorms,Math_Building"
U0989_4,"CS_Building,Library,Student_Center,Dorms,Math_Building"
U0989_5,"Dorms,Library,Cafeteria,CS_Building,Student_Center,Library,Dorms,CS_Building"
U0989_6,"Dorms,Math_Building,Dorms,Cafeteria,CS_Building,Student_Center,Gym"
U0989_7,"Dorms,Cafeteria,Student_Center,Dorms,Cafeteria,Library,Gym,Cafeteria,CS_Building,Student_Center,Gym"
U0989_8,"Dorms,CS_Building,Student_Center,Library"
U0989_9,"Dorms,Cafeteria,CS_Building,Dorms,Cafeteria,Library,Student_Center,Dorms"
U0990_1,"Dorms,CS_Building,Library,Dorms,CS_Building,Student_Center,Gym"
U0990_10,"Cafeteria,Student_Center,Gym,Dorms,CS_Building,Student_Center,Gym,Cafeteria,Student_Center,Gym,Cafeteria,Math_Building,Student_Center"
U0990_11,"Dorms,Library,Dorms,Cafeteria"
U0990_12,"Dorms,Cafeteria,Student_Center,Dorms,Math_Building,Student_Center,Dorms"
U0990_2,"Dorms,Math_Building,Library"
U0990_3,"Dorms,Cafeteria,Math_Building"
U0990_4,"Dorms,Cafeteria,CS_Building,Library,Dorms"
U0990_5,"Dorms,Cafeteria,Math_Building,Student_Center"
U0990_6,"Dorms,Math_Building,Library"
U0990_7,"Dorms,Cafeteria,Library,Cafeteria,Library,Dorms,Cafeteria,CS_Building"
U0990_8,"Gym,Cafeteria,CS_Building,Dorms"
U0990_9,"Dorms,Cafeteria,CS_Building"
U0991_1,"Dorms,Cafeteria,Student_Center,Dorms,Math_Building,Student_Center"
U0991_10,"Dorms,Library,Gym,Dorms,CS_Building,Cafeteria,Cafeteria,Math_Building,Library,Dorms,Math_Building,Cafeteria"
U0991_11,"Dorms,Math_Building,Student_Center,Dorms,Cafeteria,Math_Building"
U0991_12,"Dorms,Cafeteria,CS_Building,Student_Center,Gym,Dorms"
U0991_13,"Student_Center,Dorms,Cafeteria"
U0991_2,"Dorms,Cafeteria,CS_Building,Cafeteria,Library,Cafeteria,Library,Dorms"
U0991_3,"Dorms,Math_Building,Cafeteria,Math_Building,Library,Dorms,Dorms,Cafeteria,CS_Building,Student_Center,Library"
U0991_4,"Library,Dorms,Cafeteria,Student_Center,Gym,Dorms,Cafeteria,Student_Center"
U0991_5,"Dorms,Cafeteria,CS_Building,Student_Center,Dorms,CS_Building,Dorms,Math_Building"
U0991_6,"Dorms,Cafeteria,Student_Center,Dorms"
U0991_7,"Dorms,Cafeteria,Math_Building"
U0991_8,"Dorms,Cafeteria,Math_Building,Student_Center,Library,Cafeteria"
U0991_9,"Dorms,Library,Cafeteria,Library,Dorms,Cafeteria,CS_Building,Student_Center,Library,Gym"
U0992_1,"Student_Center,Library,Dorms,Library,Cafeteria"
U0992_10,"Dorms,Math_Building,Dorms,Math_Building,Dorms"
U0992_11,"Library,Dorms,CS_Building,Student_Center"
U0992_2,"Dorms,CS_Building,Student_Center,Dorms,Math_Building,Library,Dorms"
U0992_3,"Dorms,CS_Building,Student_Center,Dorms"
U0992_4,"Dorms,CS_Building,Student_Center,Library"
U0992_5,"Library,Dorms,CS_Building,Student_Center"
U0992_6,"Dorms,Math_Building,Cafeteria,CS_Building,Student_Center,Dorms,Cafeteria"
U0992_7,"Cafeteria,CS_Building,Student_Center,Gym,Dorms"
U0992_8,"Student_Center,Library,Dorms,Library,Dorms"
U0992_9,"Dorms,Library,Dorms"
U0993_1,"Gym,Dorms,CS_Building,Dorms,Cafeteria,CS_Building,Student_Center,Dorms"
U0993_10,"Dorms,Library,Cafeteria,Dorms,Cafeteria,CS_Building,Library,Dorms,Math_Building,Dorms,Cafeteria,Dorms,Cafeteria,Student_Center,Dorms"
U0993_11,"Dorms,Cafeteria,CS_Building"
U0993_12,"Cafeteria,CS_Building,Student_Center,Dorms,Library,Cafeteria,Library,Dorms,Dorms,Cafeteria,Math_Building,Student_Center"
U0993_2,"Dorms,Cafeteria,CS_Building,Library"
U0993_3,"Dorms,Math_Building,Cafeteria,Library,Cafeteria,CS_Building,Library,Cafeteria,Dorms,Cafeteria,CS_Building"
U0993_4,"Dorms,Math_Building,Library,Dorms,Dorms,Cafeteria,CS_Building,Cafeteria,CS_Building,Student_Center,Gym"
U0993_5,"Dorms,Cafeteria,Library,Dorms,Cafeteria,Math_Building,Library,Gym"
U0993_6,"Dorms,Cafeteria,Math_Building,Cafeteria"
U0993_7,"Dorms,Cafeteria,Library,Dorms,CS_Building,Dorms,Cafeteria"
U0993_8,"Dorms,CS_Building,Library,Gym,Dorms,CS_Building"
U0993_9,"Dorms,CS_Building,Student_Center,Dorms,Cafeteria,CS_Building,Cafeteria,Library"
U0994_1,"Dorms,CS_Building,Student_Center,Library,Cafeteria,Library,Cafeteria"
U0994_10,"Dorms,Math_Building,Student_Center,Library"
U0994_11,"Dorms,Cafeteria,CS_Building"
U0994_12,"Dorms,Cafeteria,CS_Building,Dorms"
U0994_2,"Dorms,Cafeteria,CS_Building,Student_Center,Library,Cafeteria,CS_Building,Library"
U0994_3,"Gym,Dorms,CS_Building,Cafeteria,CS_Building,Library,Gym,Dorms,Dorms,Math_Building,Cafeteria,Math_Building,Student_Center,Library,Dorms,Cafeteria"
U0994_4,"Library,Student_Center,Dorms,CS_Building,Cafeteria"
U0994_5,"Dorms,Cafeteria,Math_Building,Library"
U0994_6,"Dorms,Math_Building,Cafeteria,Library,Dorms,Cafeteria,CS_Building"
U0994_7,"Dorms,Math_Building,Student_Center,Gym,Dorms,Cafeteria,CS_Building"
U0994_8,"Dorms,Math_Building,Cafeteria"
U0994_9,"Dorms,Cafeteria,Math_Building,Dorms,Cafeteria,CS_Building,Student_Center,Library"
U0995_1,"Dorms,Cafeteria,Math_Building,Student_Center,Dorms"
U0995_2,"Dorms,Cafeteria,Math_Building,Dorms"
U0995_3,"Dorms,Math_Building,Cafeteria,CS_Building,Student_Center,Library,Cafeteria,Math_Building"
U0995_4,"Dorms,CS_Building,Library,Dorms,Math_Building,Dorms,CS_Building,Student_Center"
U0995_5,"Dorms,Math_Building,Student_Center"
U0995_6,"Dorms,CS_Building,Cafeteria,Math_Building,Cafeteria,CS_Building,Cafeteria,CS_Building"
U0995_7,"Math_Building,Dorms,Cafeteria,Library"
U0995_8,"Dorms,Cafeteria,Library,Cafeteria"
U0995_9,"Dorms,Math_Building,Student_Center,Gym,Cafeteria,Math_Building,Library,Dorms,Cafeteria,Math_Building,Cafeteria,Library,Dorms,Cafeteria"
U0996_1,"Dorms,Math_Building,Library,Dorms,Library,Cafeteria,CS_Building,Student_Center,Dorms,CS_Building"
U0996_10,"Dorms,Math_Building,Library,Cafeteria,CS_Building,Library"
U0996_11,"Dorms,Cafeteria,CS_Building,Student_Center"
U0996_12,"Library,Cafeteria,CS_Building,Cafeteria"
U0996_2,"Cafeteria,Math_Building,Dorms"
U0996_3,"Dorms,Cafeteria,Library,Dorms,Dorms,Library,Cafeteria,Math_Building,Library,Cafeteria,Math_Building"
U0996_4,"Library,Gym,Dorms,Cafeteria"
U0996_5,"Dorms,Cafeteria,CS_Building,Library,Dorms,Cafeteria"
U0996_6,"Library,Gym,Dorms,CS_Building,Library,Gym"
U0996_7,"Dorms,Cafeteria,Student_Center"
U0996_8,"Dorms,Library,Dorms,Library,Cafeteria,CS_Building,Library"
U0996_9,"Dorms,Cafeteria,CS_Building,Student_Center"
U0997_1,"Dorms,Cafeteria,Student_Center,Dorms,CS_Building,Student_Center"
U0997_10,"Dorms,Library,Dorms,Cafeteria,Library,Cafeteria,Math_Building"
U0997_11,"Student_Center,Dorms,Cafeteria,CS_Building,Student_Center,Library"
U0997_12,"CS_Building,Library,Gym,Cafeteria,CS_Building,Student_Center,Library"
U0997_2,"Dorms,Cafeteria,Math_Building,Library,Dorms,CS_Building,Cafeteria,Dorms,Cafeteria,Library,Student_Center,Library,Dorms,Library"
U0997_3,"Dorms,CS_Building,Cafeteria,CS_Building,Student_Center"
U0997_4,"Dorms,Cafeteria,Math_Building,Library,Gym,Cafeteria,Dorms,Cafeteria,Math_Building,Library,Cafeteria"
U0997_5,"Dorms,Cafeteria,CS_Building,Student_Center,Dorms,Cafeteria"
U0997_6,"Dorms,Cafeteria,CS_Building,CS_Building,Library,Gym,Cafeteria"
U0997_7,"Dorms,Library,Dorms,Cafeteria,CS_Building,Cafeteria"
U0997_8,"Dorms,Math_Building,Cafeteria,CS_Building,Cafeteria,Math_Building"
U0997_9,"Dorms,Library,Gym,Dorms,Library,Gym"
U0998_1,"Math_Building,Dorms,Cafeteria,Student_Center,Dorms,CS_Building,Library,Dorms"
U0998_10,"Dorms,Cafeteria,Math_Building,Student_Center"
U0998_11,"Dorms,Cafeteria,Math_Building,Cafeteria,Math_Building"
U0998_12,"Dorms,Math_Building,Dorms"
U0998_13,"Dorms,Cafeteria,CS_Building,Dorms"
U0998_14,"CS_Building,Student_Center,Dorms,Math_Building,Dorms"
U0998_15,"Dorms,Cafeteria,Library,Cafeteria,CS_Building,Cafeteria,Library"
U0998_2,"Dorms,CS_Building,Library,Student_Center"
U0998_3,"Student_Center,Dorms,Math_Building,Dorms,Math_Building"
U0998_4,"Dorms,CS_Building,Cafeteria,Math_Building,Cafeteria,Math_Building,Library,Cafeteria"
U0998_5,"Dorms,Cafeteria,Math_Building,Student_Center,Library"
U0998_6,"Dorms,CS_Building,Student_Center,Gym,Dorms,Cafeteria,Math_Building,Library"
U0998_7,"Cafeteria,Student_Center,Library,Cafeteria,Math_Building,Dorms,Math_Building,Dorms"
U0998_8,"Dorms,Cafeteria,CS_Building,Dorms,Cafeteria,CS_Building,Cafeteria"
U0998_9,"Dorms,CS_Building,Cafeteria,Math_Building"
U0999_1,"Dorms,CS_Building,Dorms,Cafeteria,CS_Building,Cafeteria,CS_Building,Library"
U0999_10,"Dorms,Cafeteria,CS_Building"
U0999_11,"Dorms,Cafeteria,Student_Center,Gym"
U0999_12,"Dorms,Cafeteria,Math_Building,Cafeteria,Math_Building,Dorms,Math_Building,Student_Center"
U0999_13,"Dorms,Cafeteria,Student_Center"
U0999_14,"Dorms,CS_Building,Student_Center,Dorms,Cafeteria,CS_Building"
U0999_2,"Dorms,Math_Building,Library,Dorms,CS_Building"
U0999_3,"Dorms,Cafeteria,Library"
U0999_4,"Student_Center,Library,Cafeteria,CS_Building"
U0999_5,"Dorms,Math_Building,Cafeteria,Library"
U0999_6,"Dorms,Cafeteria,Library"
U0999_7,"Cafeteria,Math_Building,Cafeteria,Library"
U0999_8,"Dorms,Cafeteria,Student_Center,Gym,Cafeteria,Student_Center,Library"
U0999_9,"Dorms,Math_Building,Library,Gym,Dorms,Cafeteria,Math_Building"
